2025-06-25 12:50:09,007 [INFO] Activator:176 - 


2025-06-25 12:50:09,013 [INFO] Activator:177 - !SESSION log4j initialized
2025-06-25 12:50:14,048 [INFO] LogOutputStream:77 - [STDOUT_REDIRECT] 
2025-06-25 12:50:19,624 [INFO] ApplicationProperties:184 - Using Application install path: D:\Program Files\STM32CubeIDE_1.14.1\STM32CubeIDE\plugins\com.st.stm32cube.common.mx_6.10.0.202311202037
2025-06-25 12:50:19,650 [INFO] DbMcusXml:78 - Set database path to: D:\Program Files\STM32CubeIDE_1.14.1\STM32CubeIDE\plugins\com.st.stm32cube.common.mx_6.10.0.202311202037\\db\/mcu/
2025-06-25 12:50:19,651 [INFO] ApiDb:274 - Set plugin database path to: D:\Program Files\STM32CubeIDE_1.14.1\STM32CubeIDE\plugins\com.st.stm32cube.common.mx_6.10.0.202311202037\\db\/plugins/boardmanager/
2025-06-25 12:50:19,651 [WARN] ApiDb:259 - Overriding images path with different value:  => D:\Program Files\STM32CubeIDE_1.14.1\STM32CubeIDE\plugins\com.st.stm32cube.common.mx_6.10.0.202311202037\\db\/plugins/mcufinder/images/
2025-06-25 12:50:19,664 [INFO] ApiDb:250 - Set database path to: C:\Users\abhim\.stmcufinder\plugins\mcufinder//mcu/
2025-06-25 12:50:19,666 [INFO] DbMcusAds:125 - Set database path to: C:\Users\abhim\.stmcufinder\plugins\mcufinder//mcu/
2025-06-25 12:50:19,669 [INFO] CrossReferenceDbSqlite:203 - Set database path to: C:\Users\abhim\.stmcufinder\plugins\mcufinder//mcu/cs/
2025-06-25 12:50:19,885 [INFO] RulesReader:64 - Compatibility file has been processed (297 Rules)
2025-06-25 12:50:20,007 [INFO] DbMcusXml:78 - Set database path to: D:\Program Files\STM32CubeIDE_1.14.1\STM32CubeIDE\plugins\com.st.stm32cube.common.mx_6.10.0.202311202037\\db\/mcu/
2025-06-25 12:50:20,007 [INFO] ApiDb:274 - Set plugin database path to: D:\Program Files\STM32CubeIDE_1.14.1\STM32CubeIDE\plugins\com.st.stm32cube.common.mx_6.10.0.202311202037\\db\/plugins/boardmanager/
2025-06-25 12:50:20,007 [INFO] ApiDb:261 - Set plugin images path to: D:\Program Files\STM32CubeIDE_1.14.1\STM32CubeIDE\plugins\com.st.stm32cube.common.mx_6.10.0.202311202037\\db\/plugins/mcufinder/images/
2025-06-25 12:50:20,007 [WARN] DbFile:41 - Overriding database path with different value: C:\Users\abhim\.stmcufinder\plugins\mcufinder/ => C:\Users\abhim\.stmcufinder\plugins\mcufinder
2025-06-25 12:50:20,007 [INFO] ApiDb:250 - Set database path to: C:\Users\abhim\.stmcufinder\plugins\mcufinder//mcu/
2025-06-25 12:50:20,007 [WARN] DbFile:41 - Overriding database path with different value: C:\Users\abhim\.stmcufinder\plugins\mcufinder/ => C:\Users\abhim\.stmcufinder\plugins\mcufinder
2025-06-25 12:50:20,007 [INFO] DbMcusAds:125 - Set database path to: C:\Users\abhim\.stmcufinder\plugins\mcufinder//mcu/
2025-06-25 12:50:20,007 [WARN] DbFile:41 - Overriding database path with different value: C:\Users\abhim\.stmcufinder\plugins\mcufinder/ => C:\Users\abhim\.stmcufinder\plugins\mcufinder
2025-06-25 12:50:20,007 [WARN] DbFile:41 - Overriding database path with different value: C:\Users\abhim\.stmcufinder\plugins\mcufinder/ => C:\Users\abhim\.stmcufinder\plugins\mcufinder
2025-06-25 12:50:20,007 [INFO] CrossReferenceDbSqlite:203 - Set database path to: C:\Users\abhim\.stmcufinder\plugins\mcufinder//mcu/cs/
2025-06-25 12:50:20,108 [INFO] MainPanel:264 - HeapMemory: 268435456
2025-06-25 12:50:20,217 [INFO] DbMcusXml:78 - Set database path to: D:\Program Files\STM32CubeIDE_1.14.1\STM32CubeIDE\plugins\com.st.stm32cube.common.mx_6.10.0.202311202037\\db\/mcu/
2025-06-25 12:50:20,217 [INFO] ApiDb:274 - Set plugin database path to: D:\Program Files\STM32CubeIDE_1.14.1\STM32CubeIDE\plugins\com.st.stm32cube.common.mx_6.10.0.202311202037\\db\/plugins/boardmanager/
2025-06-25 12:50:20,217 [INFO] ApiDb:261 - Set plugin images path to: D:\Program Files\STM32CubeIDE_1.14.1\STM32CubeIDE\plugins\com.st.stm32cube.common.mx_6.10.0.202311202037\\db\/plugins/mcufinder/images/
2025-06-25 12:50:20,217 [WARN] DbFile:41 - Overriding database path with different value: C:\Users\abhim\.stmcufinder\plugins\mcufinder/ => C:\Users\abhim\.stmcufinder\plugins\mcufinder
2025-06-25 12:50:20,217 [INFO] ApiDb:250 - Set database path to: C:\Users\abhim\.stmcufinder\plugins\mcufinder//mcu/
2025-06-25 12:50:20,217 [WARN] DbFile:41 - Overriding database path with different value: C:\Users\abhim\.stmcufinder\plugins\mcufinder/ => C:\Users\abhim\.stmcufinder\plugins\mcufinder
2025-06-25 12:50:20,217 [INFO] DbMcusAds:125 - Set database path to: C:\Users\abhim\.stmcufinder\plugins\mcufinder//mcu/
2025-06-25 12:50:20,217 [WARN] DbFile:41 - Overriding database path with different value: C:\Users\abhim\.stmcufinder\plugins\mcufinder/ => C:\Users\abhim\.stmcufinder\plugins\mcufinder
2025-06-25 12:50:20,217 [WARN] DbFile:41 - Overriding database path with different value: C:\Users\abhim\.stmcufinder\plugins\mcufinder/ => C:\Users\abhim\.stmcufinder\plugins\mcufinder
2025-06-25 12:50:20,217 [INFO] CrossReferenceDbSqlite:203 - Set database path to: C:\Users\abhim\.stmcufinder\plugins\mcufinder//mcu/cs/
2025-06-25 12:50:20,269 [INFO] ApplicationProperties:184 - Using Application install path: D:\Program Files\STM32CubeIDE_1.14.1\STM32CubeIDE\plugins\com.st.stm32cube.common.mx_6.10.0.202311202037
2025-06-25 12:50:20,273 [INFO] PluginManage:196 - Search for loadable plugins [exclusion list=, ]
2025-06-25 12:50:20,277 [INFO] PluginManage:310 - Check plugin analytics
2025-06-25 12:50:20,496 [INFO] AnalyticsPlugin:253 - Accepted Software Licenses: 
2025-06-25 12:50:20,496 [INFO] AnalyticsPlugin:255 - Accepted CMSIS Pack Licenses: 
2025-06-25 12:50:20,496 [INFO] AnalyticsPlugin:257 - Accepted Firmware Licenses: FW.G4.1.5.0
2025-06-25 12:50:20,500 [INFO] PluginManage:359 - Loaded plugin analytics (category:tool,tabindex:-1)
2025-06-25 12:50:20,500 [INFO] PluginManage:310 - Check plugin cadmodel
2025-06-25 12:50:20,521 [INFO] CADModel:105 - Init CAD model plugin
2025-06-25 12:50:20,521 [INFO] PluginManage:359 - Loaded plugin cadmodel (category:power,tabindex:5)
2025-06-25 12:50:20,522 [INFO] PluginManage:310 - Check plugin clock
2025-06-25 12:50:20,546 [INFO] PluginManage:359 - Loaded plugin clock (category:base,tabindex:2)
2025-06-25 12:50:20,546 [INFO] PluginManage:310 - Check plugin ddr
2025-06-25 12:50:20,549 [INFO] PluginManage:359 - Loaded plugin ddr (category:tool,tabindex:6)
2025-06-25 12:50:20,549 [INFO] PluginManage:310 - Check plugin filemanager
2025-06-25 12:50:20,745 [INFO] PluginManage:359 - Loaded plugin filemanager (category:base,tabindex:10)
2025-06-25 12:50:20,745 [INFO] PluginManage:310 - Check plugin ipmanager
2025-06-25 12:50:20,754 [INFO] PluginManage:359 - Loaded plugin ipmanager (category:base,tabindex:5)
2025-06-25 12:50:20,754 [INFO] PluginManage:310 - Check plugin lpbam
2025-06-25 12:50:20,771 [INFO] PluginManage:359 - Loaded plugin lpbam (category:base,tabindex:0)
2025-06-25 12:50:20,771 [INFO] PluginManage:310 - Check plugin memorymap
2025-06-25 12:50:20,813 [INFO] PluginManage:359 - Loaded plugin memorymap (category:base,tabindex:4)
2025-06-25 12:50:20,813 [INFO] PluginManage:310 - Check plugin pinoutandconfiguration
2025-06-25 12:50:20,834 [INFO] PluginManage:359 - Loaded plugin pinoutandconfiguration (category:base,tabindex:1)
2025-06-25 12:50:20,834 [INFO] PluginManage:310 - Check plugin pinoutconfig
2025-06-25 12:50:20,988 [WARN] SupportedApi:132 - Cannot load RTOS API schema: s4s-elt-must-match.1: The content of 'definitions' must match (annotation?, (simpleType | complexType)?, (unique | key | keyref)*)). A problem was found starting at: attribute.
2025-06-25 12:50:21,122 [INFO] PluginManage:359 - Loaded plugin pinoutconfig (category:base,tabindex:0)
2025-06-25 12:50:21,122 [INFO] PluginManage:310 - Check plugin power
2025-06-25 12:50:21,147 [INFO] PluginManage:359 - Loaded plugin power (category:power,tabindex:4)
2025-06-25 12:50:21,148 [INFO] PluginManage:310 - Check plugin projectmanager
2025-06-25 12:50:21,168 [INFO] PluginManage:359 - Loaded plugin projectmanager (category:projectmanager,tabindex:3)
2025-06-25 12:50:21,169 [INFO] PluginManage:310 - Check plugin thirdparty
2025-06-25 12:50:21,629 [INFO] PluginManage:359 - Loaded plugin thirdparty (category:base,tabindex:-1)
2025-06-25 12:50:21,629 [WARN] IntegrityCheckThread:84 - waiting for thirdparty lock release [integrity check]
2025-06-25 12:50:21,629 [INFO] IntegrityCheckThread:86 - entering critical section [integrity check]
2025-06-25 12:50:21,629 [INFO] PluginManage:310 - Check plugin tools
2025-06-25 12:50:21,632 [INFO] ThirdPartyUpdaterWithRetryManager:70 - Updater plugin not ready yet. [1/15]
2025-06-25 12:50:21,663 [INFO] PluginManage:359 - Loaded plugin tools (category:base,tabindex:7)
2025-06-25 12:50:21,663 [INFO] PluginManage:310 - Check plugin tutovideos
2025-06-25 12:50:22,081 [INFO] PluginManage:359 - Loaded plugin tutovideos (category:base,tabindex:-1)
2025-06-25 12:50:22,081 [INFO] PluginManage:310 - Check plugin updater
2025-06-25 12:50:22,103 [INFO] PluginManage:359 - Loaded plugin updater (category:base,tabindex:12)
2025-06-25 12:50:22,103 [INFO] PluginManage:310 - Check plugin userauth
2025-06-25 12:50:22,119 [INFO] UserAuth:114 - Init User Auth plugin
2025-06-25 12:50:22,119 [INFO] PluginManage:359 - Loaded plugin userauth (category:base,tabindex:14)
2025-06-25 12:50:22,119 [INFO] PluginManage:283 - PluginManage : Loaded plugins [17]
2025-06-25 12:50:22,533 [INFO] PinOutPanel:1499 - setPackage(No Configuration,No Configuration)
2025-06-25 12:50:22,670 [INFO] CADModel:165 - CPN selected for project level
2025-06-25 12:50:22,670 [INFO] CADModel:114 - Register for checkConnection events
2025-06-25 12:50:22,718 [INFO] IPUIPlugin:80 - create IPUIPlugin
2025-06-25 12:50:22,718 [INFO] PluginManager:220 - loadIPPluginJar : add adc
2025-06-25 12:50:22,750 [INFO] IPUIPlugin:80 - create IPUIPlugin
2025-06-25 12:50:22,750 [INFO] PluginManager:220 - loadIPPluginJar : add aes
2025-06-25 12:50:22,841 [INFO] IPUIPlugin:80 - create IPUIPlugin
2025-06-25 12:50:22,841 [INFO] PluginManager:220 - loadIPPluginJar : add can
2025-06-25 12:50:22,877 [INFO] IPUIPlugin:80 - create IPUIPlugin
2025-06-25 12:50:22,877 [INFO] PluginManager:220 - loadIPPluginJar : add comp
2025-06-25 12:50:22,935 [INFO] IPUIPlugin:80 - create IPUIPlugin
2025-06-25 12:50:22,935 [INFO] PluginManager:220 - loadIPPluginJar : add cryp
2025-06-25 12:50:22,966 [INFO] IPUIPlugin:80 - create IPUIPlugin
2025-06-25 12:50:22,966 [INFO] PluginManager:220 - loadIPPluginJar : add dfsdm
2025-06-25 12:50:22,998 [INFO] IPUIPlugin:80 - create IPUIPlugin
2025-06-25 12:50:22,998 [INFO] PluginManager:220 - loadIPPluginJar : add dma
2025-06-25 12:50:23,084 [INFO] IPUIPlugin:80 - create IPUIPlugin
2025-06-25 12:50:23,085 [INFO] PluginManager:220 - loadIPPluginJar : add dma3
2025-06-25 12:50:23,132 [INFO] IPUIPlugin:80 - create IPUIPlugin
2025-06-25 12:50:23,133 [INFO] PluginManager:220 - loadIPPluginJar : add fatfs
2025-06-25 12:50:23,215 [INFO] IPUIPlugin:80 - create IPUIPlugin
2025-06-25 12:50:23,215 [INFO] PluginManager:220 - loadIPPluginJar : add fmc
2025-06-25 12:50:23,246 [INFO] IPUIPlugin:80 - create IPUIPlugin
2025-06-25 12:50:23,246 [INFO] PluginManager:220 - loadIPPluginJar : add freertos
2025-06-25 12:50:23,266 [INFO] IPUIPlugin:80 - create IPUIPlugin
2025-06-25 12:50:23,266 [INFO] PluginManager:220 - loadIPPluginJar : add genericplugin
2025-06-25 12:50:23,481 [INFO] IPUIPlugin:80 - create IPUIPlugin
2025-06-25 12:50:23,481 [INFO] PluginManager:220 - loadIPPluginJar : add gfxmmu
2025-06-25 12:50:23,768 [INFO] IPUIPlugin:80 - create IPUIPlugin
2025-06-25 12:50:23,769 [INFO] PluginManager:220 - loadIPPluginJar : add gic
2025-06-25 12:50:23,795 [INFO] IPUIPlugin:80 - create IPUIPlugin
2025-06-25 12:50:23,795 [INFO] PluginManager:220 - loadIPPluginJar : add gpio
2025-06-25 12:50:23,912 [INFO] IPUIPlugin:80 - create IPUIPlugin
2025-06-25 12:50:23,912 [INFO] PluginManager:220 - loadIPPluginJar : add gtzc
2025-06-25 12:50:23,979 [INFO] IPUIPlugin:80 - create IPUIPlugin
2025-06-25 12:50:23,979 [INFO] PluginManager:220 - loadIPPluginJar : add hash
2025-06-25 12:50:24,112 [INFO] IPUIPlugin:80 - create IPUIPlugin
2025-06-25 12:50:24,112 [INFO] PluginManager:220 - loadIPPluginJar : add i2c
2025-06-25 12:50:24,190 [INFO] IPUIPlugin:80 - create IPUIPlugin
2025-06-25 12:50:24,190 [INFO] PluginManager:220 - loadIPPluginJar : add i2s
2025-06-25 12:50:24,254 [INFO] IPUIPlugin:80 - create IPUIPlugin
2025-06-25 12:50:24,254 [INFO] PluginManager:220 - loadIPPluginJar : add i3c
2025-06-25 12:50:24,446 [INFO] IPUIPlugin:80 - create IPUIPlugin
2025-06-25 12:50:24,446 [INFO] PluginManager:220 - loadIPPluginJar : add ipddr
2025-06-25 12:50:24,632 [INFO] ThirdPartyUpdaterWithRetryManager:70 - Updater plugin not ready yet. [2/15]
2025-06-25 12:50:24,670 [INFO] IPUIPlugin:80 - create IPUIPlugin
2025-06-25 12:50:24,670 [INFO] PluginManager:220 - loadIPPluginJar : add linkedlist
2025-06-25 12:50:24,747 [INFO] IPUIPlugin:80 - create IPUIPlugin
2025-06-25 12:50:24,747 [INFO] PluginManager:220 - loadIPPluginJar : add lorawan
2025-06-25 12:50:24,799 [INFO] IPUIPlugin:80 - create IPUIPlugin
2025-06-25 12:50:24,800 [INFO] PluginManager:220 - loadIPPluginJar : add ltdc
2025-06-25 12:50:24,818 [INFO] IPUIPlugin:80 - create IPUIPlugin
2025-06-25 12:50:24,818 [INFO] PluginManager:220 - loadIPPluginJar : add mdma
2025-06-25 12:50:24,837 [INFO] IPUIPlugin:80 - create IPUIPlugin
2025-06-25 12:50:24,838 [INFO] PluginManager:220 - loadIPPluginJar : add nvic
2025-06-25 12:50:24,942 [INFO] IPUIPlugin:80 - create IPUIPlugin
2025-06-25 12:50:24,942 [INFO] PluginManager:220 - loadIPPluginJar : add opamp
2025-06-25 12:50:25,046 [INFO] IPUIPlugin:80 - create IPUIPlugin
2025-06-25 12:50:25,046 [INFO] PluginManager:220 - loadIPPluginJar : add openamp
2025-06-25 12:50:25,169 [INFO] IPUIPlugin:80 - create IPUIPlugin
2025-06-25 12:50:25,169 [INFO] PluginManager:220 - loadIPPluginJar : add pdm2pcm
2025-06-25 12:50:25,197 [INFO] IPUIPlugin:80 - create IPUIPlugin
2025-06-25 12:50:25,199 [INFO] PluginManager:220 - loadIPPluginJar : add plateformsettings
2025-06-25 12:50:25,230 [INFO] IPUIPlugin:80 - create IPUIPlugin
2025-06-25 12:50:25,230 [INFO] PluginManager:220 - loadIPPluginJar : add quadspi
2025-06-25 12:50:25,261 [INFO] IPUIPlugin:80 - create IPUIPlugin
2025-06-25 12:50:25,263 [INFO] PluginManager:220 - loadIPPluginJar : add resmgrutility
2025-06-25 12:50:25,324 [INFO] IPUIPlugin:80 - create IPUIPlugin
2025-06-25 12:50:25,324 [INFO] PluginManager:220 - loadIPPluginJar : add sai
2025-06-25 12:50:25,388 [INFO] IPUIPlugin:80 - create IPUIPlugin
2025-06-25 12:50:25,388 [INFO] PluginManager:220 - loadIPPluginJar : add spi
2025-06-25 12:50:25,538 [INFO] IPUIPlugin:80 - create IPUIPlugin
2025-06-25 12:50:25,538 [INFO] PluginManager:220 - loadIPPluginJar : add stm32_wpan
2025-06-25 12:50:25,565 [INFO] IPUIPlugin:80 - create IPUIPlugin
2025-06-25 12:50:25,565 [INFO] PluginManager:220 - loadIPPluginJar : add tim
2025-06-25 12:50:25,686 [INFO] IPUIPlugin:80 - create IPUIPlugin
2025-06-25 12:50:25,686 [INFO] PluginManager:220 - loadIPPluginJar : add touchsensing
2025-06-25 12:50:25,731 [INFO] IPUIPlugin:80 - create IPUIPlugin
2025-06-25 12:50:25,731 [INFO] PluginManager:220 - loadIPPluginJar : add tracer_emb
2025-06-25 12:50:25,781 [INFO] IPUIPlugin:80 - create IPUIPlugin
2025-06-25 12:50:25,781 [INFO] PluginManager:220 - loadIPPluginJar : add ts
2025-06-25 12:50:25,831 [INFO] IPUIPlugin:80 - create IPUIPlugin
2025-06-25 12:50:25,831 [INFO] PluginManager:220 - loadIPPluginJar : add tsc
2025-06-25 12:50:25,881 [INFO] IPUIPlugin:80 - create IPUIPlugin
2025-06-25 12:50:25,881 [INFO] PluginManager:220 - loadIPPluginJar : add ucpd
2025-06-25 12:50:25,997 [INFO] IPUIPlugin:80 - create IPUIPlugin
2025-06-25 12:50:25,997 [INFO] PluginManager:220 - loadIPPluginJar : add usart
2025-06-25 12:50:26,063 [INFO] IPUIPlugin:80 - create IPUIPlugin
2025-06-25 12:50:26,065 [INFO] PluginManager:220 - loadIPPluginJar : add usbx
2025-06-25 12:50:26,223 [INFO] CADModel:165 - CPN selected for project level
2025-06-25 12:50:26,223 [INFO] CADModel:114 - Register for checkConnection events
2025-06-25 12:50:26,223 [FATAL] Updater:308 - Updater called before beeing initialized
2025-06-25 12:50:26,223 [ERROR] CADModel:125 - Updater not yet initialized, retry later 
2025-06-25 12:50:26,399 [INFO] CADModel:165 - CPN selected for project level
2025-06-25 12:50:26,399 [INFO] CADModel:114 - Register for checkConnection events
2025-06-25 12:50:26,399 [FATAL] Updater:308 - Updater called before beeing initialized
2025-06-25 12:50:26,399 [ERROR] CADModel:125 - Updater not yet initialized, retry later 
2025-06-25 12:50:26,404 [FATAL] Updater:308 - Updater called before beeing initialized
2025-06-25 12:50:26,549 [FATAL] Updater:308 - Updater called before beeing initialized
2025-06-25 12:50:26,566 [INFO] DbMcusAds:53 - JSON generation date=Wed May 07 11:07:55 CEST 2025 (1746608875484)
2025-06-25 12:50:26,566 [FATAL] Updater:308 - Updater called before beeing initialized
2025-06-25 12:50:26,695 [WARN] DetailPanel:346 - Failed to get advertising image, set to default
2025-06-25 12:50:26,823 [FATAL] Updater:308 - Updater called before beeing initialized
2025-06-25 12:50:26,823 [FATAL] Updater:308 - Updater called before beeing initialized
2025-06-25 12:50:26,823 [FATAL] Updater:308 - Updater called before beeing initialized
2025-06-25 12:50:26,823 [WARN] DetailPanel:346 - Failed to get advertising image, set to default
2025-06-25 12:50:26,823 [FATAL] Updater:308 - Updater called before beeing initialized
2025-06-25 12:50:26,913 [ERROR] Updater:1120 - MainUpdater not yet initialized. External WinMGr cannot be set.
2025-06-25 12:50:26,928 [INFO] Updater:1056 - Updater Version found : 6.10.0
2025-06-25 12:50:26,970 [INFO] ApplicationProperties:184 - Using Application install path: D:\Program Files\STM32CubeIDE_1.14.1\STM32CubeIDE\plugins\com.st.stm32cube.common.mx_6.10.0.202311202037
2025-06-25 12:50:27,640 [INFO] ThirdPartyUpdaterWithRetryManager:70 - Updater plugin not ready yet. [3/15]
2025-06-25 12:50:28,579 [ERROR] LogOutputStream:75 - [STDERR_REDIRECT] Jun 25, 2025 12:50:28 PM java.util.prefs.WindowsPreferences <init>
2025-06-25 12:50:28,595 [ERROR] LogOutputStream:75 - [STDERR_REDIRECT] WARNING: Could not open/create prefs root node Software\JavaSoft\Prefs at root 0xffffffff80000002. Windows RegCreateKeyEx(...) returned error code 5.
2025-06-25 12:50:28,595 [ERROR] LogOutputStream:75 - [STDERR_REDIRECT] 
2025-06-25 12:50:29,028 [INFO] MainUpdater:2873 - connection check result : 10
2025-06-25 12:50:29,029 [INFO] MainUpdater:290 - Updater Check For Update Now.
2025-06-25 12:50:29,029 [INFO] MicroXplorer:498 - Change Database Version : DB.6.0.100
2025-06-25 12:50:29,057 [INFO] McuFinderGlobals:63 - Set McuFinder mode to 2 (CubeIDE integrated)
2025-06-25 12:50:29,295 [INFO] UserAuth:404 - Internet connection configuration mode: 1
2025-06-25 12:50:29,314 [INFO] CheckServerUpdateThread:120 - End of CheckServer Thread
2025-06-25 12:50:29,345 [INFO] JxBrowserEngine:152 - Initiate JxBrowser Engine with user profile folder
2025-06-25 12:50:31,059 [WARN] PackLoader:240 - Cannot read IP mode file for STMicroelectronics.FP-SNS-MOTENVWB1.1.4.0
2025-06-25 12:50:31,093 [WARN] PackLoader:240 - Cannot read IP mode file for STMicroelectronics.FP-ATR-ASTRA1.2.0.2
2025-06-25 12:50:31,125 [WARN] PackLoader:240 - Cannot read IP mode file for STMicroelectronics.X-CUBE-SMBUS.2.1.0
2025-06-25 12:50:31,153 [WARN] PackLoader:240 - Cannot read IP mode file for STMicroelectronics.X-CUBE-WB05N.1.1.0
2025-06-25 12:50:31,173 [WARN] PackLoader:240 - Cannot read IP mode file for STMicroelectronics.X-CUBE-TOUCHGFX.4.23.0
2025-06-25 12:50:31,232 [WARN] PackLoader:240 - Cannot read IP mode file for STMicroelectronics.X-CUBE-AZRTOS-F7.1.1.0
2025-06-25 12:50:31,268 [WARN] PackLoader:240 - Cannot read IP mode file for STMicroelectronics.FP-SNS-MOTENV1.4.3.2
2025-06-25 12:50:31,367 [WARN] PackLoader:240 - Cannot read IP mode file for STMicroelectronics.X-CUBE-MEMS1.11.0.0
2025-06-25 12:50:31,541 [WARN] PackLoader:240 - Cannot read IP mode file for STMicroelectronics.FP-SNS-FLIGHT1.5.0.2
2025-06-25 12:50:31,563 [WARN] PackLoader:240 - Cannot read IP mode file for STMicroelectronics.X-CUBE-DISPLAY.3.0.0
2025-06-25 12:50:31,593 [WARN] PackLoader:240 - Cannot read IP mode file for STMicroelectronics.X-CUBE-BLE1.7.0.0
2025-06-25 12:50:31,638 [WARN] PackLoader:240 - Cannot read IP mode file for STMicroelectronics.X-CUBE-NFC10.1.0.0
2025-06-25 12:50:31,677 [WARN] PackLoader:240 - Cannot read IP mode file for STMicroelectronics.X-CUBE-BLEMGR.4.0.0
2025-06-25 12:50:31,703 [WARN] PackLoader:240 - Cannot read IP mode file for emotas.I-CUBE-CANOPEN.1.3.0
2025-06-25 12:50:31,720 [WARN] ConditionMgr:438 - getConditionDescription Invalid condition id : Cortex-A Device cause : null
2025-06-25 12:50:31,750 [WARN] ConditionMgr:1039 - genDependencies : Invalid condition id : Cortex-A Device cause : null
2025-06-25 12:50:31,750 [WARN] ConditionMgr:1039 - genDependencies : Invalid condition id : Cortex-A Device cause : null
2025-06-25 12:50:31,750 [WARN] ConditionMgr:1039 - genDependencies : Invalid condition id : Cortex-A Device cause : null
2025-06-25 12:50:31,773 [WARN] PackLoader:240 - Cannot read IP mode file for STMicroelectronics.X-CUBE-BLEMGR.3.1.0
2025-06-25 12:50:31,795 [WARN] PackLoader:240 - Cannot read IP mode file for STMicroelectronics.X-CUBE-AI.10.0.0
2025-06-25 12:50:31,809 [WARN] PackLoader:240 - Cannot read IP mode file for STMicroelectronics.FP-SNS-SMARTAG2.1.2.0
2025-06-25 12:50:31,827 [ERROR] Engine:466 - C:\Users\abhim\.stm32cubemx\thirdparties\pdsc\STMicroelectronics.FP-SNS-FLIGHT1.5.1.0.pdsc: PDSC version is not supported
2025-06-25 12:50:31,884 [WARN] PackLoader:240 - Cannot read IP mode file for STMicroelectronics.X-CUBE-MEMS1.11.1.0
2025-06-25 12:50:32,046 [INFO] LogOutputStream:77 - [STDOUT_REDIRECT] 1 : Invalid condition id : UX_CORESTACK_Condition cause : null
2025-06-25 12:50:32,048 [INFO] LogOutputStream:77 - [STDOUT_REDIRECT] 1 : Invalid condition id : UX_CORESTACK_Condition cause : null
2025-06-25 12:50:32,048 [INFO] LogOutputStream:77 - [STDOUT_REDIRECT] 1 : Invalid condition id : UX_CORESTACK_Condition cause : null
2025-06-25 12:50:32,050 [INFO] LogOutputStream:77 - [STDOUT_REDIRECT] 1 : Invalid condition id : UX_CORESTACK_Condition cause : null
2025-06-25 12:50:32,050 [INFO] LogOutputStream:77 - [STDOUT_REDIRECT] 1 : Invalid condition id : UX_CORESTACK_Condition cause : null
2025-06-25 12:50:32,054 [WARN] PackLoader:240 - Cannot read IP mode file for STMicroelectronics.X-CUBE-AZRTOS-WL.2.0.0
2025-06-25 12:50:32,092 [WARN] PackLoader:240 - Cannot read IP mode file for STMicroelectronics.FP-SNS-MOTENV1.5.0.0
2025-06-25 12:50:32,116 [WARN] PackLoader:240 - Cannot read IP mode file for wolfSSL.I-CUBE-wolfMQTT.1.19.0
2025-06-25 12:50:32,165 [WARN] PackLoader:240 - Cannot read IP mode file for WES.I-CUBE-Cesium.1.3.0
2025-06-25 12:50:32,190 [WARN] PackLoader:240 - Cannot read IP mode file for STMicroelectronics.X-CUBE-BLE2.3.3.0
2025-06-25 12:50:32,215 [WARN] PackLoader:240 - Cannot read IP mode file for STMicroelectronics.X-CUBE-NFC9.1.0.0
2025-06-25 12:50:32,240 [WARN] PackLoader:240 - Cannot read IP mode file for STMicroelectronics.X-CUBE-BLE1.7.1.0
2025-06-25 12:50:32,265 [WARN] PackLoader:240 - Cannot read IP mode file for STMicroelectronics.X-CUBE-TCPP.4.1.0
2025-06-25 12:50:32,286 [WARN] PackLoader:240 - Cannot read IP mode file for STMicroelectronics.X-CUBE-AI.10.1.0
2025-06-25 12:50:32,307 [WARN] PackLoader:240 - Cannot read IP mode file for STMicroelectronics.X-CUBE-ALGOBUILD.1.3.0
2025-06-25 12:50:32,379 [WARN] PackLoader:240 - Cannot read IP mode file for STMicroelectronics.X-CUBE-MEMS1.11.2.0
2025-06-25 12:50:32,513 [WARN] PackLoader:240 - Cannot read IP mode file for STMicroelectronics.X-CUBE-AZRTOS-G0.1.1.0
2025-06-25 12:50:32,545 [WARN] PackLoader:240 - Cannot read IP mode file for STMicroelectronics.X-CUBE-SAFEA1.1.2.2
2025-06-25 12:50:32,561 [WARN] PackLoader:240 - Cannot read IP mode file for STMicroelectronics.X-CUBE-NFC4.3.0.0
2025-06-25 12:50:32,594 [WARN] PackLoader:240 - Cannot read IP mode file for EmbeddedOffice.I-CUBE-FS-RTOS.1.0.1
2025-06-25 12:50:32,594 [ERROR] ConditionMgr:805 - Attr not supported : Dmpu
2025-06-25 12:50:32,594 [ERROR] ConditionMgr:805 - Attr not supported : Dmpu
2025-06-25 12:50:32,594 [ERROR] ConditionMgr:805 - Attr not supported : Dmpu
2025-06-25 12:50:32,594 [ERROR] ConditionMgr:805 - Attr not supported : Dmpu
2025-06-25 12:50:32,594 [ERROR] ConditionMgr:805 - Attr not supported : Dmpu
2025-06-25 12:50:32,594 [ERROR] ConditionMgr:805 - Attr not supported : Dmpu
2025-06-25 12:50:32,594 [ERROR] ConditionMgr:805 - Attr not supported : Dmpu
2025-06-25 12:50:32,594 [ERROR] ConditionMgr:805 - Attr not supported : Dmpu
2025-06-25 12:50:32,594 [ERROR] ConditionMgr:805 - Attr not supported : Dmpu
2025-06-25 12:50:32,594 [ERROR] ConditionMgr:805 - Attr not supported : Dmpu
2025-06-25 12:50:32,594 [ERROR] ConditionMgr:805 - Attr not supported : Dmpu
2025-06-25 12:50:32,594 [ERROR] ConditionMgr:805 - Attr not supported : Dmpu
2025-06-25 12:50:32,596 [ERROR] ConditionMgr:805 - Attr not supported : Dmpu
2025-06-25 12:50:32,596 [ERROR] ConditionMgr:805 - Attr not supported : Dmpu
2025-06-25 12:50:32,596 [ERROR] ConditionMgr:805 - Attr not supported : Dmpu
2025-06-25 12:50:32,596 [ERROR] ConditionMgr:805 - Attr not supported : Dmpu
2025-06-25 12:50:32,596 [ERROR] ConditionMgr:805 - Attr not supported : Dmpu
2025-06-25 12:50:32,596 [ERROR] ConditionMgr:805 - Attr not supported : Dmpu
2025-06-25 12:50:32,596 [ERROR] ConditionMgr:805 - Attr not supported : Dmpu
2025-06-25 12:50:32,596 [ERROR] ConditionMgr:805 - Attr not supported : Dmpu
2025-06-25 12:50:32,596 [ERROR] ConditionMgr:805 - Attr not supported : Dmpu
2025-06-25 12:50:32,596 [ERROR] ConditionMgr:805 - Attr not supported : Dmpu
2025-06-25 12:50:32,596 [ERROR] ConditionMgr:805 - Attr not supported : Dmpu
2025-06-25 12:50:32,598 [ERROR] ConditionMgr:805 - Attr not supported : Dmpu
2025-06-25 12:50:32,599 [ERROR] ConditionMgr:805 - Attr not supported : Dmpu
2025-06-25 12:50:32,599 [ERROR] ConditionMgr:805 - Attr not supported : Dmpu
2025-06-25 12:50:32,599 [ERROR] ConditionMgr:805 - Attr not supported : Dmpu
2025-06-25 12:50:32,599 [ERROR] ConditionMgr:805 - Attr not supported : Dmpu
2025-06-25 12:50:32,599 [ERROR] ConditionMgr:805 - Attr not supported : Dmpu
2025-06-25 12:50:32,600 [ERROR] ConditionMgr:805 - Attr not supported : Dmpu
2025-06-25 12:50:32,600 [ERROR] ConditionMgr:805 - Attr not supported : Dmpu
2025-06-25 12:50:32,600 [ERROR] ConditionMgr:805 - Attr not supported : Dmpu
2025-06-25 12:50:32,600 [ERROR] ConditionMgr:805 - Attr not supported : Dmpu
2025-06-25 12:50:32,602 [ERROR] ConditionMgr:805 - Attr not supported : Dmpu
2025-06-25 12:50:32,602 [ERROR] ConditionMgr:805 - Attr not supported : Dmpu
2025-06-25 12:50:32,602 [ERROR] ConditionMgr:805 - Attr not supported : Dmpu
2025-06-25 12:50:32,602 [ERROR] ConditionMgr:805 - Attr not supported : Dmpu
2025-06-25 12:50:32,602 [ERROR] ConditionMgr:805 - Attr not supported : Dmpu
2025-06-25 12:50:32,602 [ERROR] ConditionMgr:805 - Attr not supported : Dmpu
2025-06-25 12:50:32,602 [ERROR] ConditionMgr:805 - Attr not supported : Dmpu
2025-06-25 12:50:32,602 [ERROR] ConditionMgr:805 - Attr not supported : Dmpu
2025-06-25 12:50:32,602 [ERROR] ConditionMgr:805 - Attr not supported : Dmpu
2025-06-25 12:50:32,602 [ERROR] ConditionMgr:805 - Attr not supported : Dmpu
2025-06-25 12:50:32,602 [ERROR] ConditionMgr:805 - Attr not supported : Dmpu
2025-06-25 12:50:32,602 [ERROR] ConditionMgr:805 - Attr not supported : Dmpu
2025-06-25 12:50:32,602 [ERROR] ConditionMgr:805 - Attr not supported : Dmpu
2025-06-25 12:50:32,602 [ERROR] ConditionMgr:805 - Attr not supported : Dmpu
2025-06-25 12:50:32,602 [ERROR] ConditionMgr:805 - Attr not supported : Dmpu
2025-06-25 12:50:32,602 [ERROR] ConditionMgr:805 - Attr not supported : Dmpu
2025-06-25 12:50:32,602 [ERROR] ConditionMgr:805 - Attr not supported : Dmpu
2025-06-25 12:50:32,602 [ERROR] ConditionMgr:805 - Attr not supported : Dmpu
2025-06-25 12:50:32,602 [ERROR] ConditionMgr:805 - Attr not supported : Dmpu
2025-06-25 12:50:32,602 [ERROR] ConditionMgr:805 - Attr not supported : Dmpu
2025-06-25 12:50:32,602 [ERROR] ConditionMgr:805 - Attr not supported : Dmpu
2025-06-25 12:50:32,602 [ERROR] ConditionMgr:805 - Attr not supported : Dmpu
2025-06-25 12:50:32,602 [ERROR] ConditionMgr:805 - Attr not supported : Dmpu
2025-06-25 12:50:32,602 [ERROR] ConditionMgr:805 - Attr not supported : Dmpu
2025-06-25 12:50:32,602 [ERROR] ConditionMgr:805 - Attr not supported : Dmpu
2025-06-25 12:50:32,602 [ERROR] ConditionMgr:805 - Attr not supported : Dmpu
2025-06-25 12:50:32,602 [ERROR] ConditionMgr:805 - Attr not supported : Dmpu
2025-06-25 12:50:32,604 [ERROR] ConditionMgr:805 - Attr not supported : Dmpu
2025-06-25 12:50:32,604 [ERROR] ConditionMgr:805 - Attr not supported : Dmpu
2025-06-25 12:50:32,604 [ERROR] ConditionMgr:805 - Attr not supported : Dmpu
2025-06-25 12:50:32,604 [ERROR] ConditionMgr:805 - Attr not supported : Dmpu
2025-06-25 12:50:32,628 [WARN] PackLoader:240 - Cannot read IP mode file for STMicroelectronics.X-CUBE-WB05N.2.0.0
2025-06-25 12:50:32,648 [ERROR] Engine:466 - C:\Users\abhim\.stm32cubemx\thirdparties\pdsc\STMicroelectronics.X-CUBE-TCPP.4.2.0.pdsc: PDSC version is not supported
2025-06-25 12:50:32,671 [WARN] PackLoader:240 - Cannot read IP mode file for RealThread.X-CUBE-RT-Thread_Nano.4.1.1
2025-06-25 12:50:32,696 [WARN] PackLoader:240 - Cannot read IP mode file for STMicroelectronics.FP-ATR-SIGFOX1.3.2.0
2025-06-25 12:50:32,716 [WARN] PackLoader:240 - Cannot read IP mode file for STMicroelectronics.X-CUBE-EEPRMA1.5.1.0
2025-06-25 12:50:32,735 [ERROR] Engine:466 - C:\Users\abhim\.stm32cubemx\thirdparties\pdsc\STMicroelectronics.X-CUBE-ST67W61.1.0.0.pdsc: PDSC version is not supported
2025-06-25 12:50:32,787 [WARN] PackLoader:240 - Cannot read IP mode file for SEGGER.I-CUBE-embOS.1.3.1
2025-06-25 12:50:32,833 [WARN] PackLoader:240 - Cannot read IP mode file for STMicroelectronics.X-CUBE-ALGOBUILD.1.4.0
2025-06-25 12:50:32,885 [WARN] PackLoader:240 - Cannot read IP mode file for STMicroelectronics.X-CUBE-MEMS1.11.3.0
2025-06-25 12:50:33,045 [WARN] PackLoader:240 - Cannot read IP mode file for STMicroelectronics.X-CUBE-AI.9.1.0
2025-06-25 12:50:33,064 [WARN] PackLoader:240 - Cannot read IP mode file for STMicroelectronics.X-CUBE-PM33A1.1.0.0
2025-06-25 12:50:33,081 [WARN] PackLoader:240 - Cannot read IP mode file for STMicroelectronics.X-CUBE-GNSS1.6.0.0
2025-06-25 12:50:33,132 [WARN] PackLoader:240 - Cannot read IP mode file for STMicroelectronics.X-CUBE-AZRTOS-F4.1.1.0
2025-06-25 12:50:33,161 [ERROR] Engine:466 - C:\Users\abhim\.stm32cubemx\thirdparties\pdsc\Avnet-IotConnect.X-CUBE-IoTC-DA16k-PMOD.1.0.0.pdsc: PDSC version is not supported
2025-06-25 12:50:33,181 [WARN] PackLoader:240 - Cannot read IP mode file for STMicroelectronics.X-CUBE-ISPU.2.1.0
2025-06-25 12:50:33,279 [WARN] PackLoader:240 - Cannot read IP mode file for STMicroelectronics.X-CUBE-FREERTOS.1.2.0
2025-06-25 12:50:33,297 [WARN] PackLoader:240 - Cannot read IP mode file for wolfSSL.I-CUBE-wolfSSL.5.6.6
2025-06-25 12:50:33,348 [WARN] PackLoader:240 - Cannot read IP mode file for STMicroelectronics.X-CUBE-AZRTOS-L5.2.0.0
2025-06-25 12:50:33,382 [WARN] PackLoader:240 - Cannot read IP mode file for STMicroelectronics.X-CUBE-NFC6.3.1.0
2025-06-25 12:50:33,430 [WARN] PackLoader:240 - Cannot read IP mode file for ITTIA_DB.I-CUBE-ITTIADB.8.8.0
2025-06-25 12:50:33,562 [WARN] PackLoader:240 - Cannot read IP mode file for STMicroelectronics.X-CUBE-DPower.1.2.0
2025-06-25 12:50:33,583 [WARN] PackLoader:240 - Cannot read IP mode file for STMicroelectronics.X-CUBE-FREERTOS.1.3.1
2025-06-25 12:50:33,599 [WARN] PackLoader:240 - Cannot read IP mode file for STMicroelectronics.X-CUBE-FREERTOS.1.3.0
2025-06-25 12:50:33,624 [WARN] PackLoader:240 - Cannot read IP mode file for STMicroelectronics.X-CUBE-NFC7.1.0.1
2025-06-25 12:50:33,644 [WARN] PackLoader:240 - Cannot read IP mode file for STMicroelectronics.X-CUBE-NFC6.3.0.0
2025-06-25 12:50:33,667 [WARN] PackLoader:240 - Cannot read IP mode file for STMicroelectronics.X-CUBE-DPower.1.3.0
2025-06-25 12:50:33,689 [WARN] PackLoader:240 - Cannot read IP mode file for STMicroelectronics.X-CUBE-AI.8.1.0
2025-06-25 12:50:33,842 [WARN] ConditionMgr:438 - getConditionDescription Invalid condition id : LAN8742 Phy interface Condition cause : null
2025-06-25 12:50:33,842 [WARN] PackLoader:240 - Cannot read IP mode file for STMicroelectronics.X-CUBE-AZRTOS-L4.2.0.0
2025-06-25 12:50:33,844 [WARN] ConditionMgr:1039 - genDependencies : Invalid condition id : LAN8742 Phy interface Condition cause : null
2025-06-25 12:50:33,844 [WARN] ConditionMgr:1039 - genDependencies : Invalid condition id : LAN8742 Phy interface Condition cause : null
2025-06-25 12:50:33,846 [WARN] ConditionMgr:1039 - genDependencies : Invalid condition id : LAN8742 Phy interface Condition cause : null
2025-06-25 12:50:33,869 [WARN] PackLoader:240 - Cannot read IP mode file for STMicroelectronics.X-CUBE-SFXS2LP1.4.0.0
2025-06-25 12:50:33,896 [WARN] PackLoader:240 - Cannot read IP mode file for STMicroelectronics.X-CUBE-AZRTOS-H7.3.3.0
2025-06-25 12:50:33,928 [WARN] PackLoader:240 - Cannot read IP mode file for STMicroelectronics.X-CUBE-IPS.3.0.0
2025-06-25 12:50:34,043 [WARN] ConditionMgr:438 - getConditionDescription Invalid condition id : UX DEVICE CLASS RTOS Condition cause : null
2025-06-25 12:50:34,043 [WARN] ConditionMgr:438 - getConditionDescription Invalid condition id : UX DEVICE CLASS RTOS Condition cause : null
2025-06-25 12:50:34,045 [WARN] PackLoader:240 - Cannot read IP mode file for STMicroelectronics.X-CUBE-AZRTOS-WB.2.0.0
2025-06-25 12:50:34,046 [WARN] ConditionMgr:1039 - genDependencies : Invalid condition id : UX DEVICE CLASS RTOS Condition cause : null
2025-06-25 12:50:34,046 [WARN] ConditionMgr:1039 - genDependencies : Invalid condition id : UX DEVICE CLASS RTOS Condition cause : null
2025-06-25 12:50:34,046 [WARN] ConditionMgr:1039 - genDependencies : Invalid condition id : UX DEVICE CLASS RTOS Condition cause : null
2025-06-25 12:50:34,047 [WARN] ConditionMgr:1039 - genDependencies : Invalid condition id : UX DEVICE CLASS RTOS Condition cause : null
2025-06-25 12:50:34,048 [WARN] ConditionMgr:1039 - genDependencies : Invalid condition id : UX DEVICE CLASS RTOS Condition cause : null
2025-06-25 12:50:34,109 [WARN] PackLoader:240 - Cannot read IP mode file for STMicroelectronics.X-CUBE-GNSS1.7.0.0
2025-06-25 12:50:34,188 [WARN] PackLoader:240 - Cannot read IP mode file for STMicroelectronics.X-CUBE-GNSS1.7.0.1
2025-06-25 12:50:34,212 [WARN] PackLoader:240 - Cannot read IP mode file for STMicroelectronics.X-CUBE-TOUCHGFX.4.25.0
2025-06-25 12:50:34,230 [WARN] PackLoader:240 - Cannot read IP mode file for STMicroelectronics.FP-SNS-STBOX1.2.0.0
2025-06-25 12:50:34,264 [WARN] PackLoader:240 - Cannot read IP mode file for STMicroelectronics.X-CUBE-SUBG2.5.0.0
2025-06-25 12:50:34,312 [WARN] PackLoader:240 - Cannot read IP mode file for STMicroelectronics.X-CUBE-AZRTOS-H7RS.1.1.0
2025-06-25 12:50:34,351 [INFO] WebApp:161 - Instantiating new browser for Auth
2025-06-25 12:50:34,357 [WARN] PackLoader:240 - Cannot read IP mode file for Cesanta.I-CUBE-Mongoose.7.13.0
2025-06-25 12:50:34,594 [WARN] PackLoader:240 - Cannot read IP mode file for STMicroelectronics.X-CUBE-AZRTOS-G4.2.0.0
2025-06-25 12:50:34,633 [WARN] PackLoader:240 - Cannot read IP mode file for Infineon.AIROC-Wi-Fi-Bluetooth-STM32.1.5.1
2025-06-25 12:50:34,656 [WARN] PackLoader:240 - Cannot read IP mode file for STMicroelectronics.X-CUBE-NFC7.2.0.0
2025-06-25 12:50:34,681 [WARN] PackLoader:240 - Cannot read IP mode file for STMicroelectronics.FP-SNS-MOTENVWB1.1.3.1
2025-06-25 12:50:34,790 [WARN] PackLoader:240 - Cannot read IP mode file for STMicroelectronics.X-CUBE-ISPU.2.0.0
2025-06-25 12:50:34,827 [ERROR] Engine:466 - C:\Users\abhim\.stm32cubemx\thirdparties\pdsc\STMicroelectronics.X-CUBE-IPS.3.1.0.pdsc: PDSC version is not supported
2025-06-25 12:50:34,860 [WARN] PackLoader:240 - Cannot read IP mode file for STMicroelectronics.X-CUBE-ALS.1.0.2
2025-06-25 12:50:34,964 [WARN] PackLoader:240 - Cannot read IP mode file for STMicroelectronics.X-CUBE-MEMS1.10.0.0
2025-06-25 12:50:35,218 [WARN] PackLoader:240 - Cannot read IP mode file for STMicroelectronics.X-CUBE-FREERTOS.1.1.0
2025-06-25 12:50:35,244 [WARN] PackLoader:240 - Cannot read IP mode file for STMicroelectronics.X-CUBE-TOUCHGFX.4.24.1
2025-06-25 12:50:35,331 [WARN] PackLoader:240 - Cannot read IP mode file for wolfSSL.I-CUBE-wolfTPM.3.4.0
2025-06-25 12:50:35,406 [WARN] PackLoader:240 - Cannot read IP mode file for portGmbH.I-Cube-SoM-uGOAL.1.1.0
2025-06-25 12:50:35,424 [WARN] PackLoader:240 - Cannot read IP mode file for STMicroelectronics.X-CUBE-ALS.1.0.1
2025-06-25 12:50:35,462 [WARN] PackLoader:240 - Cannot read IP mode file for STMicroelectronics.X-CUBE-AZRTOS-H7RS.1.0.0
2025-06-25 12:50:35,473 [WARN] PackLoader:240 - Cannot read IP mode file for STMicroelectronics.FP-ATR-ASTRA1.2.0.0
2025-06-25 12:50:35,504 [WARN] PackLoader:240 - Cannot read IP mode file for STMicroelectronics.X-CUBE-TOF1.3.4.2
2025-06-25 12:50:35,531 [ERROR] Engine:466 - C:\Users\abhim\.stm32cubemx\thirdparties\pdsc\STMicroelectronics.X-CUBE-TOF1.3.4.3.pdsc: PDSC version is not supported
2025-06-25 12:50:35,554 [WARN] PackLoader:240 - Cannot read IP mode file for STMicroelectronics.X-CUBE-TOF1.3.4.0
2025-06-25 12:50:35,606 [WARN] PackLoader:240 - Cannot read IP mode file for STMicroelectronics.X-CUBE-AZRTOS-H7.3.2.0
2025-06-25 12:50:35,627 [WARN] PackLoader:240 - Cannot read IP mode file for wolfSSL.I-CUBE-wolfSSH.1.4.17
2025-06-25 12:50:35,627 [INFO] ThirdParty:978 - Integrity check success = true
2025-06-25 12:50:35,635 [INFO] IntegrityCheckThread:100 - exiting critical section [integrity check]
2025-06-25 12:50:35,635 [INFO] IntegrityCheckThread:103 - End integrity checks thread
2025-06-25 12:50:35,733 [INFO] WebApp:780 - Register for checkConnection events
2025-06-25 12:50:35,733 [INFO] WebApp:414 - Apply proxy settings
2025-06-25 12:50:35,733 [INFO] WebApp:499 - Chromium requires no authentication
2025-06-25 12:50:35,742 [INFO] WebApp:442 - Direct internet connection detected
2025-06-25 12:50:35,955 [INFO] WebApp:192 - Starting web application
2025-06-25 12:50:35,955 [INFO] WebApp:544 - Web application path used D:\Program Files\STM32CubeIDE_1.14.1\STM32CubeIDE\plugins\com.st.stm32cube.common.mx_6.10.0.202311202037\db\plugins\mcufinder\reactClient1\index.html
2025-06-25 12:50:56,953 [ERROR] LogOutputStream:75 - [STDERR_REDIRECT] SLF4J: Failed to load class "org.slf4j.impl.StaticLoggerBinder".
2025-06-25 12:50:56,954 [ERROR] LogOutputStream:75 - [STDERR_REDIRECT] SLF4J: Defaulting to no-operation (NOP) logger implementation
2025-06-25 12:50:56,956 [ERROR] LogOutputStream:75 - [STDERR_REDIRECT] SLF4J: See http://www.slf4j.org/codes.html#StaticLoggerBinder for further details.
2025-06-25 12:54:12,584 [INFO] McuFinderGlobals:63 - Set McuFinder mode to 2 (CubeIDE integrated)
2025-06-25 12:54:12,612 [INFO] MainUpdater:2873 - connection check result : 10
2025-06-25 12:54:12,630 [INFO] MainUpdater:2873 - connection check result : 10
2025-06-25 12:54:12,872 [INFO] MicroXplorer:468 - Change Database Path : 
2025-06-25 12:54:12,872 [INFO] MicroXplorer:498 - Change Database Version : DB.6.0.100
2025-06-25 12:54:12,883 [WARN] ThirdParty:871 - waiting for thirdparty lock release [close project]
2025-06-25 12:54:12,883 [INFO] ThirdParty:873 - entering critical section [close project]
2025-06-25 12:54:12,883 [INFO] ThirdParty:883 - exiting critical section [close project]
2025-06-25 12:54:12,887 [INFO] PinOutPanel:1499 - setPackage(No Configuration,No Configuration)
2025-06-25 12:54:12,891 [INFO] UtilMem:75 - Begin LoadConfig() Used Memory: 680764072 Bytes (963641344)
2025-06-25 12:54:12,891 [INFO] MicroXplorer:468 - Change Database Path : 
2025-06-25 12:54:12,891 [INFO] MicroXplorer:498 - Change Database Version : DB.6.0.100
2025-06-25 12:54:12,891 [INFO] OpenFileManager:312 - Change cursor
2025-06-25 12:54:12,946 [INFO] Mcu:2016 - Initializing MCU STM32G474R(B-C-E)Tx STM32G474RETx STM32G474RET6
2025-06-25 12:54:19,244 [INFO] Context:659 - Trying to add GPIOservice into a context  which must be forbidden
2025-06-25 12:54:21,467 [INFO] RtosManager:555 - Registered RTOS mode: class=CMSIS, group=RTOS, mode=CMSIS_V1, owner=FREERTOS
2025-06-25 12:54:21,467 [INFO] RtosManager:555 - Registered RTOS mode: class=CMSIS, group=RTOS2, mode=CMSIS_V2, owner=FREERTOS
2025-06-25 12:54:21,467 [INFO] RtosManager:555 - Registered RTOS mode: class=RTOS, group=Core, mode=CMSIS_V1, owner=FREERTOS
2025-06-25 12:54:21,467 [INFO] RtosManager:555 - Registered RTOS mode: class=RTOS, group=Core, mode=CMSIS_V2, owner=FREERTOS
2025-06-25 12:54:21,468 [WARN] ModelIntegratedComponent:184 - Missing modes for component STMicroelectronics:FreeRTOS:0.0.1:STMicroelectronics:RTOS:FreeRTOS:Core:::10.2.0:
2025-06-25 12:54:21,474 [WARN] ModelIntegratedComponent:63 - No mode defined for component null
2025-06-25 12:54:21,474 [WARN] ModelIntegratedComponent:63 - No mode defined for component null
2025-06-25 12:54:21,474 [WARN] ModelIntegratedComponent:63 - No mode defined for component null
2025-06-25 12:54:21,474 [WARN] ModelIntegratedComponent:63 - No mode defined for component null
2025-06-25 12:54:21,474 [WARN] ModelIntegratedComponent:63 - No mode defined for component null
2025-06-25 12:54:21,474 [WARN] ModelIntegratedComponent:63 - No mode defined for component null
2025-06-25 12:54:21,474 [WARN] ModelIntegratedComponent:63 - No mode defined for component null
2025-06-25 12:54:21,474 [WARN] ModelIntegratedComponent:63 - No mode defined for component null
2025-06-25 12:54:21,474 [WARN] ModelIntegratedComponent:63 - No mode defined for component null
2025-06-25 12:54:21,474 [WARN] ModelIntegratedComponent:63 - No mode defined for component null
2025-06-25 12:54:21,474 [WARN] ModelIntegratedComponent:63 - No mode defined for component null
2025-06-25 12:54:21,474 [WARN] ModelIntegratedComponent:63 - No mode defined for component null
2025-06-25 12:54:21,474 [WARN] ModelIntegratedComponent:63 - No mode defined for component null
2025-06-25 12:54:21,474 [WARN] ModelIntegratedComponent:63 - No mode defined for component null
2025-06-25 12:54:21,475 [WARN] ModelIntegratedComponent:63 - No mode defined for component null
2025-06-25 12:54:21,475 [WARN] ModelIntegratedComponent:63 - No mode defined for component null
2025-06-25 12:54:21,475 [WARN] ModelIntegratedComponent:63 - No mode defined for component null
2025-06-25 12:54:21,475 [WARN] ModelIntegratedComponent:63 - No mode defined for component null
2025-06-25 12:54:21,475 [WARN] ModelIntegratedComponent:63 - No mode defined for component null
2025-06-25 12:54:21,475 [WARN] ModelIntegratedComponent:63 - No mode defined for component null
2025-06-25 12:54:21,475 [WARN] ModelIntegratedComponent:63 - No mode defined for component null
2025-06-25 12:54:21,475 [WARN] ModelIntegratedComponent:63 - No mode defined for component null
2025-06-25 12:54:21,475 [WARN] ModelIntegratedComponent:63 - No mode defined for component null
2025-06-25 12:54:21,475 [WARN] ModelIntegratedComponent:63 - No mode defined for component null
2025-06-25 12:54:21,475 [WARN] ModelIntegratedComponent:63 - No mode defined for component null
2025-06-25 12:54:21,475 [WARN] ModelIntegratedComponent:63 - No mode defined for component null
2025-06-25 12:54:21,475 [WARN] ModelIntegratedComponent:63 - No mode defined for component null
2025-06-25 12:54:21,475 [WARN] ModelIntegratedComponent:63 - No mode defined for component null
2025-06-25 12:54:21,476 [WARN] ModelIntegratedComponent:63 - No mode defined for component null
2025-06-25 12:54:21,476 [WARN] ModelIntegratedComponent:63 - No mode defined for component null
2025-06-25 12:54:21,476 [WARN] ModelIntegratedComponent:63 - No mode defined for component null
2025-06-25 12:54:21,476 [WARN] ModelIntegratedComponent:63 - No mode defined for component null
2025-06-25 12:54:21,476 [WARN] ModelIntegratedComponent:63 - No mode defined for component null
2025-06-25 12:54:21,816 [INFO] ThirdPartyModel:298 - Start build external matchings
2025-06-25 12:54:23,071 [INFO] ThirdPartyModel:316 - End build external matchings
2025-06-25 12:54:23,133 [INFO] ImportTextPane:194 - (OptionalMessage_ERROR) IP (DMA) : Parameter (Instance) has Id (DAC1_CH1) currently not set
2025-06-25 12:54:23,133 [INFO] ImportTextPane:194 - (OptionalMessage_ERROR) IP (DMA) : Parameter (Request) has Id (DAC1_CH1) currently not set
2025-06-25 12:54:23,133 [INFO] ImportTextPane:194 - (OptionalMessage_ERROR) IP (DMA) : Parameter (Direction) has Id (DAC1_CH1) currently not set
2025-06-25 12:54:23,133 [INFO] ImportTextPane:194 - (OptionalMessage_ERROR) IP (DMA) : Parameter (PeriphInc) has Id (DAC1_CH1) currently not set
2025-06-25 12:54:23,134 [INFO] ImportTextPane:194 - (OptionalMessage_ERROR) IP (DMA) : Parameter (MemInc) has Id (DAC1_CH1) currently not set
2025-06-25 12:54:23,134 [INFO] ImportTextPane:194 - (OptionalMessage_ERROR) IP (DMA) : Parameter (PeriphDataAlignment) has Id (DAC1_CH1) currently not set
2025-06-25 12:54:23,135 [INFO] ImportTextPane:194 - (OptionalMessage_ERROR) IP (DMA) : Parameter (MemDataAlignment) has Id (DAC1_CH1) currently not set
2025-06-25 12:54:23,135 [INFO] ImportTextPane:194 - (OptionalMessage_ERROR) IP (DMA) : Parameter (Mode) has Id (DAC1_CH1) currently not set
2025-06-25 12:54:23,135 [INFO] ImportTextPane:194 - (OptionalMessage_ERROR) IP (DMA) : Parameter (Priority) has Id (DAC1_CH1) currently not set
2025-06-25 12:54:23,135 [INFO] ImportTextPane:194 - (OptionalMessage_ERROR) IP (DMA) : Parameter (SignalID) has Id (DAC1_CH1) currently not set
2025-06-25 12:54:23,135 [INFO] ImportTextPane:194 - (OptionalMessage_ERROR) IP (DMA) : Parameter (Polarity) has Id (DAC1_CH1) currently not set
2025-06-25 12:54:23,135 [INFO] ImportTextPane:194 - (OptionalMessage_ERROR) IP (DMA) : Parameter (RequestNumber) has Id (DAC1_CH1) currently not set
2025-06-25 12:54:23,135 [INFO] ImportTextPane:194 - (OptionalMessage_ERROR) IP (DMA) : Parameter (SyncSignalID) has Id (DAC1_CH1) currently not set
2025-06-25 12:54:23,135 [INFO] ImportTextPane:194 - (OptionalMessage_ERROR) IP (DMA) : Parameter (SyncPolarity) has Id (DAC1_CH1) currently not set
2025-06-25 12:54:23,135 [INFO] ImportTextPane:194 - (OptionalMessage_ERROR) IP (DMA) : Parameter (SyncEnable) has Id (DAC1_CH1) currently not set
2025-06-25 12:54:23,135 [INFO] ImportTextPane:194 - (OptionalMessage_ERROR) IP (DMA) : Parameter (EventEnable) has Id (DAC1_CH1) currently not set
2025-06-25 12:54:23,135 [INFO] ImportTextPane:194 - (OptionalMessage_ERROR) IP (DMA) : Parameter (SyncRequestNumber) has Id (DAC1_CH1) currently not set
2025-06-25 12:54:23,136 [INFO] ImportTextPane:194 - (OptionalMessage_ERROR) IP (DMA) : Parameter (Instance) has Id (FMAC_READ) currently not set
2025-06-25 12:54:23,136 [INFO] ImportTextPane:194 - (OptionalMessage_ERROR) IP (DMA) : Parameter (Request) has Id (FMAC_READ) currently not set
2025-06-25 12:54:23,136 [INFO] ImportTextPane:194 - (OptionalMessage_ERROR) IP (DMA) : Parameter (Direction) has Id (FMAC_READ) currently not set
2025-06-25 12:54:23,136 [INFO] ImportTextPane:194 - (OptionalMessage_ERROR) IP (DMA) : Parameter (PeriphInc) has Id (FMAC_READ) currently not set
2025-06-25 12:54:23,136 [INFO] ImportTextPane:194 - (OptionalMessage_ERROR) IP (DMA) : Parameter (MemInc) has Id (FMAC_READ) currently not set
2025-06-25 12:54:23,136 [INFO] ImportTextPane:194 - (OptionalMessage_ERROR) IP (DMA) : Parameter (PeriphDataAlignment) has Id (FMAC_READ) currently not set
2025-06-25 12:54:23,136 [INFO] ImportTextPane:194 - (OptionalMessage_ERROR) IP (DMA) : Parameter (MemDataAlignment) has Id (FMAC_READ) currently not set
2025-06-25 12:54:23,136 [INFO] ImportTextPane:194 - (OptionalMessage_ERROR) IP (DMA) : Parameter (Mode) has Id (FMAC_READ) currently not set
2025-06-25 12:54:23,136 [INFO] ImportTextPane:194 - (OptionalMessage_ERROR) IP (DMA) : Parameter (Priority) has Id (FMAC_READ) currently not set
2025-06-25 12:54:23,136 [INFO] ImportTextPane:194 - (OptionalMessage_ERROR) IP (DMA) : Parameter (SignalID) has Id (FMAC_READ) currently not set
2025-06-25 12:54:23,136 [INFO] ImportTextPane:194 - (OptionalMessage_ERROR) IP (DMA) : Parameter (Polarity) has Id (FMAC_READ) currently not set
2025-06-25 12:54:23,136 [INFO] ImportTextPane:194 - (OptionalMessage_ERROR) IP (DMA) : Parameter (RequestNumber) has Id (FMAC_READ) currently not set
2025-06-25 12:54:23,136 [INFO] ImportTextPane:194 - (OptionalMessage_ERROR) IP (DMA) : Parameter (SyncSignalID) has Id (FMAC_READ) currently not set
2025-06-25 12:54:23,136 [INFO] ImportTextPane:194 - (OptionalMessage_ERROR) IP (DMA) : Parameter (SyncPolarity) has Id (FMAC_READ) currently not set
2025-06-25 12:54:23,136 [INFO] ImportTextPane:194 - (OptionalMessage_ERROR) IP (DMA) : Parameter (SyncEnable) has Id (FMAC_READ) currently not set
2025-06-25 12:54:23,136 [INFO] ImportTextPane:194 - (OptionalMessage_ERROR) IP (DMA) : Parameter (EventEnable) has Id (FMAC_READ) currently not set
2025-06-25 12:54:23,136 [INFO] ImportTextPane:194 - (OptionalMessage_ERROR) IP (DMA) : Parameter (SyncRequestNumber) has Id (FMAC_READ) currently not set
2025-06-25 12:54:23,136 [INFO] ImportTextPane:194 - (OptionalMessage_ERROR) IP (DMA) : Parameter (Instance) has Id (FMAC_WRITE) currently not set
2025-06-25 12:54:23,136 [INFO] ImportTextPane:194 - (OptionalMessage_ERROR) IP (DMA) : Parameter (Request) has Id (FMAC_WRITE) currently not set
2025-06-25 12:54:23,136 [INFO] ImportTextPane:194 - (OptionalMessage_ERROR) IP (DMA) : Parameter (Direction) has Id (FMAC_WRITE) currently not set
2025-06-25 12:54:23,136 [INFO] ImportTextPane:194 - (OptionalMessage_ERROR) IP (DMA) : Parameter (PeriphInc) has Id (FMAC_WRITE) currently not set
2025-06-25 12:54:23,137 [INFO] ImportTextPane:194 - (OptionalMessage_ERROR) IP (DMA) : Parameter (MemInc) has Id (FMAC_WRITE) currently not set
2025-06-25 12:54:23,137 [INFO] ImportTextPane:194 - (OptionalMessage_ERROR) IP (DMA) : Parameter (PeriphDataAlignment) has Id (FMAC_WRITE) currently not set
2025-06-25 12:54:23,137 [INFO] ImportTextPane:194 - (OptionalMessage_ERROR) IP (DMA) : Parameter (MemDataAlignment) has Id (FMAC_WRITE) currently not set
2025-06-25 12:54:23,137 [INFO] ImportTextPane:194 - (OptionalMessage_ERROR) IP (DMA) : Parameter (Mode) has Id (FMAC_WRITE) currently not set
2025-06-25 12:54:23,137 [INFO] ImportTextPane:194 - (OptionalMessage_ERROR) IP (DMA) : Parameter (Priority) has Id (FMAC_WRITE) currently not set
2025-06-25 12:54:23,137 [INFO] ImportTextPane:194 - (OptionalMessage_ERROR) IP (DMA) : Parameter (SignalID) has Id (FMAC_WRITE) currently not set
2025-06-25 12:54:23,137 [INFO] ImportTextPane:194 - (OptionalMessage_ERROR) IP (DMA) : Parameter (Polarity) has Id (FMAC_WRITE) currently not set
2025-06-25 12:54:23,137 [INFO] ImportTextPane:194 - (OptionalMessage_ERROR) IP (DMA) : Parameter (RequestNumber) has Id (FMAC_WRITE) currently not set
2025-06-25 12:54:23,137 [INFO] ImportTextPane:194 - (OptionalMessage_ERROR) IP (DMA) : Parameter (SyncSignalID) has Id (FMAC_WRITE) currently not set
2025-06-25 12:54:23,137 [INFO] ImportTextPane:194 - (OptionalMessage_ERROR) IP (DMA) : Parameter (SyncPolarity) has Id (FMAC_WRITE) currently not set
2025-06-25 12:54:23,137 [INFO] ImportTextPane:194 - (OptionalMessage_ERROR) IP (DMA) : Parameter (SyncEnable) has Id (FMAC_WRITE) currently not set
2025-06-25 12:54:23,137 [INFO] ImportTextPane:194 - (OptionalMessage_ERROR) IP (DMA) : Parameter (EventEnable) has Id (FMAC_WRITE) currently not set
2025-06-25 12:54:23,137 [INFO] ImportTextPane:194 - (OptionalMessage_ERROR) IP (DMA) : Parameter (SyncRequestNumber) has Id (FMAC_WRITE) currently not set
2025-06-25 12:54:23,631 [INFO] UtilMem:75 - End LoadConfig() Used Memory: 773731264 Bytes (1073741824)
2025-06-25 12:54:23,796 [INFO] ApiDb:581 - Connected to CubeFinder SQLite database (C:\Users\abhim\.stmcufinder\plugins\mcufinder\mcu\cube-finder-db.db)
2025-06-25 12:54:23,905 [INFO] ApiDb:668 - CubeFinder database Data Model version=2.1
2025-06-25 12:54:23,905 [INFO] ApiDb:669 - CubeFinder database Configuration version=3.0.39
2025-06-25 12:54:23,906 [INFO] ApiDb:670 - CubeFinder database generation date=2025-05-20 (1747743314)
2025-06-25 12:54:23,906 [INFO] ApiDb:671 - CubeFinder database FW Pack versions=[FP-ATR-ASTRA1_V2.0.0, FP-SNS-FLIGHT1_V5.1.0, FP-SNS-MOTENV1_V5.0.0, FP-SNS-MOTENVWB1_V1.4.0, FP-SNS-SMARTAG2_V1.2.0, FP-SNS-STBOX1_V2.0.0, STM32Cube_FW_C0_V1.4.0, STM32Cube_FW_F4_V1.28.2, STM32Cube_FW_F7_V1.17.3, STM32Cube_FW_G0_V1.6.2, STM32Cube_FW_G4_V1.6.1, STM32Cube_FW_H5_V1.5.0, STM32Cube_FW_H7RS_V1.2.0, STM32Cube_FW_H7_V1.12.1, STM32Cube_FW_L0_V1.12.2, STM32Cube_FW_L4_V1.18.1, STM32Cube_FW_L5_V1.5.1, STM32Cube_FW_N6_V1.1.1, STM32Cube_FW_U0_V1.2.0, STM32Cube_FW_U3_V1.1.0, STM32Cube_FW_U5_V1.7.0, STM32Cube_FW_WB0_V1.2.0, STM32Cube_FW_WBA_V1.6.0, STM32Cube_FW_WB_V1.22.0, STM32Cube_FW_WL3_V1.1.0, STM32Cube_FW_WL_V1.3.1, X-CUBE-ALGOBUILD_V1.4.0, X-CUBE-ALS_V1.0.2, X-CUBE-AZRTOS-F4_V1.1.0, X-CUBE-AZRTOS-F7_V1.1.0, X-CUBE-AZRTOS-G0_V1.1.0, X-CUBE-AZRTOS-G4_V2.0.0, X-CUBE-AZRTOS-H7RS_V1.1.0, X-CUBE-AZRTOS-H7_V3.3.0, X-CUBE-AZRTOS-L4_V2.0.0, X-CUBE-AZRTOS-L5_V2.0.0, X-CUBE-AZRTOS-WB_V2.0.0, X-CUBE-AZRTOS-WL_V2.0.0, X-CUBE-BLE1_V7.1.0, X-CUBE-BLE2_V3.3.0, X-CUBE-BLEMGR_V4.0.0, X-CUBE-EEPRMA1_V5.1.0, X-CUBE-FREERTOS_V1.3.1, X-CUBE-GNSS1_V6.0.0, X-CUBE-MEMS1_V11.2.0, X-CUBE-NFC4_V3.0.0, X-CUBE-NFC7_V2.0.0, X-CUBE-SFXS2LP1_V4.0.0, X-CUBE-SUBG2_V5.0.0, X-CUBE-TOF1_V3.4.3]
2025-06-25 12:54:27,188 [INFO] ApiDb:240 - Found 371 in-development CPN: [B-G473E-ZEST1S, B-WB1M-WPAN1, B-WL5M-SUBG1, NUCLEO-C031C6, NUCLEO-H503RB, NUCLEO-H563ZI, NUCLEO-U545RE-Q, NUCLEO-U5A5ZJ-Q, NUCLEO-WBA52CG, NUCLEO-WBA55CG, STEVAL-MKBOXPRO, STEVAL-PROTEUS1, STEVAL-STWINBX1, STM320518-EVAL, STM32C0116-DK, STM32C011D6Y3TR, STM32C011D6Y6TR, STM32C011F4P3, STM32C011F4P6, STM32C011F4U3, STM32C011F4U6TR, STM32C011F6P3, STM32C011F6P6, STM32C011F6U3, STM32C011F6U6TR, STM32C011J4M3, STM32C011J4M6, STM32C011J6M3, STM32C011J6M6, STM32C0316-DK, STM32C031C4T3, STM32C031C4T6, STM32C031C4U3, STM32C031C4U6, STM32C031C6T3, STM32C031C6T6, STM32C031C6U3, STM32C031C6U6, STM32C031F4P3, STM32C031F4P6, STM32C031F6P3, STM32C031F6P6, STM32C031G4U3, STM32C031G4U6, STM32C031G6U3, STM32C031G6U6, STM32C031K4T3, STM32C031K4T6, STM32C031K4U3, STM32C031K4U6, STM32C031K6T3, STM32C031K6T6, STM32C031K6U3, STM32C031K6U6, STM32G071K8TXN, STM32G071K8UXN, STM32G081GBU6N, STM32G081KBT6N, STM32G081KBUXN, STM32G0B1CCT6N, STM32G0B1KCT6, STM32G0B1NEY6TR, STM32G0B1RCT6N, STM32G0C1CCT6, STM32G0C1CCT6N, STM32G0C1CCU6N, STM32G0C1CET6N, STM32G0C1CEU6N, STM32G0C1KCT6, STM32G0C1NEY6TR, STM32G0C1RCI6N, STM32G0C1RCT6N, STM32G0C1REI6N, STM32G0C1RET6N, STM32G0C1VCI6, STM32G0C1VEI6, STM32G471CCT6, STM32G471CCU6, STM32G471CET3, STM32G471CET6, STM32G471CEU3, STM32G471CEU6, STM32G471MCT6, STM32G471MET3, STM32G471MET6, STM32G471MEY6TR, STM32G471QCT6, STM32G471QET3, STM32G471RCT6, STM32G471RET3, STM32G471RET6, STM32G471VCH6, STM32G471VCI6, STM32G471VCT6, STM32G471VEH3, STM32G471VEH6, STM32G471VEI3, STM32G471VEI6, STM32G471VET3, STM32G471VET6, STM32G474CCT6, STM32H503CBT6, STM32H503CBU6, STM32H503EBY6TR, STM32H503KBU6, STM32H503RBT6, STM32H562AGI6, STM32H562AII6, STM32H562IGK6, STM32H562IGT6, STM32H562IIK6, STM32H562IIT6, STM32H562RGT6, STM32H562RGV6, STM32H562RIT6, STM32H562RIV6, STM32H562VGT6, STM32H562VIT6, STM32H562ZGT6, STM32H562ZIT6, STM32H563AGI6, STM32H563AII3Q, STM32H563AII6, STM32H563IGK6, STM32H563IGT6, STM32H563IIK3Q, STM32H563IIK6, STM32H563IIT3Q, STM32H563IIT6, STM32H563MIY3QTR, STM32H563RGT6, STM32H563RGV6, STM32H563RIT6, STM32H563RIV6, STM32H563VGT6, STM32H563VIT3Q, STM32H563VIT6, STM32H563ZGT6, STM32H563ZIT3Q, STM32H563ZIT6, STM32H573AII3Q, STM32H573AII6, STM32H573I-DK, STM32H573IIK3Q, STM32H573IIK6, STM32H573IIT3Q, STM32H573IIT6, STM32H573MIY3QTR, STM32H573RIT6, STM32H573RIV6, STM32H573VIT3Q, STM32H573VIT6, STM32H573ZIT3Q, STM32H573ZIT6, STM32L4R5QGI6STR, STM32MP131AAE3, STM32MP131AAF3, STM32MP131AAG3, STM32MP131CAE3, STM32MP131CAF3, STM32MP131CAG3, STM32MP131DAE7, STM32MP131DAF7, STM32MP131DAG7, STM32MP131FAE7, STM32MP131FAF7, STM32MP131FAG7, STM32MP133AAE3, STM32MP133AAF3, STM32MP133AAG3, STM32MP133CAE3, STM32MP133CAF3, STM32MP133CAG3, STM32MP133DAE7, STM32MP133DAF7, STM32MP133DAG7, STM32MP133FAE7, STM32MP133FAF7, STM32MP133FAG7, STM32MP135AAE3, STM32MP135AAF3, STM32MP135AAG3, STM32MP135CAE3, STM32MP135CAF3, STM32MP135CAG3, STM32MP135DAE7, STM32MP135DAF7, STM32MP135DAG7, STM32MP135F-DK, STM32MP135FAE7, STM32MP135FAF7, STM32MP135FAF7T, STM32MP135FAF7U, STM32MP135FAG7, STM32U535CBT6, STM32U535CBT6Q, STM32U535CBU6, STM32U535CBU6Q, STM32U535CCT6, STM32U535CCT6Q, STM32U535CCU6, STM32U535CCU6Q, STM32U535CET6, STM32U535CET6Q, STM32U535CEU6, STM32U535CEU6Q, STM32U535JEY6QTR, STM32U535NCY6QTR, STM32U535NEY6QTR, STM32U535RBI6, STM32U535RBI6Q, STM32U535RBT6, STM32U535RBT6Q, STM32U535RCI6, STM32U535RCI6Q, STM32U535RCT6, STM32U535RCT6Q, STM32U535REI6, STM32U535REI6Q, STM32U535RET6, STM32U535RET6Q, STM32U535VCI6, STM32U535VCI6Q, STM32U535VCT6, STM32U535VCT6Q, STM32U535VEI6, STM32U535VEI6Q, STM32U535VET6, STM32U535VET6Q, STM32U545CET6, STM32U545CET6Q, STM32U545CEU6, STM32U545CEU6Q, STM32U545JEY6QTR, STM32U545NEY6QTR, STM32U545REI6, STM32U545REI6Q, STM32U545RET6, STM32U545RET6Q, STM32U545VEI6, STM32U545VEI6Q, STM32U545VET6, STM32U545VET6Q, STM32U595AIH6, STM32U595AIH6Q, STM32U595AJH6, STM32U595AJH6Q, STM32U595QII6, STM32U595QII6Q, STM32U595QJI6, STM32U595QJI6Q, STM32U595RIT6, STM32U595RIT6Q, STM32U595RJT6, STM32U595RJT6Q, STM32U595VIT6, STM32U595VIT6Q, STM32U595VJT6, STM32U595VJT6Q, STM32U595ZIT6, STM32U595ZIT6Q, STM32U595ZIY6QTR, STM32U595ZJT6, STM32U595ZJT6Q, STM32U595ZJY6QTR, STM32U599BJY6QTR, STM32U599NIH6Q, STM32U599NJH6Q, STM32U599VIT6Q, STM32U599VJT6, STM32U599VJT6Q, STM32U599ZIT6Q, STM32U599ZIY6QTR, STM32U599ZJT6Q, STM32U599ZJY6QTR, STM32U5A5AJH6, STM32U5A5AJH6Q, STM32U5A5QJI6, STM32U5A5QJI6Q, STM32U5A5RJT6, STM32U5A5RJT6Q, STM32U5A5VJT6, STM32U5A5VJT6Q, STM32U5A5ZJT6, STM32U5A5ZJT6Q, STM32U5A5ZJY6QTR, STM32U5A9BJY6QTR, STM32U5A9J-DK, STM32U5A9NJH6Q, STM32U5A9VJT6Q, STM32U5A9ZJT6Q, STM32U5A9ZJY6QTR, STM32U5F7VIT6, STM32U5F7VIT6Q, STM32U5F7VJT6, STM32U5F7VJT6Q, STM32U5F9BJY6QTR, STM32U5F9NJH6Q, STM32U5F9VIT6Q, STM32U5F9VJT6Q, STM32U5F9ZIJ6QTR, STM32U5F9ZIT6Q, STM32U5F9ZJJ6QTR, STM32U5F9ZJT6Q, STM32U5G7VJT6, STM32U5G7VJT6Q, STM32U5G9BJY6QTR, STM32U5G9J-DK1, STM32U5G9J-DK2, STM32U5G9NJH6Q, STM32U5G9VJT6Q, STM32U5G9ZJJ6QTR, STM32U5G9ZJT6Q, STM32WB1MMCH6, STM32WBA50KEU6, STM32WBA50KEU6TR, STM32WBA50KGU6, STM32WBA50KGU6TR, STM32WBA52CEU6, STM32WBA52CEU6TR, STM32WBA52CEU7, STM32WBA52CEU7TR, STM32WBA52CGU6, STM32WBA52CGU6TR, STM32WBA52CGU6U, STM32WBA52CGU7, STM32WBA52CGU7TR, STM32WBA52KEU6, STM32WBA52KEU6TR, STM32WBA52KGU6, STM32WBA52KGU6TR, STM32WBA54CEU6, STM32WBA54CEU6TR, STM32WBA54CEU7, STM32WBA54CEU7TR, STM32WBA54CGU6, STM32WBA54CGU6TR, STM32WBA54CGU7, STM32WBA54CGU7TR, STM32WBA54KEU6, STM32WBA54KEU6TR, STM32WBA54KEU7, STM32WBA54KEU7TR, STM32WBA54KGU6, STM32WBA54KGU6TR, STM32WBA54KGU7, STM32WBA54KGU7TR, STM32WBA55CEU6, STM32WBA55CEU6TR, STM32WBA55CEU7, STM32WBA55CEU7TR, STM32WBA55CGU6, STM32WBA55CGU6TR, STM32WBA55CGU6U, STM32WBA55CGU7, STM32WBA55CGU7TR, STM32WBA55G-DK1, STM32WBA55HEF6, STM32WBA55HEF7, STM32WBA55HGF6, STM32WBA55HGF7, STM32WBA55UEI6, STM32WBA55UEI6TR, STM32WBA55UEI7, STM32WBA55UEI7TR, STM32WBA55UGI6, STM32WBA55UGI6TR, STM32WBA55UGI7, STM32WBA55UGI7TR, STM32WL5MOCH6, STM32WL5MOCH6TR]
2025-06-25 12:54:27,197 [INFO] DbMcus:218 - Found 4657 MCUs, 4657 are supported
2025-06-25 12:54:27,200 [INFO] ApiDb:423 - Load user favorites file C:\Users\abhim/.stm32cubeide/favorites.mcus.txt: 0 item(s)
2025-06-25 12:54:27,200 [INFO] ApiDb:427 - User favorites MCUs=[]
2025-06-25 12:54:27,200 [INFO] DbMcus:224 - Set 0 / 0 favorites MCUs
2025-06-25 12:54:27,617 [INFO] MicroXplorer:468 - Change Database Path : 
2025-06-25 12:54:27,617 [INFO] MicroXplorer:498 - Change Database Version : DB.6.0.100
2025-06-25 12:54:27,618 [WARN] ThirdParty:833 - waiting for thirdparty lock release [change project]
2025-06-25 12:54:27,618 [INFO] ThirdParty:835 - entering critical section [change project]
2025-06-25 12:54:27,618 [INFO] ThirdParty:1030 - CMSIS Pack Vendor :STMicroelectronics X-CUBE-PM33A1 1.0.0
2025-06-25 12:54:27,618 [INFO] ThirdParty:1030 - CMSIS Pack Vendor :STMicroelectronics USBPD 4.1
2025-06-25 12:54:27,618 [INFO] ThirdParty:1030 - CMSIS Pack Vendor :STMicroelectronics X-CUBE-GNSS1 6.0.0
2025-06-25 12:54:27,618 [INFO] ThirdParty:1030 - CMSIS Pack Vendor :STMicroelectronics USB_HOST 2.0.0
2025-06-25 12:54:27,618 [INFO] ThirdParty:1030 - CMSIS Pack Vendor :STMicroelectronics FP-SNS-MOTENVWB1 1.4.0
2025-06-25 12:54:27,618 [INFO] ThirdParty:1030 - CMSIS Pack Vendor :STMicroelectronics X-CUBE-AZRTOS-F4 1.1.0
2025-06-25 12:54:27,618 [INFO] ThirdParty:1030 - CMSIS Pack Vendor :STMicroelectronics LIBJPEG 8.0.0
2025-06-25 12:54:27,618 [INFO] ThirdParty:1030 - CMSIS Pack Vendor :STMicroelectronics FP-ATR-ASTRA1 2.0.2
2025-06-25 12:54:27,618 [INFO] ThirdParty:1030 - CMSIS Pack Vendor :STMicroelectronics X-CUBE-SMBUS 2.1.0
2025-06-25 12:54:27,618 [INFO] ThirdParty:1030 - CMSIS Pack Vendor :STMicroelectronics X-CUBE-WB05N 1.1.0
2025-06-25 12:54:27,618 [INFO] ThirdParty:1030 - CMSIS Pack Vendor :STMicroelectronics X-CUBE-ISPU 2.1.0
2025-06-25 12:54:27,618 [INFO] ThirdParty:1030 - CMSIS Pack Vendor :STMicroelectronics X-CUBE-FREERTOS 1.2.0
2025-06-25 12:54:27,618 [INFO] ThirdParty:1030 - CMSIS Pack Vendor :wolfSSL I-CUBE-wolfSSL 5.6.6
2025-06-25 12:54:27,618 [INFO] ThirdParty:1030 - CMSIS Pack Vendor :STMicroelectronics X-CUBE-TOUCHGFX 4.23.0
2025-06-25 12:54:27,619 [INFO] ThirdParty:1030 - CMSIS Pack Vendor :STMicroelectronics X-CUBE-AZRTOS-F7 1.1.0
2025-06-25 12:54:27,619 [INFO] ThirdParty:1030 - CMSIS Pack Vendor :STMicroelectronics X-CUBE-AZRTOS-L5 2.0.0
2025-06-25 12:54:27,619 [INFO] ThirdParty:1030 - CMSIS Pack Vendor :STMicroelectronics USB_DEVICE 2.0.0
2025-06-25 12:54:27,619 [INFO] ThirdParty:1030 - CMSIS Pack Vendor :STMicroelectronics X-CUBE-NFC6 3.1.0
2025-06-25 12:54:27,619 [INFO] ThirdParty:1030 - CMSIS Pack Vendor :ITTIA_DB I-CUBE-ITTIADB 8.8.0
2025-06-25 12:54:27,619 [INFO] ThirdParty:1030 - CMSIS Pack Vendor :STMicroelectronics FP-SNS-MOTENV1 4.3.2
2025-06-25 12:54:27,619 [INFO] ThirdParty:1030 - CMSIS Pack Vendor :STMicroelectronics X-CUBE-MEMS1 11.0.0
2025-06-25 12:54:27,619 [INFO] ThirdParty:1030 - CMSIS Pack Vendor :STMicroelectronics FreeRTOS 0.0.1
2025-06-25 12:54:27,619 [INFO] ThirdParty:1030 - CMSIS Pack Vendor :STMicroelectronics X-CUBE-DPower 1.2.0
2025-06-25 12:54:27,619 [INFO] ThirdParty:1030 - CMSIS Pack Vendor :STMicroelectronics FP-SNS-FLIGHT1 5.0.2
2025-06-25 12:54:27,619 [INFO] ThirdParty:1030 - CMSIS Pack Vendor :STMicroelectronics PDM2PCM 3.3.0
2025-06-25 12:54:27,619 [INFO] ThirdParty:1030 - CMSIS Pack Vendor :STMicroelectronics X-CUBE-DISPLAY 3.0.0
2025-06-25 12:54:27,619 [INFO] ThirdParty:1030 - CMSIS Pack Vendor :STMicroelectronics X-CUBE-BLE1 7.0.0
2025-06-25 12:54:27,619 [INFO] ThirdParty:1030 - CMSIS Pack Vendor :STMicroelectronics X-CUBE-NFC10 1.0.0
2025-06-25 12:54:27,619 [INFO] ThirdParty:1030 - CMSIS Pack Vendor :STMicroelectronics X-CUBE-BLEMGR 4.0.0
2025-06-25 12:54:27,619 [INFO] ThirdParty:1030 - CMSIS Pack Vendor :STMicroelectronics X-CUBE-FREERTOS 1.3.1
2025-06-25 12:54:27,619 [INFO] ThirdParty:1030 - CMSIS Pack Vendor :STMicroelectronics HAL Drivers 0.0.0
2025-06-25 12:54:27,619 [INFO] ThirdParty:1030 - CMSIS Pack Vendor :emotas I-CUBE-CANOPEN 1.3.0
2025-06-25 12:54:27,619 [INFO] ThirdParty:1030 - CMSIS Pack Vendor :STMicroelectronics X-CUBE-FREERTOS 1.3.0
2025-06-25 12:54:27,619 [INFO] ThirdParty:1030 - CMSIS Pack Vendor :STMicroelectronics X-CUBE-NFC7 1.0.1
2025-06-25 12:54:27,619 [INFO] ThirdParty:1030 - CMSIS Pack Vendor :STMicroelectronics MBEDTLS 2.14.1
2025-06-25 12:54:27,619 [INFO] ThirdParty:1030 - CMSIS Pack Vendor :STMicroelectronics X-CUBE-NFC6 3.0.0
2025-06-25 12:54:27,619 [INFO] ThirdParty:1030 - CMSIS Pack Vendor :quantropi X-CUBE-qispace-sdk-base 2.0.0
2025-06-25 12:54:27,619 [INFO] ThirdParty:1030 - CMSIS Pack Vendor :STMicroelectronics X-CUBE-BLEMGR 3.1.0
2025-06-25 12:54:27,619 [INFO] ThirdParty:1030 - CMSIS Pack Vendor :STMicroelectronics X-CUBE-AI 10.0.0
2025-06-25 12:54:27,619 [INFO] ThirdParty:1030 - CMSIS Pack Vendor :STMicroelectronics FP-SNS-SMARTAG2 1.2.0
2025-06-25 12:54:27,619 [INFO] ThirdParty:1030 - CMSIS Pack Vendor :STMicroelectronics X-CUBE-MEMS1 11.1.0
2025-06-25 12:54:27,619 [INFO] ThirdParty:1030 - CMSIS Pack Vendor :STMicroelectronics X-CUBE-AZRTOS-WL 2.0.0
2025-06-25 12:54:27,619 [INFO] ThirdParty:1030 - CMSIS Pack Vendor :STMicroelectronics X-CUBE-DPower 1.3.0
2025-06-25 12:54:27,619 [INFO] ThirdParty:1030 - CMSIS Pack Vendor :STMicroelectronics FP-SNS-MOTENV1 5.0.0
2025-06-25 12:54:27,619 [INFO] ThirdParty:1030 - CMSIS Pack Vendor :STMicroelectronics USB_DEVICE 1.0.0
2025-06-25 12:54:27,619 [INFO] ThirdParty:1030 - CMSIS Pack Vendor :STMicroelectronics X-CUBE-AI 8.1.0
2025-06-25 12:54:27,619 [INFO] ThirdParty:1030 - CMSIS Pack Vendor :wolfSSL I-CUBE-wolfMQTT 1.19.0
2025-06-25 12:54:27,619 [INFO] ThirdParty:1030 - CMSIS Pack Vendor :STMicroelectronics X-CUBE-AZRTOS-L4 2.0.0
2025-06-25 12:54:27,620 [INFO] ThirdParty:1030 - CMSIS Pack Vendor :STMicroelectronics ThreadX 0.0.2
2025-06-25 12:54:27,620 [INFO] ThirdParty:1030 - CMSIS Pack Vendor :WES I-CUBE-Cesium 1.3.0
2025-06-25 12:54:27,620 [INFO] ThirdParty:1030 - CMSIS Pack Vendor :STMicroelectronics lwIP 2.1.2
2025-06-25 12:54:27,620 [INFO] ThirdParty:1030 - CMSIS Pack Vendor :STMicroelectronics X-CUBE-SFXS2LP1 4.0.0
2025-06-25 12:54:27,620 [INFO] ThirdParty:1030 - CMSIS Pack Vendor :STMicroelectronics X-CUBE-BLE2 3.3.0
2025-06-25 12:54:27,620 [INFO] ThirdParty:1030 - CMSIS Pack Vendor :STMicroelectronics PDM2PCM 3.2.0
2025-06-25 12:54:27,620 [INFO] ThirdParty:1030 - CMSIS Pack Vendor :STMicroelectronics X-CUBE-AZRTOS-H7 3.3.0
2025-06-25 12:54:27,620 [INFO] ThirdParty:1030 - CMSIS Pack Vendor :STMicroelectronics X-CUBE-NFC9 1.0.0
2025-06-25 12:54:27,620 [INFO] ThirdParty:1030 - CMSIS Pack Vendor :STMicroelectronics X-CUBE-BLE1 7.1.0
2025-06-25 12:54:27,620 [INFO] ThirdParty:1030 - CMSIS Pack Vendor :STMicroelectronics USB_DEVICE 3.0.0
2025-06-25 12:54:27,620 [INFO] ThirdParty:1030 - CMSIS Pack Vendor :STMicroelectronics X-CUBE-TCPP 4.1.0
2025-06-25 12:54:27,620 [INFO] ThirdParty:1030 - CMSIS Pack Vendor :STMicroelectronics X-CUBE-IPS 3.0.0
2025-06-25 12:54:27,620 [INFO] ThirdParty:1030 - CMSIS Pack Vendor :STMicroelectronics X-CUBE-AZRTOS-WB 2.0.0
2025-06-25 12:54:27,620 [INFO] ThirdParty:1030 - CMSIS Pack Vendor :STMicroelectronics X-CUBE-GNSS1 7.0.0
2025-06-25 12:54:27,620 [INFO] ThirdParty:1030 - CMSIS Pack Vendor :STMicroelectronics X-CUBE-GNSS1 7.0.1
2025-06-25 12:54:27,620 [INFO] ThirdParty:1030 - CMSIS Pack Vendor :STMicroelectronics X-CUBE-TOUCHGFX 4.25.0
2025-06-25 12:54:27,620 [INFO] ThirdParty:1030 - CMSIS Pack Vendor :STMicroelectronics X-CUBE-AI 10.1.0
2025-06-25 12:54:27,620 [INFO] ThirdParty:1030 - CMSIS Pack Vendor :STMicroelectronics FP-SNS-STBOX1 2.0.0
2025-06-25 12:54:27,620 [INFO] ThirdParty:1030 - CMSIS Pack Vendor :STMicroelectronics X-CUBE-ALGOBUILD 1.3.0
2025-06-25 12:54:27,620 [INFO] ThirdParty:1030 - CMSIS Pack Vendor :STMicroelectronics X-CUBE-MEMS1 11.2.0
2025-06-25 12:54:27,620 [INFO] ThirdParty:1030 - CMSIS Pack Vendor :STMicroelectronics X-CUBE-AZRTOS-G0 1.1.0
2025-06-25 12:54:27,621 [INFO] ThirdParty:1030 - CMSIS Pack Vendor :STMicroelectronics X-CUBE-SAFEA1 1.2.2
2025-06-25 12:54:27,621 [INFO] ThirdParty:1030 - CMSIS Pack Vendor :STMicroelectronics X-CUBE-NFC4 3.0.0
2025-06-25 12:54:27,621 [INFO] ThirdParty:1030 - CMSIS Pack Vendor :STMicroelectronics X-CUBE-SUBG2 5.0.0
2025-06-25 12:54:27,621 [INFO] ThirdParty:1030 - CMSIS Pack Vendor :STMicroelectronics X-CUBE-AZRTOS-H7RS 1.1.0
2025-06-25 12:54:27,621 [INFO] ThirdParty:1030 - CMSIS Pack Vendor :STMicroelectronics STM32_WPAN 1.0.0
2025-06-25 12:54:27,621 [INFO] ThirdParty:1030 - CMSIS Pack Vendor :EmbeddedOffice I-CUBE-FS-RTOS 1.0.1
2025-06-25 12:54:27,621 [INFO] ThirdParty:1030 - CMSIS Pack Vendor :STMicroelectronics lwIP 2.0.3
2025-06-25 12:54:27,621 [INFO] ThirdParty:1030 - CMSIS Pack Vendor :Cesanta I-CUBE-Mongoose 7.13.0
2025-06-25 12:54:27,621 [INFO] ThirdParty:1030 - CMSIS Pack Vendor :STMicroelectronics USB_HOST 1.0.0
2025-06-25 12:54:27,621 [INFO] ThirdParty:1030 - CMSIS Pack Vendor :STMicroelectronics X-CUBE-AZRTOS-G4 2.0.0
2025-06-25 12:54:27,621 [INFO] ThirdParty:1030 - CMSIS Pack Vendor :STMicroelectronics X-CUBE-WB05N 2.0.0
2025-06-25 12:54:27,621 [INFO] ThirdParty:1030 - CMSIS Pack Vendor :STMicroelectronics PDM2PCM 3.1.0
2025-06-25 12:54:27,621 [INFO] ThirdParty:1030 - CMSIS Pack Vendor :Infineon AIROC-Wi-Fi-Bluetooth-STM32 1.5.1
2025-06-25 12:54:27,621 [INFO] ThirdParty:1030 - CMSIS Pack Vendor :STMicroelectronics X-CUBE-NFC7 2.0.0
2025-06-25 12:54:27,621 [INFO] ThirdParty:1030 - CMSIS Pack Vendor :RealThread X-CUBE-RT-Thread_Nano 4.1.1
2025-06-25 12:54:27,621 [INFO] ThirdParty:1030 - CMSIS Pack Vendor :STMicroelectronics FP-SNS-MOTENVWB1 1.3.1
2025-06-25 12:54:27,621 [INFO] ThirdParty:1030 - CMSIS Pack Vendor :STMicroelectronics FP-ATR-SIGFOX1 3.2.0
2025-06-25 12:54:27,621 [INFO] ThirdParty:1030 - CMSIS Pack Vendor :STMicroelectronics X-CUBE-ISPU 2.0.0
2025-06-25 12:54:27,622 [INFO] ThirdParty:1030 - CMSIS Pack Vendor :STMicroelectronics X-CUBE-EEPRMA1 5.1.0
2025-06-25 12:54:27,622 [INFO] ThirdParty:1030 - CMSIS Pack Vendor :STMicroelectronics MBEDTLS 2.16.2
2025-06-25 12:54:27,622 [INFO] ThirdParty:1030 - CMSIS Pack Vendor :STMicroelectronics X-CUBE-ALS 1.0.2
2025-06-25 12:54:27,622 [INFO] ThirdParty:1030 - CMSIS Pack Vendor :STMicroelectronics X-CUBE-MEMS1 10.0.0
2025-06-25 12:54:27,622 [INFO] ThirdParty:1030 - CMSIS Pack Vendor :STMicroelectronics X-CUBE-FREERTOS 1.1.0
2025-06-25 12:54:27,622 [INFO] ThirdParty:1030 - CMSIS Pack Vendor :STMicroelectronics X-CUBE-TOUCHGFX 4.24.1
2025-06-25 12:54:27,622 [INFO] ThirdParty:1030 - CMSIS Pack Vendor :wolfSSL I-CUBE-wolfTPM 3.4.0
2025-06-25 12:54:27,622 [INFO] ThirdParty:1030 - CMSIS Pack Vendor :portGmbH I-Cube-SoM-uGOAL 1.1.0
2025-06-25 12:54:27,622 [INFO] ThirdParty:1030 - CMSIS Pack Vendor :STMicroelectronics X-CUBE-ALS 1.0.1
2025-06-25 12:54:27,622 [INFO] ThirdParty:1030 - CMSIS Pack Vendor :STMicroelectronics ThreadX 1.0.0
2025-06-25 12:54:27,622 [INFO] ThirdParty:1030 - CMSIS Pack Vendor :SEGGER I-CUBE-embOS 1.3.1
2025-06-25 12:54:27,622 [INFO] ThirdParty:1030 - CMSIS Pack Vendor :STMicroelectronics X-CUBE-ALGOBUILD 1.4.0
2025-06-25 12:54:27,622 [INFO] ThirdParty:1030 - CMSIS Pack Vendor :STMicroelectronics X-CUBE-MEMS1 11.3.0
2025-06-25 12:54:27,622 [INFO] ThirdParty:1030 - CMSIS Pack Vendor :STMicroelectronics X-CUBE-AZRTOS-H7RS 1.0.0
2025-06-25 12:54:27,622 [INFO] ThirdParty:1030 - CMSIS Pack Vendor :STMicroelectronics FP-ATR-ASTRA1 2.0.0
2025-06-25 12:54:27,622 [INFO] ThirdParty:1030 - CMSIS Pack Vendor :STMicroelectronics X-CUBE-TOF1 3.4.2
2025-06-25 12:54:27,622 [INFO] ThirdParty:1030 - CMSIS Pack Vendor :STMicroelectronics X-CUBE-AI 9.1.0
2025-06-25 12:54:27,622 [INFO] ThirdParty:1030 - CMSIS Pack Vendor :STMicroelectronics X-CUBE-TOF1 3.4.0
2025-06-25 12:54:27,622 [INFO] ThirdParty:1030 - CMSIS Pack Vendor :STMicroelectronics X-CUBE-AZRTOS-H7 3.2.0
2025-06-25 12:54:27,622 [INFO] ThirdParty:1030 - CMSIS Pack Vendor :wolfSSL I-CUBE-wolfSSH 1.4.17
2025-06-25 12:54:27,623 [INFO] ThirdParty:841 - exiting critical section [change project]
2025-06-25 12:54:28,183 [INFO] PinOutPanel:1499 - setPackage(No Configuration,No Configuration)
2025-06-25 12:54:28,184 [INFO] PinOutPanel:1499 - setPackage(STM32G474RETx,LQFP64)
2025-06-25 12:54:28,748 [INFO] UtilMem:75 - Before build in PCC Used Memory: 894342208 Bytes (1073741824)
2025-06-25 12:54:29,936 [INFO] UtilMem:75 - After build in PCC Used Memory: 742590856 Bytes (1073741824)
2025-06-25 12:54:29,976 [INFO] IPUIPlugin:80 - create IPUIPlugin
2025-06-25 12:54:29,976 [INFO] IPUIPlugin:80 - create IPUIPlugin
2025-06-25 12:54:29,976 [INFO] IPUIPlugin:80 - create IPUIPlugin
2025-06-25 12:54:29,976 [INFO] IPUIPlugin:80 - create IPUIPlugin
2025-06-25 12:54:29,977 [INFO] IPUIPlugin:80 - create IPUIPlugin
2025-06-25 12:54:29,977 [INFO] IPUIPlugin:80 - create IPUIPlugin
2025-06-25 12:54:29,977 [INFO] IPUIPlugin:80 - create IPUIPlugin
2025-06-25 12:54:29,977 [INFO] IPUIPlugin:80 - create IPUIPlugin
2025-06-25 12:54:29,977 [INFO] IPUIPlugin:80 - create IPUIPlugin
2025-06-25 12:54:29,977 [INFO] IPUIPlugin:80 - create IPUIPlugin
2025-06-25 12:54:29,977 [INFO] IPUIPlugin:80 - create IPUIPlugin
2025-06-25 12:54:29,977 [INFO] IPUIPlugin:80 - create IPUIPlugin
2025-06-25 12:54:29,977 [INFO] IPUIPlugin:80 - create IPUIPlugin
2025-06-25 12:54:29,977 [INFO] IPUIPlugin:80 - create IPUIPlugin
2025-06-25 12:54:29,977 [INFO] IPUIPlugin:80 - create IPUIPlugin
2025-06-25 12:54:29,978 [INFO] IPUIPlugin:80 - create IPUIPlugin
2025-06-25 12:54:29,978 [INFO] IPUIPlugin:80 - create IPUIPlugin
2025-06-25 12:54:29,978 [INFO] IPUIPlugin:80 - create IPUIPlugin
2025-06-25 12:54:29,978 [INFO] IPUIPlugin:80 - create IPUIPlugin
2025-06-25 12:54:29,978 [INFO] IPUIPlugin:80 - create IPUIPlugin
2025-06-25 12:54:29,978 [INFO] IPUIPlugin:80 - create IPUIPlugin
2025-06-25 12:54:29,978 [INFO] IPUIPlugin:80 - create IPUIPlugin
2025-06-25 12:54:29,978 [INFO] IPUIPlugin:80 - create IPUIPlugin
2025-06-25 12:54:29,978 [INFO] IPUIPlugin:80 - create IPUIPlugin
2025-06-25 12:54:29,979 [INFO] IPUIPlugin:80 - create IPUIPlugin
2025-06-25 12:54:29,979 [INFO] IPUIPlugin:80 - create IPUIPlugin
2025-06-25 12:54:29,979 [INFO] IPUIPlugin:80 - create IPUIPlugin
2025-06-25 12:54:29,979 [INFO] IPUIPlugin:80 - create IPUIPlugin
2025-06-25 12:54:29,979 [INFO] IPUIPlugin:80 - create IPUIPlugin
2025-06-25 12:54:29,979 [INFO] IPUIPlugin:80 - create IPUIPlugin
2025-06-25 12:54:29,979 [INFO] IPUIPlugin:80 - create IPUIPlugin
2025-06-25 12:54:29,980 [INFO] IPUIPlugin:80 - create IPUIPlugin
2025-06-25 12:54:29,980 [INFO] IPUIPlugin:80 - create IPUIPlugin
2025-06-25 12:54:29,980 [INFO] IPUIPlugin:80 - create IPUIPlugin
2025-06-25 12:54:29,980 [INFO] IPUIPlugin:80 - create IPUIPlugin
2025-06-25 12:54:29,980 [INFO] IPUIPlugin:80 - create IPUIPlugin
2025-06-25 12:54:29,980 [INFO] IPUIPlugin:80 - create IPUIPlugin
2025-06-25 12:54:29,981 [INFO] IPUIPlugin:80 - create IPUIPlugin
2025-06-25 12:54:29,981 [INFO] IPUIPlugin:80 - create IPUIPlugin
2025-06-25 12:54:29,981 [INFO] IPUIPlugin:80 - create IPUIPlugin
2025-06-25 12:54:29,981 [INFO] IPUIPlugin:80 - create IPUIPlugin
2025-06-25 12:54:29,981 [INFO] IPUIPlugin:80 - create IPUIPlugin
2025-06-25 12:54:29,982 [INFO] IPUIPlugin:80 - create IPUIPlugin
2025-06-25 12:54:29,982 [INFO] IPUIPlugin:80 - create IPUIPlugin
2025-06-25 12:54:29,982 [INFO] IPUIPlugin:80 - create IPUIPlugin
2025-06-25 12:54:29,982 [INFO] IPUIPlugin:80 - create IPUIPlugin
2025-06-25 12:54:29,982 [INFO] IPUIPlugin:80 - create IPUIPlugin
2025-06-25 12:54:29,983 [INFO] IPUIPlugin:80 - create IPUIPlugin
2025-06-25 12:54:29,983 [INFO] IPUIPlugin:80 - create IPUIPlugin
2025-06-25 12:54:29,984 [INFO] IPUIPlugin:80 - create IPUIPlugin
2025-06-25 12:54:29,984 [INFO] IPUIPlugin:80 - create IPUIPlugin
2025-06-25 12:54:29,984 [INFO] IPUIPlugin:80 - create IPUIPlugin
2025-06-25 12:54:29,984 [INFO] IPUIPlugin:80 - create IPUIPlugin
2025-06-25 12:54:29,985 [INFO] IPUIPlugin:80 - create IPUIPlugin
2025-06-25 12:54:29,985 [INFO] IPUIPlugin:80 - create IPUIPlugin
2025-06-25 12:54:29,985 [INFO] IPUIPlugin:80 - create IPUIPlugin
2025-06-25 12:54:29,986 [INFO] IPUIPlugin:80 - create IPUIPlugin
2025-06-25 12:54:29,986 [INFO] IPUIPlugin:80 - create IPUIPlugin
2025-06-25 12:54:29,986 [INFO] IPUIPlugin:80 - create IPUIPlugin
2025-06-25 12:54:29,986 [INFO] IPUIPlugin:80 - create IPUIPlugin
2025-06-25 12:54:29,987 [INFO] IPUIPlugin:80 - create IPUIPlugin
2025-06-25 12:54:29,987 [INFO] IPUIPlugin:80 - create IPUIPlugin
2025-06-25 12:54:29,987 [INFO] IPUIPlugin:80 - create IPUIPlugin
2025-06-25 12:54:29,987 [INFO] IPUIPlugin:80 - create IPUIPlugin
2025-06-25 12:54:29,988 [INFO] IPUIPlugin:80 - create IPUIPlugin
2025-06-25 12:54:29,988 [INFO] IPUIPlugin:80 - create IPUIPlugin
2025-06-25 12:54:29,988 [INFO] IPUIPlugin:80 - create IPUIPlugin
2025-06-25 12:54:29,988 [INFO] IPUIPlugin:80 - create IPUIPlugin
2025-06-25 12:54:29,989 [INFO] IPUIPlugin:80 - create IPUIPlugin
2025-06-25 12:54:29,989 [INFO] IPUIPlugin:80 - create IPUIPlugin
2025-06-25 12:54:29,989 [INFO] IPUIPlugin:80 - create IPUIPlugin
2025-06-25 12:54:29,989 [INFO] IPUIPlugin:80 - create IPUIPlugin
2025-06-25 12:54:29,989 [INFO] IPUIPlugin:80 - create IPUIPlugin
2025-06-25 12:54:29,990 [INFO] IPUIPlugin:80 - create IPUIPlugin
2025-06-25 12:54:29,991 [INFO] IPUIPlugin:80 - create IPUIPlugin
2025-06-25 12:54:29,992 [INFO] IPUIPlugin:80 - create IPUIPlugin
2025-06-25 12:54:29,992 [INFO] IPUIPlugin:80 - create IPUIPlugin
2025-06-25 12:54:30,254 [INFO] CADModel:165 - CPN selected for project levelSTM32G474RET6
2025-06-25 12:54:30,254 [INFO] CADModel:114 - Register for checkConnection events
2025-06-25 12:54:30,295 [INFO] OpenFileManager:343 - Restore cursor
2025-06-25 13:14:36,685 [INFO] WebApp:354 - JxBrowser engine has been closed 
2025-06-25 13:14:55,918 [INFO] UtilMem:75 - End SaveConfig() Used Memory: 361736192 Bytes (1073741824)
2025-06-25 13:14:55,992 [INFO] UtilMem:75 - End SaveConfig() Used Memory: 384804864 Bytes (1073741824)
2025-06-25 13:14:56,263 [INFO] UtilMem:75 - End SaveConfig() Used Memory: 414164992 Bytes (1073741824)
2025-06-25 13:14:56,665 [INFO] BlockDiagram:2759 - set Specific Code input for plugin: FMAC
2025-06-25 13:14:56,665 [INFO] BlockDiagram:2759 - set Specific Code input for plugin: DAC
2025-06-25 13:14:56,665 [INFO] BlockDiagram:2759 - set Specific Code input for plugin: TIM6_7G4
2025-06-25 13:14:56,665 [INFO] BlockDiagram:2759 - set Specific Code input for plugin: SYS
2025-06-25 13:14:56,665 [INFO] BlockDiagram:2759 - set Specific Code input for plugin: RCC
2025-06-25 13:14:56,665 [INFO] BlockDiagram:2759 - set Specific Code input for plugin: LPUART
2025-06-25 13:14:56,666 [INFO] BlockDiagram:2759 - set Specific Code input for plugin: NVIC
2025-06-25 13:14:56,666 [INFO] BlockDiagram:2759 - set Specific Code input for plugin: DMA
2025-06-25 13:14:56,666 [INFO] BlockDiagram:2759 - set Specific Code input for plugin: GPIO
2025-06-25 13:14:56,668 [INFO] CodeGenerator:807 - code generatio: config db path: D:\Program Files\STM32CubeIDE_1.14.1\STM32CubeIDE\plugins\com.st.stm32cube.common.mx_6.10.0.202311202037\\db\
2025-06-25 13:14:56,962 [INFO] CodeEngine:255 - oldGeneratedFile, D:\STM32G4\Benchmarking-STM32G4-Accelerators\BenchmarkingAccelerators\MXTmpFiles\license.tmp_save
2025-06-25 13:14:57,286 [INFO] CodeEngine:279 - Generated code: D:\STM32G4\Benchmarking-STM32G4-Accelerators\BenchmarkingAccelerators\MXTmpFiles\license.tmp
2025-06-25 13:14:57,407 [INFO] CodeEngine:255 - oldGeneratedFile, D:\STM32G4\Benchmarking-STM32G4-Accelerators\BenchmarkingAccelerators\MXTmpFiles\gpio.tmp_save
2025-06-25 13:14:57,540 [INFO] CodeEngine:279 - Generated code: D:\STM32G4\Benchmarking-STM32G4-Accelerators\BenchmarkingAccelerators\MXTmpFiles\gpio.tmp
2025-06-25 13:14:58,254 [INFO] CodeEngine:255 - oldGeneratedFile, D:\STM32G4\Benchmarking-STM32G4-Accelerators\BenchmarkingAccelerators\MXTmpFiles\dma.tmp_save
2025-06-25 13:14:58,339 [INFO] CodeEngine:279 - Generated code: D:\STM32G4\Benchmarking-STM32G4-Accelerators\BenchmarkingAccelerators\MXTmpFiles\dma.tmp
2025-06-25 13:14:58,352 [INFO] CodeEngine:255 - oldGeneratedFile, D:\STM32G4\Benchmarking-STM32G4-Accelerators\BenchmarkingAccelerators\MXTmpFiles\dma_GV.tmp_save
2025-06-25 13:14:58,408 [INFO] CodeEngine:279 - Generated code: D:\STM32G4\Benchmarking-STM32G4-Accelerators\BenchmarkingAccelerators\MXTmpFiles\dma_GV.tmp
2025-06-25 13:14:58,450 [INFO] CodeEngine:255 - oldGeneratedFile, D:\STM32G4\Benchmarking-STM32G4-Accelerators\BenchmarkingAccelerators\Core\Src\stm32g4xx_it.c_save
2025-06-25 13:14:58,623 [INFO] CodeEngine:279 - Generated code: D:\STM32G4\Benchmarking-STM32G4-Accelerators\BenchmarkingAccelerators\Core\Src\stm32g4xx_it.c
2025-06-25 13:14:58,660 [INFO] CodeEngine:255 - oldGeneratedFile, D:\STM32G4\Benchmarking-STM32G4-Accelerators\BenchmarkingAccelerators\Core\Inc\stm32g4xx_it.h_save
2025-06-25 13:14:58,766 [INFO] CodeEngine:279 - Generated code: D:\STM32G4\Benchmarking-STM32G4-Accelerators\BenchmarkingAccelerators\Core\Inc\stm32g4xx_it.h
2025-06-25 13:14:58,807 [INFO] CodeEngine:255 - oldGeneratedFile, D:\STM32G4\Benchmarking-STM32G4-Accelerators\BenchmarkingAccelerators\Core\Src\stm32g4xx_hal_msp.c_save
2025-06-25 13:14:59,039 [INFO] CodeEngine:279 - Generated code: D:\STM32G4\Benchmarking-STM32G4-Accelerators\BenchmarkingAccelerators\Core\Src\stm32g4xx_hal_msp.c
2025-06-25 13:14:59,061 [INFO] CodeEngine:255 - oldGeneratedFile, D:\STM32G4\Benchmarking-STM32G4-Accelerators\BenchmarkingAccelerators\MXTmpFiles\system.tmp_save
2025-06-25 13:14:59,127 [INFO] CodeEngine:279 - Generated code: D:\STM32G4\Benchmarking-STM32G4-Accelerators\BenchmarkingAccelerators\MXTmpFiles\system.tmp
2025-06-25 13:14:59,159 [INFO] CodeEngine:311 - oldGeneratedFile, D:\STM32G4\Benchmarking-STM32G4-Accelerators\BenchmarkingAccelerators\Core\Inc\stm32g4xx_hal_conf.h_save
2025-06-25 13:14:59,251 [INFO] CodeEngine:335 - Generated code: D:\STM32G4\Benchmarking-STM32G4-Accelerators\BenchmarkingAccelerators\Core\Inc\stm32g4xx_hal_conf.h
2025-06-25 13:14:59,276 [WARN] IPConfigManager:2946 - Warning: the RefConfig RCC_CommonPeriphClockConfig is not available in your config.xml file
2025-06-25 13:14:59,280 [WARN] IPConfigManager:3440 - IP not found : TIM
2025-06-25 13:14:59,281 [WARN] CodeGenerator:3939 - IP not found : null
2025-06-25 13:14:59,307 [INFO] CodeEngine:255 - oldGeneratedFile, D:\STM32G4\Benchmarking-STM32G4-Accelerators\BenchmarkingAccelerators\Core\Inc\main.h_save
2025-06-25 13:14:59,412 [INFO] CodeEngine:279 - Generated code: D:\STM32G4\Benchmarking-STM32G4-Accelerators\BenchmarkingAccelerators\Core\Inc\main.h
2025-06-25 13:14:59,435 [INFO] CodeEngine:255 - oldGeneratedFile, D:\STM32G4\Benchmarking-STM32G4-Accelerators\BenchmarkingAccelerators\Core\Src\main.c_save
2025-06-25 13:14:59,600 [INFO] CodeEngine:279 - Generated code: D:\STM32G4\Benchmarking-STM32G4-Accelerators\BenchmarkingAccelerators\Core\Src\main.c
2025-06-25 13:15:00,132 [INFO] ProjectBuilder:3076 - Time for Copy HAL[1] : 200mS.
2025-06-25 13:15:00,138 [INFO] ProjectBuilder:4485 - Project Generator version: 4.2.0-B44
2025-06-25 13:15:00,292 [INFO] ConfigFileManager:1495 - The Die is : DIE469
2025-06-25 13:15:00,316 [INFO] ApiDbMcu:508 - Load IP Config File for FATFS
2025-06-25 13:15:00,332 [INFO] ApiDbMcu:508 - Load IP Config File for FREERTOS
2025-06-25 13:15:00,353 [INFO] ApiDbMcu:508 - Load IP Config File for USBPD
2025-06-25 13:15:00,373 [INFO] ApiDbMcu:508 - Load IP Config File for USB_Device
2025-06-25 13:15:01,162 [INFO] LogOutputStream:77 - [STDOUT_REDIRECT] 
2025-06-25 13:15:03,649 [INFO] ProjectBuilder:4747 - Time for Generating toolchain IDE Files: 3510mS.
2025-06-25 13:15:03,650 [INFO] ProjectBuilder:2947 - Time for Copy CMSIS : 0mS.
2025-06-25 13:15:03,651 [INFO] ProjectBuilder:2947 - Time for Copy CMSIS : 0mS.
2025-06-25 13:15:05,360 [ERROR] LogOutputStream:75 - [STDERR_REDIRECT] 
2025-06-25 13:15:05,362 [ERROR] LogOutputStream:75 - [STDERR_REDIRECT] 
2025-06-25 14:41:26,120 [INFO] Activator:176 - 


2025-06-25 14:41:26,123 [INFO] Activator:177 - !SESSION log4j initialized
2025-06-25 14:41:30,452 [INFO] LogOutputStream:77 - [STDOUT_REDIRECT] 
2025-06-25 14:41:31,414 [INFO] ApplicationProperties:184 - Using Application install path: D:\Program Files\STM32CubeIDE_1.14.1\STM32CubeIDE\plugins\com.st.stm32cube.common.mx_6.10.0.202311202037
2025-06-25 14:41:31,431 [INFO] DbMcusXml:78 - Set database path to: D:\Program Files\STM32CubeIDE_1.14.1\STM32CubeIDE\plugins\com.st.stm32cube.common.mx_6.10.0.202311202037\\db\/mcu/
2025-06-25 14:41:31,432 [INFO] ApiDb:274 - Set plugin database path to: D:\Program Files\STM32CubeIDE_1.14.1\STM32CubeIDE\plugins\com.st.stm32cube.common.mx_6.10.0.202311202037\\db\/plugins/boardmanager/
2025-06-25 14:41:31,432 [WARN] ApiDb:259 - Overriding images path with different value:  => D:\Program Files\STM32CubeIDE_1.14.1\STM32CubeIDE\plugins\com.st.stm32cube.common.mx_6.10.0.202311202037\\db\/plugins/mcufinder/images/
2025-06-25 14:41:31,440 [INFO] ApiDb:250 - Set database path to: C:\Users\abhim\.stmcufinder\plugins\mcufinder//mcu/
2025-06-25 14:41:31,441 [INFO] DbMcusAds:125 - Set database path to: C:\Users\abhim\.stmcufinder\plugins\mcufinder//mcu/
2025-06-25 14:41:31,442 [INFO] CrossReferenceDbSqlite:203 - Set database path to: C:\Users\abhim\.stmcufinder\plugins\mcufinder//mcu/cs/
2025-06-25 14:41:31,542 [INFO] RulesReader:64 - Compatibility file has been processed (297 Rules)
2025-06-25 14:41:31,629 [INFO] DbMcusXml:78 - Set database path to: D:\Program Files\STM32CubeIDE_1.14.1\STM32CubeIDE\plugins\com.st.stm32cube.common.mx_6.10.0.202311202037\\db\/mcu/
2025-06-25 14:41:31,629 [INFO] ApiDb:274 - Set plugin database path to: D:\Program Files\STM32CubeIDE_1.14.1\STM32CubeIDE\plugins\com.st.stm32cube.common.mx_6.10.0.202311202037\\db\/plugins/boardmanager/
2025-06-25 14:41:31,629 [INFO] ApiDb:261 - Set plugin images path to: D:\Program Files\STM32CubeIDE_1.14.1\STM32CubeIDE\plugins\com.st.stm32cube.common.mx_6.10.0.202311202037\\db\/plugins/mcufinder/images/
2025-06-25 14:41:31,629 [WARN] DbFile:41 - Overriding database path with different value: C:\Users\abhim\.stmcufinder\plugins\mcufinder/ => C:\Users\abhim\.stmcufinder\plugins\mcufinder
2025-06-25 14:41:31,630 [INFO] ApiDb:250 - Set database path to: C:\Users\abhim\.stmcufinder\plugins\mcufinder//mcu/
2025-06-25 14:41:31,630 [WARN] DbFile:41 - Overriding database path with different value: C:\Users\abhim\.stmcufinder\plugins\mcufinder/ => C:\Users\abhim\.stmcufinder\plugins\mcufinder
2025-06-25 14:41:31,630 [INFO] DbMcusAds:125 - Set database path to: C:\Users\abhim\.stmcufinder\plugins\mcufinder//mcu/
2025-06-25 14:41:31,630 [WARN] DbFile:41 - Overriding database path with different value: C:\Users\abhim\.stmcufinder\plugins\mcufinder/ => C:\Users\abhim\.stmcufinder\plugins\mcufinder
2025-06-25 14:41:31,630 [WARN] DbFile:41 - Overriding database path with different value: C:\Users\abhim\.stmcufinder\plugins\mcufinder/ => C:\Users\abhim\.stmcufinder\plugins\mcufinder
2025-06-25 14:41:31,630 [INFO] CrossReferenceDbSqlite:203 - Set database path to: C:\Users\abhim\.stmcufinder\plugins\mcufinder//mcu/cs/
2025-06-25 14:41:31,790 [INFO] MainPanel:264 - HeapMemory: 268435456
2025-06-25 14:41:31,895 [INFO] DbMcusXml:78 - Set database path to: D:\Program Files\STM32CubeIDE_1.14.1\STM32CubeIDE\plugins\com.st.stm32cube.common.mx_6.10.0.202311202037\\db\/mcu/
2025-06-25 14:41:31,895 [INFO] ApiDb:274 - Set plugin database path to: D:\Program Files\STM32CubeIDE_1.14.1\STM32CubeIDE\plugins\com.st.stm32cube.common.mx_6.10.0.202311202037\\db\/plugins/boardmanager/
2025-06-25 14:41:31,896 [INFO] ApiDb:261 - Set plugin images path to: D:\Program Files\STM32CubeIDE_1.14.1\STM32CubeIDE\plugins\com.st.stm32cube.common.mx_6.10.0.202311202037\\db\/plugins/mcufinder/images/
2025-06-25 14:41:31,896 [WARN] DbFile:41 - Overriding database path with different value: C:\Users\abhim\.stmcufinder\plugins\mcufinder/ => C:\Users\abhim\.stmcufinder\plugins\mcufinder
2025-06-25 14:41:31,896 [INFO] ApiDb:250 - Set database path to: C:\Users\abhim\.stmcufinder\plugins\mcufinder//mcu/
2025-06-25 14:41:31,896 [WARN] DbFile:41 - Overriding database path with different value: C:\Users\abhim\.stmcufinder\plugins\mcufinder/ => C:\Users\abhim\.stmcufinder\plugins\mcufinder
2025-06-25 14:41:31,896 [INFO] DbMcusAds:125 - Set database path to: C:\Users\abhim\.stmcufinder\plugins\mcufinder//mcu/
2025-06-25 14:41:31,896 [WARN] DbFile:41 - Overriding database path with different value: C:\Users\abhim\.stmcufinder\plugins\mcufinder/ => C:\Users\abhim\.stmcufinder\plugins\mcufinder
2025-06-25 14:41:31,896 [WARN] DbFile:41 - Overriding database path with different value: C:\Users\abhim\.stmcufinder\plugins\mcufinder/ => C:\Users\abhim\.stmcufinder\plugins\mcufinder
2025-06-25 14:41:31,896 [INFO] CrossReferenceDbSqlite:203 - Set database path to: C:\Users\abhim\.stmcufinder\plugins\mcufinder//mcu/cs/
2025-06-25 14:41:31,919 [INFO] ApplicationProperties:184 - Using Application install path: D:\Program Files\STM32CubeIDE_1.14.1\STM32CubeIDE\plugins\com.st.stm32cube.common.mx_6.10.0.202311202037
2025-06-25 14:41:31,922 [INFO] PluginManage:196 - Search for loadable plugins [exclusion list=, ]
2025-06-25 14:41:31,924 [INFO] PluginManage:310 - Check plugin analytics
2025-06-25 14:41:32,116 [INFO] AnalyticsPlugin:253 - Accepted Software Licenses: 
2025-06-25 14:41:32,117 [INFO] AnalyticsPlugin:255 - Accepted CMSIS Pack Licenses: 
2025-06-25 14:41:32,117 [INFO] AnalyticsPlugin:257 - Accepted Firmware Licenses: FW.G4.1.5.0
2025-06-25 14:41:32,120 [INFO] PluginManage:359 - Loaded plugin analytics (category:tool,tabindex:-1)
2025-06-25 14:41:32,120 [INFO] PluginManage:310 - Check plugin cadmodel
2025-06-25 14:41:32,127 [INFO] CADModel:105 - Init CAD model plugin
2025-06-25 14:41:32,127 [INFO] PluginManage:359 - Loaded plugin cadmodel (category:power,tabindex:5)
2025-06-25 14:41:32,127 [INFO] PluginManage:310 - Check plugin clock
2025-06-25 14:41:32,143 [INFO] PluginManage:359 - Loaded plugin clock (category:base,tabindex:2)
2025-06-25 14:41:32,143 [INFO] PluginManage:310 - Check plugin ddr
2025-06-25 14:41:32,147 [INFO] PluginManage:359 - Loaded plugin ddr (category:tool,tabindex:6)
2025-06-25 14:41:32,148 [INFO] PluginManage:310 - Check plugin filemanager
2025-06-25 14:41:32,330 [INFO] PluginManage:359 - Loaded plugin filemanager (category:base,tabindex:10)
2025-06-25 14:41:32,330 [INFO] PluginManage:310 - Check plugin ipmanager
2025-06-25 14:41:32,339 [INFO] PluginManage:359 - Loaded plugin ipmanager (category:base,tabindex:5)
2025-06-25 14:41:32,340 [INFO] PluginManage:310 - Check plugin lpbam
2025-06-25 14:41:32,349 [INFO] PluginManage:359 - Loaded plugin lpbam (category:base,tabindex:0)
2025-06-25 14:41:32,350 [INFO] PluginManage:310 - Check plugin memorymap
2025-06-25 14:41:32,366 [INFO] PluginManage:359 - Loaded plugin memorymap (category:base,tabindex:4)
2025-06-25 14:41:32,366 [INFO] PluginManage:310 - Check plugin pinoutandconfiguration
2025-06-25 14:41:32,375 [INFO] PluginManage:359 - Loaded plugin pinoutandconfiguration (category:base,tabindex:1)
2025-06-25 14:41:32,375 [INFO] PluginManage:310 - Check plugin pinoutconfig
2025-06-25 14:41:32,457 [WARN] SupportedApi:132 - Cannot load RTOS API schema: s4s-elt-must-match.1: The content of 'definitions' must match (annotation?, (simpleType | complexType)?, (unique | key | keyref)*)). A problem was found starting at: attribute.
2025-06-25 14:41:32,583 [INFO] PluginManage:359 - Loaded plugin pinoutconfig (category:base,tabindex:0)
2025-06-25 14:41:32,583 [INFO] PluginManage:310 - Check plugin power
2025-06-25 14:41:32,595 [INFO] PluginManage:359 - Loaded plugin power (category:power,tabindex:4)
2025-06-25 14:41:32,595 [INFO] PluginManage:310 - Check plugin projectmanager
2025-06-25 14:41:32,613 [INFO] PluginManage:359 - Loaded plugin projectmanager (category:projectmanager,tabindex:3)
2025-06-25 14:41:32,613 [INFO] PluginManage:310 - Check plugin thirdparty
2025-06-25 14:41:32,788 [INFO] PluginManage:359 - Loaded plugin thirdparty (category:base,tabindex:-1)
2025-06-25 14:41:32,788 [INFO] PluginManage:310 - Check plugin tools
2025-06-25 14:41:32,788 [WARN] IntegrityCheckThread:84 - waiting for thirdparty lock release [integrity check]
2025-06-25 14:41:32,788 [INFO] IntegrityCheckThread:86 - entering critical section [integrity check]
2025-06-25 14:41:32,789 [INFO] ThirdPartyUpdaterWithRetryManager:70 - Updater plugin not ready yet. [1/15]
2025-06-25 14:41:32,791 [INFO] PluginManage:359 - Loaded plugin tools (category:base,tabindex:7)
2025-06-25 14:41:32,791 [INFO] PluginManage:310 - Check plugin tutovideos
2025-06-25 14:41:32,939 [INFO] PluginManage:359 - Loaded plugin tutovideos (category:base,tabindex:-1)
2025-06-25 14:41:32,939 [INFO] PluginManage:310 - Check plugin updater
2025-06-25 14:41:32,951 [INFO] PluginManage:359 - Loaded plugin updater (category:base,tabindex:12)
2025-06-25 14:41:32,952 [INFO] PluginManage:310 - Check plugin userauth
2025-06-25 14:41:32,958 [INFO] UserAuth:114 - Init User Auth plugin
2025-06-25 14:41:32,958 [INFO] PluginManage:359 - Loaded plugin userauth (category:base,tabindex:14)
2025-06-25 14:41:32,959 [INFO] PluginManage:283 - PluginManage : Loaded plugins [17]
2025-06-25 14:41:33,178 [INFO] PinOutPanel:1499 - setPackage(No Configuration,No Configuration)
2025-06-25 14:41:33,250 [INFO] CADModel:165 - CPN selected for project level
2025-06-25 14:41:33,250 [INFO] CADModel:114 - Register for checkConnection events
2025-06-25 14:41:33,264 [INFO] IPUIPlugin:80 - create IPUIPlugin
2025-06-25 14:41:33,265 [INFO] PluginManager:220 - loadIPPluginJar : add adc
2025-06-25 14:41:33,266 [INFO] IPUIPlugin:80 - create IPUIPlugin
2025-06-25 14:41:33,267 [INFO] PluginManager:220 - loadIPPluginJar : add aes
2025-06-25 14:41:33,268 [INFO] IPUIPlugin:80 - create IPUIPlugin
2025-06-25 14:41:33,269 [INFO] PluginManager:220 - loadIPPluginJar : add can
2025-06-25 14:41:33,270 [INFO] IPUIPlugin:80 - create IPUIPlugin
2025-06-25 14:41:33,270 [INFO] PluginManager:220 - loadIPPluginJar : add comp
2025-06-25 14:41:33,273 [INFO] IPUIPlugin:80 - create IPUIPlugin
2025-06-25 14:41:33,273 [INFO] PluginManager:220 - loadIPPluginJar : add cryp
2025-06-25 14:41:33,274 [INFO] IPUIPlugin:80 - create IPUIPlugin
2025-06-25 14:41:33,274 [INFO] PluginManager:220 - loadIPPluginJar : add dfsdm
2025-06-25 14:41:33,279 [INFO] IPUIPlugin:80 - create IPUIPlugin
2025-06-25 14:41:33,280 [INFO] PluginManager:220 - loadIPPluginJar : add dma
2025-06-25 14:41:33,281 [INFO] IPUIPlugin:80 - create IPUIPlugin
2025-06-25 14:41:33,281 [INFO] PluginManager:220 - loadIPPluginJar : add dma3
2025-06-25 14:41:33,282 [INFO] IPUIPlugin:80 - create IPUIPlugin
2025-06-25 14:41:33,282 [INFO] PluginManager:220 - loadIPPluginJar : add fatfs
2025-06-25 14:41:33,286 [INFO] IPUIPlugin:80 - create IPUIPlugin
2025-06-25 14:41:33,286 [INFO] PluginManager:220 - loadIPPluginJar : add fmc
2025-06-25 14:41:33,290 [INFO] IPUIPlugin:80 - create IPUIPlugin
2025-06-25 14:41:33,291 [INFO] PluginManager:220 - loadIPPluginJar : add freertos
2025-06-25 14:41:33,292 [INFO] IPUIPlugin:80 - create IPUIPlugin
2025-06-25 14:41:33,292 [INFO] PluginManager:220 - loadIPPluginJar : add genericplugin
2025-06-25 14:41:33,294 [INFO] IPUIPlugin:80 - create IPUIPlugin
2025-06-25 14:41:33,294 [INFO] PluginManager:220 - loadIPPluginJar : add gfxmmu
2025-06-25 14:41:33,298 [INFO] IPUIPlugin:80 - create IPUIPlugin
2025-06-25 14:41:33,298 [INFO] PluginManager:220 - loadIPPluginJar : add gic
2025-06-25 14:41:33,303 [INFO] IPUIPlugin:80 - create IPUIPlugin
2025-06-25 14:41:33,303 [INFO] PluginManager:220 - loadIPPluginJar : add gpio
2025-06-25 14:41:33,306 [INFO] IPUIPlugin:80 - create IPUIPlugin
2025-06-25 14:41:33,306 [INFO] PluginManager:220 - loadIPPluginJar : add gtzc
2025-06-25 14:41:33,309 [INFO] IPUIPlugin:80 - create IPUIPlugin
2025-06-25 14:41:33,309 [INFO] PluginManager:220 - loadIPPluginJar : add hash
2025-06-25 14:41:33,312 [INFO] IPUIPlugin:80 - create IPUIPlugin
2025-06-25 14:41:33,312 [INFO] PluginManager:220 - loadIPPluginJar : add i2c
2025-06-25 14:41:33,315 [INFO] IPUIPlugin:80 - create IPUIPlugin
2025-06-25 14:41:33,315 [INFO] PluginManager:220 - loadIPPluginJar : add i2s
2025-06-25 14:41:33,318 [INFO] IPUIPlugin:80 - create IPUIPlugin
2025-06-25 14:41:33,318 [INFO] PluginManager:220 - loadIPPluginJar : add i3c
2025-06-25 14:41:33,321 [INFO] IPUIPlugin:80 - create IPUIPlugin
2025-06-25 14:41:33,322 [INFO] PluginManager:220 - loadIPPluginJar : add ipddr
2025-06-25 14:41:33,329 [INFO] IPUIPlugin:80 - create IPUIPlugin
2025-06-25 14:41:33,330 [INFO] PluginManager:220 - loadIPPluginJar : add linkedlist
2025-06-25 14:41:33,333 [INFO] IPUIPlugin:80 - create IPUIPlugin
2025-06-25 14:41:33,333 [INFO] PluginManager:220 - loadIPPluginJar : add lorawan
2025-06-25 14:41:33,336 [INFO] IPUIPlugin:80 - create IPUIPlugin
2025-06-25 14:41:33,336 [INFO] PluginManager:220 - loadIPPluginJar : add ltdc
2025-06-25 14:41:33,343 [INFO] IPUIPlugin:80 - create IPUIPlugin
2025-06-25 14:41:33,343 [INFO] PluginManager:220 - loadIPPluginJar : add mdma
2025-06-25 14:41:33,347 [INFO] IPUIPlugin:80 - create IPUIPlugin
2025-06-25 14:41:33,347 [INFO] PluginManager:220 - loadIPPluginJar : add nvic
2025-06-25 14:41:33,350 [INFO] IPUIPlugin:80 - create IPUIPlugin
2025-06-25 14:41:33,350 [INFO] PluginManager:220 - loadIPPluginJar : add opamp
2025-06-25 14:41:33,354 [INFO] IPUIPlugin:80 - create IPUIPlugin
2025-06-25 14:41:33,354 [INFO] PluginManager:220 - loadIPPluginJar : add openamp
2025-06-25 14:41:33,357 [INFO] IPUIPlugin:80 - create IPUIPlugin
2025-06-25 14:41:33,358 [INFO] PluginManager:220 - loadIPPluginJar : add pdm2pcm
2025-06-25 14:41:33,363 [INFO] IPUIPlugin:80 - create IPUIPlugin
2025-06-25 14:41:33,366 [INFO] PluginManager:220 - loadIPPluginJar : add plateformsettings
2025-06-25 14:41:33,369 [INFO] IPUIPlugin:80 - create IPUIPlugin
2025-06-25 14:41:33,369 [INFO] PluginManager:220 - loadIPPluginJar : add quadspi
2025-06-25 14:41:33,372 [INFO] IPUIPlugin:80 - create IPUIPlugin
2025-06-25 14:41:33,372 [INFO] PluginManager:220 - loadIPPluginJar : add resmgrutility
2025-06-25 14:41:33,375 [INFO] IPUIPlugin:80 - create IPUIPlugin
2025-06-25 14:41:33,375 [INFO] PluginManager:220 - loadIPPluginJar : add sai
2025-06-25 14:41:33,377 [INFO] IPUIPlugin:80 - create IPUIPlugin
2025-06-25 14:41:33,377 [INFO] PluginManager:220 - loadIPPluginJar : add spi
2025-06-25 14:41:33,381 [INFO] IPUIPlugin:80 - create IPUIPlugin
2025-06-25 14:41:33,382 [INFO] PluginManager:220 - loadIPPluginJar : add stm32_wpan
2025-06-25 14:41:33,383 [INFO] IPUIPlugin:80 - create IPUIPlugin
2025-06-25 14:41:33,383 [INFO] PluginManager:220 - loadIPPluginJar : add tim
2025-06-25 14:41:33,386 [INFO] IPUIPlugin:80 - create IPUIPlugin
2025-06-25 14:41:33,386 [INFO] PluginManager:220 - loadIPPluginJar : add touchsensing
2025-06-25 14:41:33,388 [INFO] IPUIPlugin:80 - create IPUIPlugin
2025-06-25 14:41:33,388 [INFO] PluginManager:220 - loadIPPluginJar : add tracer_emb
2025-06-25 14:41:33,390 [INFO] IPUIPlugin:80 - create IPUIPlugin
2025-06-25 14:41:33,390 [INFO] PluginManager:220 - loadIPPluginJar : add ts
2025-06-25 14:41:33,392 [INFO] IPUIPlugin:80 - create IPUIPlugin
2025-06-25 14:41:33,392 [INFO] PluginManager:220 - loadIPPluginJar : add tsc
2025-06-25 14:41:33,394 [INFO] IPUIPlugin:80 - create IPUIPlugin
2025-06-25 14:41:33,394 [INFO] PluginManager:220 - loadIPPluginJar : add ucpd
2025-06-25 14:41:33,397 [INFO] IPUIPlugin:80 - create IPUIPlugin
2025-06-25 14:41:33,397 [INFO] PluginManager:220 - loadIPPluginJar : add usart
2025-06-25 14:41:33,400 [INFO] IPUIPlugin:80 - create IPUIPlugin
2025-06-25 14:41:33,400 [INFO] PluginManager:220 - loadIPPluginJar : add usbx
2025-06-25 14:41:33,524 [INFO] CADModel:165 - CPN selected for project level
2025-06-25 14:41:33,525 [INFO] CADModel:114 - Register for checkConnection events
2025-06-25 14:41:33,525 [FATAL] Updater:308 - Updater called before beeing initialized
2025-06-25 14:41:33,525 [ERROR] CADModel:125 - Updater not yet initialized, retry later 
2025-06-25 14:41:33,650 [INFO] CADModel:165 - CPN selected for project level
2025-06-25 14:41:33,650 [INFO] CADModel:114 - Register for checkConnection events
2025-06-25 14:41:33,650 [FATAL] Updater:308 - Updater called before beeing initialized
2025-06-25 14:41:33,650 [ERROR] CADModel:125 - Updater not yet initialized, retry later 
2025-06-25 14:41:33,653 [FATAL] Updater:308 - Updater called before beeing initialized
2025-06-25 14:41:33,762 [FATAL] Updater:308 - Updater called before beeing initialized
2025-06-25 14:41:33,765 [INFO] DbMcusAds:53 - JSON generation date=Wed May 07 11:07:55 CEST 2025 (1746608875484)
2025-06-25 14:41:33,765 [FATAL] Updater:308 - Updater called before beeing initialized
2025-06-25 14:41:33,802 [WARN] DetailPanel:346 - Failed to get advertising image, set to default
2025-06-25 14:41:33,872 [FATAL] Updater:308 - Updater called before beeing initialized
2025-06-25 14:41:33,874 [FATAL] Updater:308 - Updater called before beeing initialized
2025-06-25 14:41:33,874 [FATAL] Updater:308 - Updater called before beeing initialized
2025-06-25 14:41:33,874 [WARN] DetailPanel:346 - Failed to get advertising image, set to default
2025-06-25 14:41:33,875 [FATAL] Updater:308 - Updater called before beeing initialized
2025-06-25 14:41:33,919 [ERROR] Updater:1120 - MainUpdater not yet initialized. External WinMGr cannot be set.
2025-06-25 14:41:33,921 [INFO] Updater:1056 - Updater Version found : 6.10.0
2025-06-25 14:41:33,940 [INFO] ApplicationProperties:184 - Using Application install path: D:\Program Files\STM32CubeIDE_1.14.1\STM32CubeIDE\plugins\com.st.stm32cube.common.mx_6.10.0.202311202037
2025-06-25 14:41:35,513 [ERROR] LogOutputStream:75 - [STDERR_REDIRECT] Jun 25, 2025 2:41:35 PM java.util.prefs.WindowsPreferences <init>
2025-06-25 14:41:35,514 [ERROR] LogOutputStream:75 - [STDERR_REDIRECT] WARNING: Could not open/create prefs root node Software\JavaSoft\Prefs at root 0xffffffff80000002. Windows RegCreateKeyEx(...) returned error code 5.
2025-06-25 14:41:35,514 [ERROR] LogOutputStream:75 - [STDERR_REDIRECT] 
2025-06-25 14:41:35,775 [INFO] MainUpdater:2873 - connection check result : 10
2025-06-25 14:41:35,776 [INFO] MainUpdater:290 - Updater Check For Update Now.
2025-06-25 14:41:35,776 [INFO] MicroXplorer:498 - Change Database Version : DB.6.0.100
2025-06-25 14:41:35,782 [INFO] McuFinderGlobals:63 - Set McuFinder mode to 2 (CubeIDE integrated)
2025-06-25 14:41:35,790 [WARN] MainUpdater:1194 - Updater busy. Cannot search thirdparties
2025-06-25 14:41:35,790 [INFO] ThirdPartyUpdaterWithRetryManager:96 - Updater plugin is busy. [1/15]
2025-06-25 14:41:35,970 [INFO] CheckServerUpdateThread:120 - End of CheckServer Thread
2025-06-25 14:41:36,000 [INFO] UserAuth:404 - Internet connection configuration mode: 1
2025-06-25 14:41:36,018 [INFO] JxBrowserEngine:152 - Initiate JxBrowser Engine with user profile folder
2025-06-25 14:41:37,095 [INFO] WebApp:161 - Instantiating new browser for Auth
2025-06-25 14:41:38,032 [INFO] WebApp:780 - Register for checkConnection events
2025-06-25 14:41:38,032 [INFO] WebApp:414 - Apply proxy settings
2025-06-25 14:41:38,033 [INFO] WebApp:499 - Chromium requires no authentication
2025-06-25 14:41:38,046 [INFO] WebApp:442 - Direct internet connection detected
2025-06-25 14:41:38,193 [INFO] WebApp:192 - Starting web application
2025-06-25 14:41:38,193 [INFO] WebApp:544 - Web application path used D:\Program Files\STM32CubeIDE_1.14.1\STM32CubeIDE\plugins\com.st.stm32cube.common.mx_6.10.0.202311202037\db\plugins\mcufinder\reactClient1\index.html
2025-06-25 14:41:39,016 [WARN] PackLoader:240 - Cannot read IP mode file for STMicroelectronics.FP-SNS-MOTENVWB1.1.4.0
2025-06-25 14:41:39,026 [WARN] PackLoader:240 - Cannot read IP mode file for STMicroelectronics.FP-ATR-ASTRA1.2.0.2
2025-06-25 14:41:39,036 [WARN] PackLoader:240 - Cannot read IP mode file for STMicroelectronics.X-CUBE-SMBUS.2.1.0
2025-06-25 14:41:39,045 [WARN] PackLoader:240 - Cannot read IP mode file for STMicroelectronics.X-CUBE-WB05N.1.1.0
2025-06-25 14:41:39,052 [WARN] PackLoader:240 - Cannot read IP mode file for STMicroelectronics.X-CUBE-TOUCHGFX.4.23.0
2025-06-25 14:41:39,083 [WARN] PackLoader:240 - Cannot read IP mode file for STMicroelectronics.X-CUBE-AZRTOS-F7.1.1.0
2025-06-25 14:41:39,094 [WARN] PackLoader:240 - Cannot read IP mode file for STMicroelectronics.FP-SNS-MOTENV1.4.3.2
2025-06-25 14:41:39,165 [WARN] PackLoader:240 - Cannot read IP mode file for STMicroelectronics.X-CUBE-MEMS1.11.0.0
2025-06-25 14:41:39,299 [WARN] PackLoader:240 - Cannot read IP mode file for STMicroelectronics.FP-SNS-FLIGHT1.5.0.2
2025-06-25 14:41:39,306 [WARN] PackLoader:240 - Cannot read IP mode file for STMicroelectronics.X-CUBE-DISPLAY.3.0.0
2025-06-25 14:41:39,314 [WARN] PackLoader:240 - Cannot read IP mode file for STMicroelectronics.X-CUBE-BLE1.7.0.0
2025-06-25 14:41:39,320 [WARN] PackLoader:240 - Cannot read IP mode file for STMicroelectronics.X-CUBE-NFC10.1.0.0
2025-06-25 14:41:39,331 [WARN] PackLoader:240 - Cannot read IP mode file for STMicroelectronics.X-CUBE-BLEMGR.4.0.0
2025-06-25 14:41:39,338 [WARN] PackLoader:240 - Cannot read IP mode file for emotas.I-CUBE-CANOPEN.1.3.0
2025-06-25 14:41:39,343 [WARN] ConditionMgr:438 - getConditionDescription Invalid condition id : Cortex-A Device cause : null
2025-06-25 14:41:39,357 [WARN] ConditionMgr:1039 - genDependencies : Invalid condition id : Cortex-A Device cause : null
2025-06-25 14:41:39,357 [WARN] ConditionMgr:1039 - genDependencies : Invalid condition id : Cortex-A Device cause : null
2025-06-25 14:41:39,357 [WARN] ConditionMgr:1039 - genDependencies : Invalid condition id : Cortex-A Device cause : null
2025-06-25 14:41:39,364 [WARN] PackLoader:240 - Cannot read IP mode file for STMicroelectronics.X-CUBE-BLEMGR.3.1.0
2025-06-25 14:41:39,370 [WARN] PackLoader:240 - Cannot read IP mode file for STMicroelectronics.X-CUBE-AI.10.0.0
2025-06-25 14:41:39,375 [WARN] PackLoader:240 - Cannot read IP mode file for STMicroelectronics.FP-SNS-SMARTAG2.1.2.0
2025-06-25 14:41:39,379 [ERROR] Engine:466 - C:\Users\abhim\.stm32cubemx\thirdparties\pdsc\STMicroelectronics.FP-SNS-FLIGHT1.5.1.0.pdsc: PDSC version is not supported
2025-06-25 14:41:39,420 [WARN] PackLoader:240 - Cannot read IP mode file for STMicroelectronics.X-CUBE-MEMS1.11.1.0
2025-06-25 14:41:39,524 [INFO] LogOutputStream:77 - [STDOUT_REDIRECT] 1 : Invalid condition id : UX_CORESTACK_Condition cause : null
2025-06-25 14:41:39,525 [INFO] LogOutputStream:77 - [STDOUT_REDIRECT] 1 : Invalid condition id : UX_CORESTACK_Condition cause : null
2025-06-25 14:41:39,526 [INFO] LogOutputStream:77 - [STDOUT_REDIRECT] 1 : Invalid condition id : UX_CORESTACK_Condition cause : null
2025-06-25 14:41:39,527 [INFO] LogOutputStream:77 - [STDOUT_REDIRECT] 1 : Invalid condition id : UX_CORESTACK_Condition cause : null
2025-06-25 14:41:39,527 [INFO] LogOutputStream:77 - [STDOUT_REDIRECT] 1 : Invalid condition id : UX_CORESTACK_Condition cause : null
2025-06-25 14:41:39,529 [WARN] PackLoader:240 - Cannot read IP mode file for STMicroelectronics.X-CUBE-AZRTOS-WL.2.0.0
2025-06-25 14:41:39,533 [WARN] PackLoader:240 - Cannot read IP mode file for STMicroelectronics.FP-SNS-MOTENV1.5.0.0
2025-06-25 14:41:39,537 [WARN] PackLoader:240 - Cannot read IP mode file for wolfSSL.I-CUBE-wolfMQTT.1.19.0
2025-06-25 14:41:39,544 [WARN] PackLoader:240 - Cannot read IP mode file for WES.I-CUBE-Cesium.1.3.0
2025-06-25 14:41:39,549 [WARN] PackLoader:240 - Cannot read IP mode file for STMicroelectronics.X-CUBE-BLE2.3.3.0
2025-06-25 14:41:39,554 [WARN] PackLoader:240 - Cannot read IP mode file for STMicroelectronics.X-CUBE-NFC9.1.0.0
2025-06-25 14:41:39,559 [WARN] PackLoader:240 - Cannot read IP mode file for STMicroelectronics.X-CUBE-BLE1.7.1.0
2025-06-25 14:41:39,565 [WARN] PackLoader:240 - Cannot read IP mode file for STMicroelectronics.X-CUBE-TCPP.4.1.0
2025-06-25 14:41:39,571 [WARN] PackLoader:240 - Cannot read IP mode file for STMicroelectronics.X-CUBE-AI.10.1.0
2025-06-25 14:41:39,577 [WARN] PackLoader:240 - Cannot read IP mode file for STMicroelectronics.X-CUBE-ALGOBUILD.1.3.0
2025-06-25 14:41:39,619 [WARN] PackLoader:240 - Cannot read IP mode file for STMicroelectronics.X-CUBE-MEMS1.11.2.0
2025-06-25 14:41:39,729 [WARN] PackLoader:240 - Cannot read IP mode file for STMicroelectronics.X-CUBE-AZRTOS-G0.1.1.0
2025-06-25 14:41:39,737 [WARN] PackLoader:240 - Cannot read IP mode file for STMicroelectronics.X-CUBE-SAFEA1.1.2.2
2025-06-25 14:41:39,743 [WARN] PackLoader:240 - Cannot read IP mode file for STMicroelectronics.X-CUBE-NFC4.3.0.0
2025-06-25 14:41:39,753 [WARN] PackLoader:240 - Cannot read IP mode file for EmbeddedOffice.I-CUBE-FS-RTOS.1.0.1
2025-06-25 14:41:39,754 [ERROR] ConditionMgr:805 - Attr not supported : Dmpu
2025-06-25 14:41:39,754 [ERROR] ConditionMgr:805 - Attr not supported : Dmpu
2025-06-25 14:41:39,754 [ERROR] ConditionMgr:805 - Attr not supported : Dmpu
2025-06-25 14:41:39,754 [ERROR] ConditionMgr:805 - Attr not supported : Dmpu
2025-06-25 14:41:39,754 [ERROR] ConditionMgr:805 - Attr not supported : Dmpu
2025-06-25 14:41:39,754 [ERROR] ConditionMgr:805 - Attr not supported : Dmpu
2025-06-25 14:41:39,754 [ERROR] ConditionMgr:805 - Attr not supported : Dmpu
2025-06-25 14:41:39,754 [ERROR] ConditionMgr:805 - Attr not supported : Dmpu
2025-06-25 14:41:39,754 [ERROR] ConditionMgr:805 - Attr not supported : Dmpu
2025-06-25 14:41:39,754 [ERROR] ConditionMgr:805 - Attr not supported : Dmpu
2025-06-25 14:41:39,755 [ERROR] ConditionMgr:805 - Attr not supported : Dmpu
2025-06-25 14:41:39,755 [ERROR] ConditionMgr:805 - Attr not supported : Dmpu
2025-06-25 14:41:39,755 [ERROR] ConditionMgr:805 - Attr not supported : Dmpu
2025-06-25 14:41:39,755 [ERROR] ConditionMgr:805 - Attr not supported : Dmpu
2025-06-25 14:41:39,755 [ERROR] ConditionMgr:805 - Attr not supported : Dmpu
2025-06-25 14:41:39,755 [ERROR] ConditionMgr:805 - Attr not supported : Dmpu
2025-06-25 14:41:39,755 [ERROR] ConditionMgr:805 - Attr not supported : Dmpu
2025-06-25 14:41:39,755 [ERROR] ConditionMgr:805 - Attr not supported : Dmpu
2025-06-25 14:41:39,755 [ERROR] ConditionMgr:805 - Attr not supported : Dmpu
2025-06-25 14:41:39,755 [ERROR] ConditionMgr:805 - Attr not supported : Dmpu
2025-06-25 14:41:39,755 [ERROR] ConditionMgr:805 - Attr not supported : Dmpu
2025-06-25 14:41:39,755 [ERROR] ConditionMgr:805 - Attr not supported : Dmpu
2025-06-25 14:41:39,755 [ERROR] ConditionMgr:805 - Attr not supported : Dmpu
2025-06-25 14:41:39,755 [ERROR] ConditionMgr:805 - Attr not supported : Dmpu
2025-06-25 14:41:39,756 [ERROR] ConditionMgr:805 - Attr not supported : Dmpu
2025-06-25 14:41:39,756 [ERROR] ConditionMgr:805 - Attr not supported : Dmpu
2025-06-25 14:41:39,756 [ERROR] ConditionMgr:805 - Attr not supported : Dmpu
2025-06-25 14:41:39,756 [ERROR] ConditionMgr:805 - Attr not supported : Dmpu
2025-06-25 14:41:39,756 [ERROR] ConditionMgr:805 - Attr not supported : Dmpu
2025-06-25 14:41:39,756 [ERROR] ConditionMgr:805 - Attr not supported : Dmpu
2025-06-25 14:41:39,756 [ERROR] ConditionMgr:805 - Attr not supported : Dmpu
2025-06-25 14:41:39,756 [ERROR] ConditionMgr:805 - Attr not supported : Dmpu
2025-06-25 14:41:39,756 [ERROR] ConditionMgr:805 - Attr not supported : Dmpu
2025-06-25 14:41:39,756 [ERROR] ConditionMgr:805 - Attr not supported : Dmpu
2025-06-25 14:41:39,756 [ERROR] ConditionMgr:805 - Attr not supported : Dmpu
2025-06-25 14:41:39,756 [ERROR] ConditionMgr:805 - Attr not supported : Dmpu
2025-06-25 14:41:39,756 [ERROR] ConditionMgr:805 - Attr not supported : Dmpu
2025-06-25 14:41:39,756 [ERROR] ConditionMgr:805 - Attr not supported : Dmpu
2025-06-25 14:41:39,756 [ERROR] ConditionMgr:805 - Attr not supported : Dmpu
2025-06-25 14:41:39,757 [ERROR] ConditionMgr:805 - Attr not supported : Dmpu
2025-06-25 14:41:39,757 [ERROR] ConditionMgr:805 - Attr not supported : Dmpu
2025-06-25 14:41:39,757 [ERROR] ConditionMgr:805 - Attr not supported : Dmpu
2025-06-25 14:41:39,757 [ERROR] ConditionMgr:805 - Attr not supported : Dmpu
2025-06-25 14:41:39,757 [ERROR] ConditionMgr:805 - Attr not supported : Dmpu
2025-06-25 14:41:39,757 [ERROR] ConditionMgr:805 - Attr not supported : Dmpu
2025-06-25 14:41:39,757 [ERROR] ConditionMgr:805 - Attr not supported : Dmpu
2025-06-25 14:41:39,757 [ERROR] ConditionMgr:805 - Attr not supported : Dmpu
2025-06-25 14:41:39,757 [ERROR] ConditionMgr:805 - Attr not supported : Dmpu
2025-06-25 14:41:39,757 [ERROR] ConditionMgr:805 - Attr not supported : Dmpu
2025-06-25 14:41:39,758 [ERROR] ConditionMgr:805 - Attr not supported : Dmpu
2025-06-25 14:41:39,758 [ERROR] ConditionMgr:805 - Attr not supported : Dmpu
2025-06-25 14:41:39,758 [ERROR] ConditionMgr:805 - Attr not supported : Dmpu
2025-06-25 14:41:39,758 [ERROR] ConditionMgr:805 - Attr not supported : Dmpu
2025-06-25 14:41:39,758 [ERROR] ConditionMgr:805 - Attr not supported : Dmpu
2025-06-25 14:41:39,758 [ERROR] ConditionMgr:805 - Attr not supported : Dmpu
2025-06-25 14:41:39,758 [ERROR] ConditionMgr:805 - Attr not supported : Dmpu
2025-06-25 14:41:39,758 [ERROR] ConditionMgr:805 - Attr not supported : Dmpu
2025-06-25 14:41:39,758 [ERROR] ConditionMgr:805 - Attr not supported : Dmpu
2025-06-25 14:41:39,758 [ERROR] ConditionMgr:805 - Attr not supported : Dmpu
2025-06-25 14:41:39,758 [ERROR] ConditionMgr:805 - Attr not supported : Dmpu
2025-06-25 14:41:39,758 [ERROR] ConditionMgr:805 - Attr not supported : Dmpu
2025-06-25 14:41:39,759 [ERROR] ConditionMgr:805 - Attr not supported : Dmpu
2025-06-25 14:41:39,759 [ERROR] ConditionMgr:805 - Attr not supported : Dmpu
2025-06-25 14:41:39,759 [ERROR] ConditionMgr:805 - Attr not supported : Dmpu
2025-06-25 14:41:39,763 [WARN] PackLoader:240 - Cannot read IP mode file for STMicroelectronics.X-CUBE-WB05N.2.0.0
2025-06-25 14:41:39,767 [ERROR] Engine:466 - C:\Users\abhim\.stm32cubemx\thirdparties\pdsc\STMicroelectronics.X-CUBE-TCPP.4.2.0.pdsc: PDSC version is not supported
2025-06-25 14:41:39,771 [WARN] PackLoader:240 - Cannot read IP mode file for RealThread.X-CUBE-RT-Thread_Nano.4.1.1
2025-06-25 14:41:39,776 [WARN] PackLoader:240 - Cannot read IP mode file for STMicroelectronics.FP-ATR-SIGFOX1.3.2.0
2025-06-25 14:41:39,782 [WARN] PackLoader:240 - Cannot read IP mode file for STMicroelectronics.X-CUBE-EEPRMA1.5.1.0
2025-06-25 14:41:39,787 [ERROR] Engine:466 - C:\Users\abhim\.stm32cubemx\thirdparties\pdsc\STMicroelectronics.X-CUBE-ST67W61.1.0.0.pdsc: PDSC version is not supported
2025-06-25 14:41:39,814 [WARN] PackLoader:240 - Cannot read IP mode file for SEGGER.I-CUBE-embOS.1.3.1
2025-06-25 14:41:39,843 [WARN] PackLoader:240 - Cannot read IP mode file for STMicroelectronics.X-CUBE-ALGOBUILD.1.4.0
2025-06-25 14:41:39,891 [WARN] PackLoader:240 - Cannot read IP mode file for STMicroelectronics.X-CUBE-MEMS1.11.3.0
2025-06-25 14:41:40,045 [WARN] PackLoader:240 - Cannot read IP mode file for STMicroelectronics.X-CUBE-AI.9.1.0
2025-06-25 14:41:40,050 [WARN] PackLoader:240 - Cannot read IP mode file for STMicroelectronics.X-CUBE-PM33A1.1.0.0
2025-06-25 14:41:40,058 [WARN] PackLoader:240 - Cannot read IP mode file for STMicroelectronics.X-CUBE-GNSS1.6.0.0
2025-06-25 14:41:40,075 [WARN] PackLoader:240 - Cannot read IP mode file for STMicroelectronics.X-CUBE-AZRTOS-F4.1.1.0
2025-06-25 14:41:40,079 [ERROR] Engine:466 - C:\Users\abhim\.stm32cubemx\thirdparties\pdsc\Avnet-IotConnect.X-CUBE-IoTC-DA16k-PMOD.1.0.0.pdsc: PDSC version is not supported
2025-06-25 14:41:40,083 [WARN] PackLoader:240 - Cannot read IP mode file for STMicroelectronics.X-CUBE-ISPU.2.1.0
2025-06-25 14:41:40,088 [WARN] PackLoader:240 - Cannot read IP mode file for STMicroelectronics.X-CUBE-FREERTOS.1.2.0
2025-06-25 14:41:40,093 [WARN] PackLoader:240 - Cannot read IP mode file for wolfSSL.I-CUBE-wolfSSL.5.6.6
2025-06-25 14:41:40,107 [WARN] PackLoader:240 - Cannot read IP mode file for STMicroelectronics.X-CUBE-AZRTOS-L5.2.0.0
2025-06-25 14:41:40,115 [WARN] PackLoader:240 - Cannot read IP mode file for STMicroelectronics.X-CUBE-NFC6.3.1.0
2025-06-25 14:41:40,122 [WARN] PackLoader:240 - Cannot read IP mode file for ITTIA_DB.I-CUBE-ITTIADB.8.8.0
2025-06-25 14:41:40,127 [WARN] PackLoader:240 - Cannot read IP mode file for STMicroelectronics.X-CUBE-DPower.1.2.0
2025-06-25 14:41:40,132 [WARN] PackLoader:240 - Cannot read IP mode file for STMicroelectronics.X-CUBE-FREERTOS.1.3.1
2025-06-25 14:41:40,136 [WARN] PackLoader:240 - Cannot read IP mode file for STMicroelectronics.X-CUBE-FREERTOS.1.3.0
2025-06-25 14:41:40,142 [WARN] PackLoader:240 - Cannot read IP mode file for STMicroelectronics.X-CUBE-NFC7.1.0.1
2025-06-25 14:41:40,148 [WARN] PackLoader:240 - Cannot read IP mode file for STMicroelectronics.X-CUBE-NFC6.3.0.0
2025-06-25 14:41:40,154 [WARN] PackLoader:240 - Cannot read IP mode file for STMicroelectronics.X-CUBE-DPower.1.3.0
2025-06-25 14:41:40,158 [WARN] PackLoader:240 - Cannot read IP mode file for STMicroelectronics.X-CUBE-AI.8.1.0
2025-06-25 14:41:40,171 [WARN] ConditionMgr:438 - getConditionDescription Invalid condition id : LAN8742 Phy interface Condition cause : null
2025-06-25 14:41:40,172 [WARN] PackLoader:240 - Cannot read IP mode file for STMicroelectronics.X-CUBE-AZRTOS-L4.2.0.0
2025-06-25 14:41:40,173 [WARN] ConditionMgr:1039 - genDependencies : Invalid condition id : LAN8742 Phy interface Condition cause : null
2025-06-25 14:41:40,174 [WARN] ConditionMgr:1039 - genDependencies : Invalid condition id : LAN8742 Phy interface Condition cause : null
2025-06-25 14:41:40,174 [WARN] ConditionMgr:1039 - genDependencies : Invalid condition id : LAN8742 Phy interface Condition cause : null
2025-06-25 14:41:40,181 [WARN] PackLoader:240 - Cannot read IP mode file for STMicroelectronics.X-CUBE-SFXS2LP1.4.0.0
2025-06-25 14:41:40,202 [WARN] PackLoader:240 - Cannot read IP mode file for STMicroelectronics.X-CUBE-AZRTOS-H7.3.3.0
2025-06-25 14:41:40,214 [WARN] PackLoader:240 - Cannot read IP mode file for STMicroelectronics.X-CUBE-IPS.3.0.0
2025-06-25 14:41:40,229 [WARN] ConditionMgr:438 - getConditionDescription Invalid condition id : UX DEVICE CLASS RTOS Condition cause : null
2025-06-25 14:41:40,229 [WARN] ConditionMgr:438 - getConditionDescription Invalid condition id : UX DEVICE CLASS RTOS Condition cause : null
2025-06-25 14:41:40,230 [WARN] PackLoader:240 - Cannot read IP mode file for STMicroelectronics.X-CUBE-AZRTOS-WB.2.0.0
2025-06-25 14:41:40,231 [WARN] ConditionMgr:1039 - genDependencies : Invalid condition id : UX DEVICE CLASS RTOS Condition cause : null
2025-06-25 14:41:40,231 [WARN] ConditionMgr:1039 - genDependencies : Invalid condition id : UX DEVICE CLASS RTOS Condition cause : null
2025-06-25 14:41:40,231 [WARN] ConditionMgr:1039 - genDependencies : Invalid condition id : UX DEVICE CLASS RTOS Condition cause : null
2025-06-25 14:41:40,232 [WARN] ConditionMgr:1039 - genDependencies : Invalid condition id : UX DEVICE CLASS RTOS Condition cause : null
2025-06-25 14:41:40,232 [WARN] ConditionMgr:1039 - genDependencies : Invalid condition id : UX DEVICE CLASS RTOS Condition cause : null
2025-06-25 14:41:40,237 [WARN] PackLoader:240 - Cannot read IP mode file for STMicroelectronics.X-CUBE-GNSS1.7.0.0
2025-06-25 14:41:40,242 [WARN] PackLoader:240 - Cannot read IP mode file for STMicroelectronics.X-CUBE-GNSS1.7.0.1
2025-06-25 14:41:40,246 [WARN] PackLoader:240 - Cannot read IP mode file for STMicroelectronics.X-CUBE-TOUCHGFX.4.25.0
2025-06-25 14:41:40,252 [WARN] PackLoader:240 - Cannot read IP mode file for STMicroelectronics.FP-SNS-STBOX1.2.0.0
2025-06-25 14:41:40,262 [WARN] PackLoader:240 - Cannot read IP mode file for STMicroelectronics.X-CUBE-SUBG2.5.0.0
2025-06-25 14:41:40,278 [WARN] PackLoader:240 - Cannot read IP mode file for STMicroelectronics.X-CUBE-AZRTOS-H7RS.1.1.0
2025-06-25 14:41:40,283 [WARN] PackLoader:240 - Cannot read IP mode file for Cesanta.I-CUBE-Mongoose.7.13.0
2025-06-25 14:41:40,295 [WARN] PackLoader:240 - Cannot read IP mode file for STMicroelectronics.X-CUBE-AZRTOS-G4.2.0.0
2025-06-25 14:41:40,308 [WARN] PackLoader:240 - Cannot read IP mode file for Infineon.AIROC-Wi-Fi-Bluetooth-STM32.1.5.1
2025-06-25 14:41:40,314 [WARN] PackLoader:240 - Cannot read IP mode file for STMicroelectronics.X-CUBE-NFC7.2.0.0
2025-06-25 14:41:40,318 [WARN] PackLoader:240 - Cannot read IP mode file for STMicroelectronics.FP-SNS-MOTENVWB1.1.3.1
2025-06-25 14:41:40,321 [WARN] PackLoader:240 - Cannot read IP mode file for STMicroelectronics.X-CUBE-ISPU.2.0.0
2025-06-25 14:41:40,325 [ERROR] Engine:466 - C:\Users\abhim\.stm32cubemx\thirdparties\pdsc\STMicroelectronics.X-CUBE-IPS.3.1.0.pdsc: PDSC version is not supported
2025-06-25 14:41:40,329 [WARN] PackLoader:240 - Cannot read IP mode file for STMicroelectronics.X-CUBE-ALS.1.0.2
2025-06-25 14:41:40,359 [WARN] PackLoader:240 - Cannot read IP mode file for STMicroelectronics.X-CUBE-MEMS1.10.0.0
2025-06-25 14:41:40,451 [WARN] PackLoader:240 - Cannot read IP mode file for STMicroelectronics.X-CUBE-FREERTOS.1.1.0
2025-06-25 14:41:40,455 [WARN] PackLoader:240 - Cannot read IP mode file for STMicroelectronics.X-CUBE-TOUCHGFX.4.24.1
2025-06-25 14:41:40,460 [WARN] PackLoader:240 - Cannot read IP mode file for wolfSSL.I-CUBE-wolfTPM.3.4.0
2025-06-25 14:41:40,465 [WARN] PackLoader:240 - Cannot read IP mode file for portGmbH.I-Cube-SoM-uGOAL.1.1.0
2025-06-25 14:41:40,468 [WARN] PackLoader:240 - Cannot read IP mode file for STMicroelectronics.X-CUBE-ALS.1.0.1
2025-06-25 14:41:40,482 [WARN] PackLoader:240 - Cannot read IP mode file for STMicroelectronics.X-CUBE-AZRTOS-H7RS.1.0.0
2025-06-25 14:41:40,487 [WARN] PackLoader:240 - Cannot read IP mode file for STMicroelectronics.FP-ATR-ASTRA1.2.0.0
2025-06-25 14:41:40,496 [WARN] PackLoader:240 - Cannot read IP mode file for STMicroelectronics.X-CUBE-TOF1.3.4.2
2025-06-25 14:41:40,506 [ERROR] Engine:466 - C:\Users\abhim\.stm32cubemx\thirdparties\pdsc\STMicroelectronics.X-CUBE-TOF1.3.4.3.pdsc: PDSC version is not supported
2025-06-25 14:41:40,515 [WARN] PackLoader:240 - Cannot read IP mode file for STMicroelectronics.X-CUBE-TOF1.3.4.0
2025-06-25 14:41:40,534 [WARN] PackLoader:240 - Cannot read IP mode file for STMicroelectronics.X-CUBE-AZRTOS-H7.3.2.0
2025-06-25 14:41:40,540 [WARN] PackLoader:240 - Cannot read IP mode file for wolfSSL.I-CUBE-wolfSSH.1.4.17
2025-06-25 14:41:40,540 [INFO] ThirdParty:978 - Integrity check success = true
2025-06-25 14:41:40,541 [INFO] IntegrityCheckThread:100 - exiting critical section [integrity check]
2025-06-25 14:41:40,541 [INFO] IntegrityCheckThread:103 - End integrity checks thread
2025-06-25 14:41:58,642 [ERROR] LogOutputStream:75 - [STDERR_REDIRECT] SLF4J: Failed to load class "org.slf4j.impl.StaticLoggerBinder".
2025-06-25 14:41:58,643 [ERROR] LogOutputStream:75 - [STDERR_REDIRECT] SLF4J: Defaulting to no-operation (NOP) logger implementation
2025-06-25 14:41:58,644 [ERROR] LogOutputStream:75 - [STDERR_REDIRECT] SLF4J: See http://www.slf4j.org/codes.html#StaticLoggerBinder for further details.
