2025-06-26 15:12:44,785 [ERROR] LogOutputStream:75 - [STDERR_REDIRECT] 
2025-06-26 21:16:38,072 [INFO] Activator:176 - 


2025-06-26 21:16:38,074 [INFO] Activator:177 - !SESSION log4j initialized
2025-06-26 21:16:42,165 [INFO] LogOutputStream:77 - [STDOUT_REDIRECT] 
2025-06-26 21:16:43,674 [INFO] ApplicationProperties:184 - Using Application install path: D:\Program Files\STM32CubeIDE_1.14.1\STM32CubeIDE\plugins\com.st.stm32cube.common.mx_6.10.0.202311202037
2025-06-26 21:16:43,691 [INFO] DbMcusXml:78 - Set database path to: D:\Program Files\STM32CubeIDE_1.14.1\STM32CubeIDE\plugins\com.st.stm32cube.common.mx_6.10.0.202311202037\\db\/mcu/
2025-06-26 21:16:43,691 [INFO] ApiDb:274 - Set plugin database path to: D:\Program Files\STM32CubeIDE_1.14.1\STM32CubeIDE\plugins\com.st.stm32cube.common.mx_6.10.0.202311202037\\db\/plugins/boardmanager/
2025-06-26 21:16:43,691 [WARN] ApiDb:259 - Overriding images path with different value:  => D:\Program Files\STM32CubeIDE_1.14.1\STM32CubeIDE\plugins\com.st.stm32cube.common.mx_6.10.0.202311202037\\db\/plugins/mcufinder/images/
2025-06-26 21:16:43,697 [INFO] ApiDb:250 - Set database path to: C:\Users\abhim\.stmcufinder\plugins\mcufinder//mcu/
2025-06-26 21:16:43,698 [INFO] DbMcusAds:125 - Set database path to: C:\Users\abhim\.stmcufinder\plugins\mcufinder//mcu/
2025-06-26 21:16:43,700 [INFO] CrossReferenceDbSqlite:203 - Set database path to: C:\Users\abhim\.stmcufinder\plugins\mcufinder//mcu/cs/
2025-06-26 21:16:43,784 [INFO] RulesReader:64 - Compatibility file has been processed (297 Rules)
2025-06-26 21:16:43,848 [INFO] DbMcusXml:78 - Set database path to: D:\Program Files\STM32CubeIDE_1.14.1\STM32CubeIDE\plugins\com.st.stm32cube.common.mx_6.10.0.202311202037\\db\/mcu/
2025-06-26 21:16:43,848 [INFO] ApiDb:274 - Set plugin database path to: D:\Program Files\STM32CubeIDE_1.14.1\STM32CubeIDE\plugins\com.st.stm32cube.common.mx_6.10.0.202311202037\\db\/plugins/boardmanager/
2025-06-26 21:16:43,848 [INFO] ApiDb:261 - Set plugin images path to: D:\Program Files\STM32CubeIDE_1.14.1\STM32CubeIDE\plugins\com.st.stm32cube.common.mx_6.10.0.202311202037\\db\/plugins/mcufinder/images/
2025-06-26 21:16:43,848 [WARN] DbFile:41 - Overriding database path with different value: C:\Users\abhim\.stmcufinder\plugins\mcufinder/ => C:\Users\abhim\.stmcufinder\plugins\mcufinder
2025-06-26 21:16:43,849 [INFO] ApiDb:250 - Set database path to: C:\Users\abhim\.stmcufinder\plugins\mcufinder//mcu/
2025-06-26 21:16:43,849 [WARN] DbFile:41 - Overriding database path with different value: C:\Users\abhim\.stmcufinder\plugins\mcufinder/ => C:\Users\abhim\.stmcufinder\plugins\mcufinder
2025-06-26 21:16:43,849 [INFO] DbMcusAds:125 - Set database path to: C:\Users\abhim\.stmcufinder\plugins\mcufinder//mcu/
2025-06-26 21:16:43,849 [WARN] DbFile:41 - Overriding database path with different value: C:\Users\abhim\.stmcufinder\plugins\mcufinder/ => C:\Users\abhim\.stmcufinder\plugins\mcufinder
2025-06-26 21:16:43,849 [WARN] DbFile:41 - Overriding database path with different value: C:\Users\abhim\.stmcufinder\plugins\mcufinder/ => C:\Users\abhim\.stmcufinder\plugins\mcufinder
2025-06-26 21:16:43,849 [INFO] CrossReferenceDbSqlite:203 - Set database path to: C:\Users\abhim\.stmcufinder\plugins\mcufinder//mcu/cs/
2025-06-26 21:16:43,912 [INFO] MainPanel:264 - HeapMemory: 268435456
2025-06-26 21:16:43,991 [INFO] DbMcusXml:78 - Set database path to: D:\Program Files\STM32CubeIDE_1.14.1\STM32CubeIDE\plugins\com.st.stm32cube.common.mx_6.10.0.202311202037\\db\/mcu/
2025-06-26 21:16:43,991 [INFO] ApiDb:274 - Set plugin database path to: D:\Program Files\STM32CubeIDE_1.14.1\STM32CubeIDE\plugins\com.st.stm32cube.common.mx_6.10.0.202311202037\\db\/plugins/boardmanager/
2025-06-26 21:16:43,991 [INFO] ApiDb:261 - Set plugin images path to: D:\Program Files\STM32CubeIDE_1.14.1\STM32CubeIDE\plugins\com.st.stm32cube.common.mx_6.10.0.202311202037\\db\/plugins/mcufinder/images/
2025-06-26 21:16:43,992 [WARN] DbFile:41 - Overriding database path with different value: C:\Users\abhim\.stmcufinder\plugins\mcufinder/ => C:\Users\abhim\.stmcufinder\plugins\mcufinder
2025-06-26 21:16:43,992 [INFO] ApiDb:250 - Set database path to: C:\Users\abhim\.stmcufinder\plugins\mcufinder//mcu/
2025-06-26 21:16:43,992 [WARN] DbFile:41 - Overriding database path with different value: C:\Users\abhim\.stmcufinder\plugins\mcufinder/ => C:\Users\abhim\.stmcufinder\plugins\mcufinder
2025-06-26 21:16:43,992 [INFO] DbMcusAds:125 - Set database path to: C:\Users\abhim\.stmcufinder\plugins\mcufinder//mcu/
2025-06-26 21:16:43,992 [WARN] DbFile:41 - Overriding database path with different value: C:\Users\abhim\.stmcufinder\plugins\mcufinder/ => C:\Users\abhim\.stmcufinder\plugins\mcufinder
2025-06-26 21:16:43,992 [WARN] DbFile:41 - Overriding database path with different value: C:\Users\abhim\.stmcufinder\plugins\mcufinder/ => C:\Users\abhim\.stmcufinder\plugins\mcufinder
2025-06-26 21:16:43,992 [INFO] CrossReferenceDbSqlite:203 - Set database path to: C:\Users\abhim\.stmcufinder\plugins\mcufinder//mcu/cs/
2025-06-26 21:16:44,007 [INFO] ApplicationProperties:184 - Using Application install path: D:\Program Files\STM32CubeIDE_1.14.1\STM32CubeIDE\plugins\com.st.stm32cube.common.mx_6.10.0.202311202037
2025-06-26 21:16:44,008 [INFO] PluginManage:196 - Search for loadable plugins [exclusion list=, ]
2025-06-26 21:16:44,009 [INFO] PluginManage:310 - Check plugin analytics
2025-06-26 21:16:44,145 [INFO] AnalyticsPlugin:253 - Accepted Software Licenses: 
2025-06-26 21:16:44,145 [INFO] AnalyticsPlugin:255 - Accepted CMSIS Pack Licenses: 
2025-06-26 21:16:44,145 [INFO] AnalyticsPlugin:257 - Accepted Firmware Licenses: FW.G4.1.5.0
2025-06-26 21:16:44,147 [INFO] PluginManage:359 - Loaded plugin analytics (category:tool,tabindex:-1)
2025-06-26 21:16:44,148 [INFO] PluginManage:310 - Check plugin cadmodel
2025-06-26 21:16:44,152 [INFO] CADModel:105 - Init CAD model plugin
2025-06-26 21:16:44,152 [INFO] PluginManage:359 - Loaded plugin cadmodel (category:power,tabindex:5)
2025-06-26 21:16:44,152 [INFO] PluginManage:310 - Check plugin clock
2025-06-26 21:16:44,160 [INFO] PluginManage:359 - Loaded plugin clock (category:base,tabindex:2)
2025-06-26 21:16:44,161 [INFO] PluginManage:310 - Check plugin ddr
2025-06-26 21:16:44,162 [INFO] PluginManage:359 - Loaded plugin ddr (category:tool,tabindex:6)
2025-06-26 21:16:44,163 [INFO] PluginManage:310 - Check plugin filemanager
2025-06-26 21:16:44,278 [INFO] PluginManage:359 - Loaded plugin filemanager (category:base,tabindex:10)
2025-06-26 21:16:44,278 [INFO] PluginManage:310 - Check plugin ipmanager
2025-06-26 21:16:44,284 [INFO] PluginManage:359 - Loaded plugin ipmanager (category:base,tabindex:5)
2025-06-26 21:16:44,285 [INFO] PluginManage:310 - Check plugin lpbam
2025-06-26 21:16:44,291 [INFO] PluginManage:359 - Loaded plugin lpbam (category:base,tabindex:0)
2025-06-26 21:16:44,292 [INFO] PluginManage:310 - Check plugin memorymap
2025-06-26 21:16:44,304 [INFO] PluginManage:359 - Loaded plugin memorymap (category:base,tabindex:4)
2025-06-26 21:16:44,304 [INFO] PluginManage:310 - Check plugin pinoutandconfiguration
2025-06-26 21:16:44,310 [INFO] PluginManage:359 - Loaded plugin pinoutandconfiguration (category:base,tabindex:1)
2025-06-26 21:16:44,310 [INFO] PluginManage:310 - Check plugin pinoutconfig
2025-06-26 21:16:44,386 [WARN] SupportedApi:132 - Cannot load RTOS API schema: s4s-elt-must-match.1: The content of 'definitions' must match (annotation?, (simpleType | complexType)?, (unique | key | keyref)*)). A problem was found starting at: attribute.
2025-06-26 21:16:44,530 [INFO] PluginManage:359 - Loaded plugin pinoutconfig (category:base,tabindex:0)
2025-06-26 21:16:44,531 [INFO] PluginManage:310 - Check plugin power
2025-06-26 21:16:44,540 [INFO] PluginManage:359 - Loaded plugin power (category:power,tabindex:4)
2025-06-26 21:16:44,540 [INFO] PluginManage:310 - Check plugin projectmanager
2025-06-26 21:16:44,551 [INFO] PluginManage:359 - Loaded plugin projectmanager (category:projectmanager,tabindex:3)
2025-06-26 21:16:44,551 [INFO] PluginManage:310 - Check plugin thirdparty
2025-06-26 21:16:44,655 [INFO] PluginManage:359 - Loaded plugin thirdparty (category:base,tabindex:-1)
2025-06-26 21:16:44,655 [WARN] IntegrityCheckThread:84 - waiting for thirdparty lock release [integrity check]
2025-06-26 21:16:44,656 [INFO] IntegrityCheckThread:86 - entering critical section [integrity check]
2025-06-26 21:16:44,656 [INFO] PluginManage:310 - Check plugin tools
2025-06-26 21:16:44,656 [INFO] ThirdPartyUpdaterWithRetryManager:70 - Updater plugin not ready yet. [1/15]
2025-06-26 21:16:44,658 [INFO] PluginManage:359 - Loaded plugin tools (category:base,tabindex:7)
2025-06-26 21:16:44,659 [INFO] PluginManage:310 - Check plugin tutovideos
2025-06-26 21:16:44,801 [INFO] PluginManage:359 - Loaded plugin tutovideos (category:base,tabindex:-1)
2025-06-26 21:16:44,802 [INFO] PluginManage:310 - Check plugin updater
2025-06-26 21:16:44,810 [INFO] PluginManage:359 - Loaded plugin updater (category:base,tabindex:12)
2025-06-26 21:16:44,810 [INFO] PluginManage:310 - Check plugin userauth
2025-06-26 21:16:44,815 [INFO] UserAuth:114 - Init User Auth plugin
2025-06-26 21:16:44,815 [INFO] PluginManage:359 - Loaded plugin userauth (category:base,tabindex:14)
2025-06-26 21:16:44,816 [INFO] PluginManage:283 - PluginManage : Loaded plugins [17]
2025-06-26 21:16:45,003 [INFO] PinOutPanel:1499 - setPackage(No Configuration,No Configuration)
2025-06-26 21:16:45,082 [INFO] CADModel:165 - CPN selected for project level
2025-06-26 21:16:45,082 [INFO] CADModel:114 - Register for checkConnection events
2025-06-26 21:16:45,096 [INFO] IPUIPlugin:80 - create IPUIPlugin
2025-06-26 21:16:45,096 [INFO] PluginManager:220 - loadIPPluginJar : add adc
2025-06-26 21:16:45,098 [INFO] IPUIPlugin:80 - create IPUIPlugin
2025-06-26 21:16:45,098 [INFO] PluginManager:220 - loadIPPluginJar : add aes
2025-06-26 21:16:45,100 [INFO] IPUIPlugin:80 - create IPUIPlugin
2025-06-26 21:16:45,100 [INFO] PluginManager:220 - loadIPPluginJar : add can
2025-06-26 21:16:45,101 [INFO] IPUIPlugin:80 - create IPUIPlugin
2025-06-26 21:16:45,101 [INFO] PluginManager:220 - loadIPPluginJar : add comp
2025-06-26 21:16:45,102 [INFO] IPUIPlugin:80 - create IPUIPlugin
2025-06-26 21:16:45,102 [INFO] PluginManager:220 - loadIPPluginJar : add cryp
2025-06-26 21:16:45,104 [INFO] IPUIPlugin:80 - create IPUIPlugin
2025-06-26 21:16:45,104 [INFO] PluginManager:220 - loadIPPluginJar : add dfsdm
2025-06-26 21:16:45,109 [INFO] IPUIPlugin:80 - create IPUIPlugin
2025-06-26 21:16:45,109 [INFO] PluginManager:220 - loadIPPluginJar : add dma
2025-06-26 21:16:45,110 [INFO] IPUIPlugin:80 - create IPUIPlugin
2025-06-26 21:16:45,110 [INFO] PluginManager:220 - loadIPPluginJar : add dma3
2025-06-26 21:16:45,111 [INFO] IPUIPlugin:80 - create IPUIPlugin
2025-06-26 21:16:45,111 [INFO] PluginManager:220 - loadIPPluginJar : add fatfs
2025-06-26 21:16:45,114 [INFO] IPUIPlugin:80 - create IPUIPlugin
2025-06-26 21:16:45,114 [INFO] PluginManager:220 - loadIPPluginJar : add fmc
2025-06-26 21:16:45,118 [INFO] IPUIPlugin:80 - create IPUIPlugin
2025-06-26 21:16:45,119 [INFO] PluginManager:220 - loadIPPluginJar : add freertos
2025-06-26 21:16:45,119 [INFO] IPUIPlugin:80 - create IPUIPlugin
2025-06-26 21:16:45,119 [INFO] PluginManager:220 - loadIPPluginJar : add genericplugin
2025-06-26 21:16:45,121 [INFO] IPUIPlugin:80 - create IPUIPlugin
2025-06-26 21:16:45,121 [INFO] PluginManager:220 - loadIPPluginJar : add gfxmmu
2025-06-26 21:16:45,124 [INFO] IPUIPlugin:80 - create IPUIPlugin
2025-06-26 21:16:45,124 [INFO] PluginManager:220 - loadIPPluginJar : add gic
2025-06-26 21:16:45,128 [INFO] IPUIPlugin:80 - create IPUIPlugin
2025-06-26 21:16:45,128 [INFO] PluginManager:220 - loadIPPluginJar : add gpio
2025-06-26 21:16:45,129 [INFO] IPUIPlugin:80 - create IPUIPlugin
2025-06-26 21:16:45,130 [INFO] PluginManager:220 - loadIPPluginJar : add gtzc
2025-06-26 21:16:45,131 [INFO] IPUIPlugin:80 - create IPUIPlugin
2025-06-26 21:16:45,131 [INFO] PluginManager:220 - loadIPPluginJar : add hash
2025-06-26 21:16:45,134 [INFO] IPUIPlugin:80 - create IPUIPlugin
2025-06-26 21:16:45,135 [INFO] PluginManager:220 - loadIPPluginJar : add i2c
2025-06-26 21:16:45,137 [INFO] IPUIPlugin:80 - create IPUIPlugin
2025-06-26 21:16:45,137 [INFO] PluginManager:220 - loadIPPluginJar : add i2s
2025-06-26 21:16:45,139 [INFO] IPUIPlugin:80 - create IPUIPlugin
2025-06-26 21:16:45,139 [INFO] PluginManager:220 - loadIPPluginJar : add i3c
2025-06-26 21:16:45,142 [INFO] IPUIPlugin:80 - create IPUIPlugin
2025-06-26 21:16:45,142 [INFO] PluginManager:220 - loadIPPluginJar : add ipddr
2025-06-26 21:16:45,147 [INFO] IPUIPlugin:80 - create IPUIPlugin
2025-06-26 21:16:45,148 [INFO] PluginManager:220 - loadIPPluginJar : add linkedlist
2025-06-26 21:16:45,150 [INFO] IPUIPlugin:80 - create IPUIPlugin
2025-06-26 21:16:45,150 [INFO] PluginManager:220 - loadIPPluginJar : add lorawan
2025-06-26 21:16:45,151 [INFO] IPUIPlugin:80 - create IPUIPlugin
2025-06-26 21:16:45,152 [INFO] PluginManager:220 - loadIPPluginJar : add ltdc
2025-06-26 21:16:45,155 [INFO] IPUIPlugin:80 - create IPUIPlugin
2025-06-26 21:16:45,156 [INFO] PluginManager:220 - loadIPPluginJar : add mdma
2025-06-26 21:16:45,158 [INFO] IPUIPlugin:80 - create IPUIPlugin
2025-06-26 21:16:45,158 [INFO] PluginManager:220 - loadIPPluginJar : add nvic
2025-06-26 21:16:45,160 [INFO] IPUIPlugin:80 - create IPUIPlugin
2025-06-26 21:16:45,160 [INFO] PluginManager:220 - loadIPPluginJar : add opamp
2025-06-26 21:16:45,162 [INFO] IPUIPlugin:80 - create IPUIPlugin
2025-06-26 21:16:45,162 [INFO] PluginManager:220 - loadIPPluginJar : add openamp
2025-06-26 21:16:45,164 [INFO] IPUIPlugin:80 - create IPUIPlugin
2025-06-26 21:16:45,164 [INFO] PluginManager:220 - loadIPPluginJar : add pdm2pcm
2025-06-26 21:16:45,169 [INFO] IPUIPlugin:80 - create IPUIPlugin
2025-06-26 21:16:45,170 [INFO] PluginManager:220 - loadIPPluginJar : add plateformsettings
2025-06-26 21:16:45,171 [INFO] IPUIPlugin:80 - create IPUIPlugin
2025-06-26 21:16:45,171 [INFO] PluginManager:220 - loadIPPluginJar : add quadspi
2025-06-26 21:16:45,173 [INFO] IPUIPlugin:80 - create IPUIPlugin
2025-06-26 21:16:45,173 [INFO] PluginManager:220 - loadIPPluginJar : add resmgrutility
2025-06-26 21:16:45,175 [INFO] IPUIPlugin:80 - create IPUIPlugin
2025-06-26 21:16:45,175 [INFO] PluginManager:220 - loadIPPluginJar : add sai
2025-06-26 21:16:45,177 [INFO] IPUIPlugin:80 - create IPUIPlugin
2025-06-26 21:16:45,177 [INFO] PluginManager:220 - loadIPPluginJar : add spi
2025-06-26 21:16:45,180 [INFO] IPUIPlugin:80 - create IPUIPlugin
2025-06-26 21:16:45,180 [INFO] PluginManager:220 - loadIPPluginJar : add stm32_wpan
2025-06-26 21:16:45,181 [INFO] IPUIPlugin:80 - create IPUIPlugin
2025-06-26 21:16:45,182 [INFO] PluginManager:220 - loadIPPluginJar : add tim
2025-06-26 21:16:45,184 [INFO] IPUIPlugin:80 - create IPUIPlugin
2025-06-26 21:16:45,184 [INFO] PluginManager:220 - loadIPPluginJar : add touchsensing
2025-06-26 21:16:45,185 [INFO] IPUIPlugin:80 - create IPUIPlugin
2025-06-26 21:16:45,185 [INFO] PluginManager:220 - loadIPPluginJar : add tracer_emb
2025-06-26 21:16:45,186 [INFO] IPUIPlugin:80 - create IPUIPlugin
2025-06-26 21:16:45,186 [INFO] PluginManager:220 - loadIPPluginJar : add ts
2025-06-26 21:16:45,187 [INFO] IPUIPlugin:80 - create IPUIPlugin
2025-06-26 21:16:45,187 [INFO] PluginManager:220 - loadIPPluginJar : add tsc
2025-06-26 21:16:45,188 [INFO] IPUIPlugin:80 - create IPUIPlugin
2025-06-26 21:16:45,188 [INFO] PluginManager:220 - loadIPPluginJar : add ucpd
2025-06-26 21:16:45,189 [INFO] IPUIPlugin:80 - create IPUIPlugin
2025-06-26 21:16:45,189 [INFO] PluginManager:220 - loadIPPluginJar : add usart
2025-06-26 21:16:45,191 [INFO] IPUIPlugin:80 - create IPUIPlugin
2025-06-26 21:16:45,191 [INFO] PluginManager:220 - loadIPPluginJar : add usbx
2025-06-26 21:16:45,307 [INFO] CADModel:165 - CPN selected for project level
2025-06-26 21:16:45,307 [INFO] CADModel:114 - Register for checkConnection events
2025-06-26 21:16:45,308 [FATAL] Updater:308 - Updater called before beeing initialized
2025-06-26 21:16:45,308 [ERROR] CADModel:125 - Updater not yet initialized, retry later 
2025-06-26 21:16:45,417 [INFO] CADModel:165 - CPN selected for project level
2025-06-26 21:16:45,418 [INFO] CADModel:114 - Register for checkConnection events
2025-06-26 21:16:45,418 [FATAL] Updater:308 - Updater called before beeing initialized
2025-06-26 21:16:45,418 [ERROR] CADModel:125 - Updater not yet initialized, retry later 
2025-06-26 21:16:45,420 [FATAL] Updater:308 - Updater called before beeing initialized
2025-06-26 21:16:45,509 [FATAL] Updater:308 - Updater called before beeing initialized
2025-06-26 21:16:45,513 [INFO] DbMcusAds:53 - JSON generation date=Thu Jun 19 10:32:34 CEST 2025 (1750321954415)
2025-06-26 21:16:45,514 [FATAL] Updater:308 - Updater called before beeing initialized
2025-06-26 21:16:45,547 [WARN] DetailPanel:346 - Failed to get advertising image, set to default
2025-06-26 21:16:45,631 [FATAL] Updater:308 - Updater called before beeing initialized
2025-06-26 21:16:45,633 [FATAL] Updater:308 - Updater called before beeing initialized
2025-06-26 21:16:45,633 [FATAL] Updater:308 - Updater called before beeing initialized
2025-06-26 21:16:45,634 [WARN] DetailPanel:346 - Failed to get advertising image, set to default
2025-06-26 21:16:45,634 [FATAL] Updater:308 - Updater called before beeing initialized
2025-06-26 21:16:45,679 [ERROR] Updater:1120 - MainUpdater not yet initialized. External WinMGr cannot be set.
2025-06-26 21:16:45,681 [INFO] Updater:1056 - Updater Version found : 6.10.0
2025-06-26 21:16:45,702 [INFO] ApplicationProperties:184 - Using Application install path: D:\Program Files\STM32CubeIDE_1.14.1\STM32CubeIDE\plugins\com.st.stm32cube.common.mx_6.10.0.202311202037
2025-06-26 21:16:47,278 [ERROR] LogOutputStream:75 - [STDERR_REDIRECT] Jun 26, 2025 9:16:47 PM java.util.prefs.WindowsPreferences <init>
2025-06-26 21:16:47,279 [ERROR] LogOutputStream:75 - [STDERR_REDIRECT] WARNING: Could not open/create prefs root node Software\JavaSoft\Prefs at root 0xffffffff80000002. Windows RegCreateKeyEx(...) returned error code 5.
2025-06-26 21:16:47,279 [ERROR] LogOutputStream:75 - [STDERR_REDIRECT] 
2025-06-26 21:16:47,657 [INFO] ThirdPartyUpdaterWithRetryManager:70 - Updater plugin not ready yet. [2/15]
2025-06-26 21:16:49,290 [INFO] MainUpdater:2873 - connection check result : 10
2025-06-26 21:16:49,291 [INFO] MainUpdater:290 - Updater Check For Update Now.
2025-06-26 21:16:49,291 [INFO] MicroXplorer:498 - Change Database Version : DB.6.0.100
2025-06-26 21:16:49,297 [INFO] McuFinderGlobals:63 - Set McuFinder mode to 2 (CubeIDE integrated)
2025-06-26 21:16:49,494 [INFO] CheckServerUpdateThread:120 - End of CheckServer Thread
2025-06-26 21:16:49,546 [INFO] UserAuth:404 - Internet connection configuration mode: 1
2025-06-26 21:16:49,571 [INFO] JxBrowserEngine:152 - Initiate JxBrowser Engine with user profile folder
2025-06-26 21:16:50,468 [INFO] WebApp:161 - Instantiating new browser for Auth
2025-06-26 21:16:51,147 [WARN] PackLoader:240 - Cannot read IP mode file for STMicroelectronics.FP-SNS-MOTENVWB1.1.4.0
2025-06-26 21:16:51,158 [WARN] PackLoader:240 - Cannot read IP mode file for STMicroelectronics.FP-ATR-ASTRA1.2.0.2
2025-06-26 21:16:51,170 [WARN] PackLoader:240 - Cannot read IP mode file for STMicroelectronics.X-CUBE-SMBUS.2.1.0
2025-06-26 21:16:51,179 [WARN] PackLoader:240 - Cannot read IP mode file for STMicroelectronics.X-CUBE-WB05N.1.1.0
2025-06-26 21:16:51,186 [WARN] PackLoader:240 - Cannot read IP mode file for STMicroelectronics.X-CUBE-TOUCHGFX.4.23.0
2025-06-26 21:16:51,218 [WARN] PackLoader:240 - Cannot read IP mode file for STMicroelectronics.X-CUBE-AZRTOS-F7.1.1.0
2025-06-26 21:16:51,232 [WARN] PackLoader:240 - Cannot read IP mode file for STMicroelectronics.FP-SNS-MOTENV1.4.3.2
2025-06-26 21:16:51,323 [WARN] PackLoader:240 - Cannot read IP mode file for STMicroelectronics.X-CUBE-MEMS1.11.0.0
2025-06-26 21:16:51,526 [WARN] PackLoader:240 - Cannot read IP mode file for STMicroelectronics.FP-SNS-FLIGHT1.5.0.2
2025-06-26 21:16:51,537 [WARN] PackLoader:240 - Cannot read IP mode file for STMicroelectronics.X-CUBE-DISPLAY.3.0.0
2025-06-26 21:16:51,550 [WARN] PackLoader:240 - Cannot read IP mode file for STMicroelectronics.X-CUBE-BLE1.7.0.0
2025-06-26 21:16:51,557 [WARN] PackLoader:240 - Cannot read IP mode file for STMicroelectronics.X-CUBE-NFC10.1.0.0
2025-06-26 21:16:51,568 [WARN] PackLoader:240 - Cannot read IP mode file for STMicroelectronics.X-CUBE-BLEMGR.4.0.0
2025-06-26 21:16:51,582 [WARN] PackLoader:240 - Cannot read IP mode file for emotas.I-CUBE-CANOPEN.1.3.0
2025-06-26 21:16:51,587 [WARN] ConditionMgr:438 - getConditionDescription Invalid condition id : Cortex-A Device cause : null
2025-06-26 21:16:51,619 [WARN] ConditionMgr:1039 - genDependencies : Invalid condition id : Cortex-A Device cause : null
2025-06-26 21:16:51,619 [WARN] ConditionMgr:1039 - genDependencies : Invalid condition id : Cortex-A Device cause : null
2025-06-26 21:16:51,619 [WARN] ConditionMgr:1039 - genDependencies : Invalid condition id : Cortex-A Device cause : null
2025-06-26 21:16:51,640 [WARN] PackLoader:240 - Cannot read IP mode file for STMicroelectronics.X-CUBE-BLEMGR.3.1.0
2025-06-26 21:16:51,654 [WARN] PackLoader:240 - Cannot read IP mode file for STMicroelectronics.X-CUBE-AI.10.0.0
2025-06-26 21:16:51,668 [WARN] PackLoader:240 - Cannot read IP mode file for STMicroelectronics.FP-SNS-SMARTAG2.1.2.0
2025-06-26 21:16:51,680 [ERROR] Engine:466 - C:\Users\abhim\.stm32cubemx\thirdparties\pdsc\STMicroelectronics.FP-SNS-FLIGHT1.5.1.0.pdsc: PDSC version is not supported
2025-06-26 21:16:51,705 [INFO] WebApp:780 - Register for checkConnection events
2025-06-26 21:16:51,708 [INFO] WebApp:414 - Apply proxy settings
2025-06-26 21:16:51,708 [INFO] WebApp:499 - Chromium requires no authentication
2025-06-26 21:16:51,736 [INFO] WebApp:442 - Direct internet connection detected
2025-06-26 21:16:51,803 [WARN] PackLoader:240 - Cannot read IP mode file for STMicroelectronics.X-CUBE-MEMS1.11.1.0
2025-06-26 21:16:51,958 [INFO] LogOutputStream:77 - [STDOUT_REDIRECT] 1 : Invalid condition id : UX_CORESTACK_Condition cause : null
2025-06-26 21:16:51,959 [INFO] LogOutputStream:77 - [STDOUT_REDIRECT] 1 : Invalid condition id : UX_CORESTACK_Condition cause : null
2025-06-26 21:16:51,960 [INFO] LogOutputStream:77 - [STDOUT_REDIRECT] 1 : Invalid condition id : UX_CORESTACK_Condition cause : null
2025-06-26 21:16:51,962 [INFO] LogOutputStream:77 - [STDOUT_REDIRECT] 1 : Invalid condition id : UX_CORESTACK_Condition cause : null
2025-06-26 21:16:51,964 [INFO] LogOutputStream:77 - [STDOUT_REDIRECT] 1 : Invalid condition id : UX_CORESTACK_Condition cause : null
2025-06-26 21:16:51,967 [WARN] PackLoader:240 - Cannot read IP mode file for STMicroelectronics.X-CUBE-AZRTOS-WL.2.0.0
2025-06-26 21:16:51,973 [WARN] PackLoader:240 - Cannot read IP mode file for STMicroelectronics.FP-SNS-MOTENV1.5.0.0
2025-06-26 21:16:51,978 [WARN] PackLoader:240 - Cannot read IP mode file for wolfSSL.I-CUBE-wolfMQTT.1.19.0
2025-06-26 21:16:51,987 [WARN] PackLoader:240 - Cannot read IP mode file for WES.I-CUBE-Cesium.1.3.0
2025-06-26 21:16:51,993 [WARN] PackLoader:240 - Cannot read IP mode file for STMicroelectronics.X-CUBE-BLE2.3.3.0
2025-06-26 21:16:52,000 [WARN] PackLoader:240 - Cannot read IP mode file for STMicroelectronics.X-CUBE-NFC9.1.0.0
2025-06-26 21:16:52,005 [WARN] PackLoader:240 - Cannot read IP mode file for STMicroelectronics.X-CUBE-BLE1.7.1.0
2025-06-26 21:16:52,012 [WARN] PackLoader:240 - Cannot read IP mode file for STMicroelectronics.X-CUBE-TCPP.4.1.0
2025-06-26 21:16:52,017 [WARN] PackLoader:240 - Cannot read IP mode file for STMicroelectronics.X-CUBE-AI.10.1.0
2025-06-26 21:16:52,023 [WARN] PackLoader:240 - Cannot read IP mode file for STMicroelectronics.X-CUBE-ALGOBUILD.1.3.0
2025-06-26 21:16:52,082 [WARN] PackLoader:240 - Cannot read IP mode file for STMicroelectronics.X-CUBE-MEMS1.11.2.0
2025-06-26 21:16:52,118 [INFO] WebApp:192 - Starting web application
2025-06-26 21:16:52,118 [INFO] WebApp:544 - Web application path used D:\Program Files\STM32CubeIDE_1.14.1\STM32CubeIDE\plugins\com.st.stm32cube.common.mx_6.10.0.202311202037\db\plugins\mcufinder\reactClient1\index.html
2025-06-26 21:16:52,252 [WARN] PackLoader:240 - Cannot read IP mode file for STMicroelectronics.X-CUBE-AZRTOS-G0.1.1.0
2025-06-26 21:16:52,262 [WARN] PackLoader:240 - Cannot read IP mode file for STMicroelectronics.X-CUBE-SAFEA1.1.2.2
2025-06-26 21:16:52,270 [WARN] PackLoader:240 - Cannot read IP mode file for STMicroelectronics.X-CUBE-NFC4.3.0.0
2025-06-26 21:16:52,314 [WARN] PackLoader:240 - Cannot read IP mode file for EmbeddedOffice.I-CUBE-FS-RTOS.1.0.1
2025-06-26 21:16:52,315 [ERROR] ConditionMgr:805 - Attr not supported : Dmpu
2025-06-26 21:16:52,315 [ERROR] ConditionMgr:805 - Attr not supported : Dmpu
2025-06-26 21:16:52,315 [ERROR] ConditionMgr:805 - Attr not supported : Dmpu
2025-06-26 21:16:52,315 [ERROR] ConditionMgr:805 - Attr not supported : Dmpu
2025-06-26 21:16:52,317 [ERROR] ConditionMgr:805 - Attr not supported : Dmpu
2025-06-26 21:16:52,318 [ERROR] ConditionMgr:805 - Attr not supported : Dmpu
2025-06-26 21:16:52,318 [ERROR] ConditionMgr:805 - Attr not supported : Dmpu
2025-06-26 21:16:52,318 [ERROR] ConditionMgr:805 - Attr not supported : Dmpu
2025-06-26 21:16:52,318 [ERROR] ConditionMgr:805 - Attr not supported : Dmpu
2025-06-26 21:16:52,318 [ERROR] ConditionMgr:805 - Attr not supported : Dmpu
2025-06-26 21:16:52,318 [ERROR] ConditionMgr:805 - Attr not supported : Dmpu
2025-06-26 21:16:52,318 [ERROR] ConditionMgr:805 - Attr not supported : Dmpu
2025-06-26 21:16:52,318 [ERROR] ConditionMgr:805 - Attr not supported : Dmpu
2025-06-26 21:16:52,318 [ERROR] ConditionMgr:805 - Attr not supported : Dmpu
2025-06-26 21:16:52,318 [ERROR] ConditionMgr:805 - Attr not supported : Dmpu
2025-06-26 21:16:52,319 [ERROR] ConditionMgr:805 - Attr not supported : Dmpu
2025-06-26 21:16:52,319 [ERROR] ConditionMgr:805 - Attr not supported : Dmpu
2025-06-26 21:16:52,319 [ERROR] ConditionMgr:805 - Attr not supported : Dmpu
2025-06-26 21:16:52,320 [ERROR] ConditionMgr:805 - Attr not supported : Dmpu
2025-06-26 21:16:52,320 [ERROR] ConditionMgr:805 - Attr not supported : Dmpu
2025-06-26 21:16:52,320 [ERROR] ConditionMgr:805 - Attr not supported : Dmpu
2025-06-26 21:16:52,320 [ERROR] ConditionMgr:805 - Attr not supported : Dmpu
2025-06-26 21:16:52,320 [ERROR] ConditionMgr:805 - Attr not supported : Dmpu
2025-06-26 21:16:52,320 [ERROR] ConditionMgr:805 - Attr not supported : Dmpu
2025-06-26 21:16:52,320 [ERROR] ConditionMgr:805 - Attr not supported : Dmpu
2025-06-26 21:16:52,320 [ERROR] ConditionMgr:805 - Attr not supported : Dmpu
2025-06-26 21:16:52,320 [ERROR] ConditionMgr:805 - Attr not supported : Dmpu
2025-06-26 21:16:52,320 [ERROR] ConditionMgr:805 - Attr not supported : Dmpu
2025-06-26 21:16:52,320 [ERROR] ConditionMgr:805 - Attr not supported : Dmpu
2025-06-26 21:16:52,320 [ERROR] ConditionMgr:805 - Attr not supported : Dmpu
2025-06-26 21:16:52,320 [ERROR] ConditionMgr:805 - Attr not supported : Dmpu
2025-06-26 21:16:52,320 [ERROR] ConditionMgr:805 - Attr not supported : Dmpu
2025-06-26 21:16:52,320 [ERROR] ConditionMgr:805 - Attr not supported : Dmpu
2025-06-26 21:16:52,320 [ERROR] ConditionMgr:805 - Attr not supported : Dmpu
2025-06-26 21:16:52,320 [ERROR] ConditionMgr:805 - Attr not supported : Dmpu
2025-06-26 21:16:52,321 [ERROR] ConditionMgr:805 - Attr not supported : Dmpu
2025-06-26 21:16:52,321 [ERROR] ConditionMgr:805 - Attr not supported : Dmpu
2025-06-26 21:16:52,321 [ERROR] ConditionMgr:805 - Attr not supported : Dmpu
2025-06-26 21:16:52,322 [ERROR] ConditionMgr:805 - Attr not supported : Dmpu
2025-06-26 21:16:52,322 [ERROR] ConditionMgr:805 - Attr not supported : Dmpu
2025-06-26 21:16:52,322 [ERROR] ConditionMgr:805 - Attr not supported : Dmpu
2025-06-26 21:16:52,322 [ERROR] ConditionMgr:805 - Attr not supported : Dmpu
2025-06-26 21:16:52,322 [ERROR] ConditionMgr:805 - Attr not supported : Dmpu
2025-06-26 21:16:52,322 [ERROR] ConditionMgr:805 - Attr not supported : Dmpu
2025-06-26 21:16:52,322 [ERROR] ConditionMgr:805 - Attr not supported : Dmpu
2025-06-26 21:16:52,322 [ERROR] ConditionMgr:805 - Attr not supported : Dmpu
2025-06-26 21:16:52,322 [ERROR] ConditionMgr:805 - Attr not supported : Dmpu
2025-06-26 21:16:52,322 [ERROR] ConditionMgr:805 - Attr not supported : Dmpu
2025-06-26 21:16:52,323 [ERROR] ConditionMgr:805 - Attr not supported : Dmpu
2025-06-26 21:16:52,323 [ERROR] ConditionMgr:805 - Attr not supported : Dmpu
2025-06-26 21:16:52,323 [ERROR] ConditionMgr:805 - Attr not supported : Dmpu
2025-06-26 21:16:52,323 [ERROR] ConditionMgr:805 - Attr not supported : Dmpu
2025-06-26 21:16:52,323 [ERROR] ConditionMgr:805 - Attr not supported : Dmpu
2025-06-26 21:16:52,323 [ERROR] ConditionMgr:805 - Attr not supported : Dmpu
2025-06-26 21:16:52,323 [ERROR] ConditionMgr:805 - Attr not supported : Dmpu
2025-06-26 21:16:52,323 [ERROR] ConditionMgr:805 - Attr not supported : Dmpu
2025-06-26 21:16:52,323 [ERROR] ConditionMgr:805 - Attr not supported : Dmpu
2025-06-26 21:16:52,323 [ERROR] ConditionMgr:805 - Attr not supported : Dmpu
2025-06-26 21:16:52,323 [ERROR] ConditionMgr:805 - Attr not supported : Dmpu
2025-06-26 21:16:52,323 [ERROR] ConditionMgr:805 - Attr not supported : Dmpu
2025-06-26 21:16:52,324 [ERROR] ConditionMgr:805 - Attr not supported : Dmpu
2025-06-26 21:16:52,324 [ERROR] ConditionMgr:805 - Attr not supported : Dmpu
2025-06-26 21:16:52,324 [ERROR] ConditionMgr:805 - Attr not supported : Dmpu
2025-06-26 21:16:52,326 [ERROR] ConditionMgr:805 - Attr not supported : Dmpu
2025-06-26 21:16:52,331 [WARN] PackLoader:240 - Cannot read IP mode file for STMicroelectronics.X-CUBE-WB05N.2.0.0
2025-06-26 21:16:52,338 [ERROR] Engine:466 - C:\Users\abhim\.stm32cubemx\thirdparties\pdsc\STMicroelectronics.X-CUBE-TCPP.4.2.0.pdsc: PDSC version is not supported
2025-06-26 21:16:52,355 [WARN] PackLoader:240 - Cannot read IP mode file for RealThread.X-CUBE-RT-Thread_Nano.4.1.1
2025-06-26 21:16:52,363 [WARN] PackLoader:240 - Cannot read IP mode file for STMicroelectronics.FP-ATR-SIGFOX1.3.2.0
2025-06-26 21:16:52,369 [WARN] PackLoader:240 - Cannot read IP mode file for STMicroelectronics.X-CUBE-EEPRMA1.5.1.0
2025-06-26 21:16:52,377 [ERROR] Engine:466 - C:\Users\abhim\.stm32cubemx\thirdparties\pdsc\STMicroelectronics.X-CUBE-ST67W61.1.0.0.pdsc: PDSC version is not supported
2025-06-26 21:16:52,422 [WARN] PackLoader:240 - Cannot read IP mode file for SEGGER.I-CUBE-embOS.1.3.1
2025-06-26 21:16:52,513 [WARN] PackLoader:240 - Cannot read IP mode file for STMicroelectronics.X-CUBE-ALGOBUILD.1.4.0
2025-06-26 21:16:52,563 [WARN] PackLoader:240 - Cannot read IP mode file for STMicroelectronics.X-CUBE-MEMS1.11.3.0
2025-06-26 21:16:52,704 [WARN] PackLoader:240 - Cannot read IP mode file for STMicroelectronics.X-CUBE-AI.9.1.0
2025-06-26 21:16:52,719 [WARN] PackLoader:240 - Cannot read IP mode file for STMicroelectronics.X-CUBE-PM33A1.1.0.0
2025-06-26 21:16:52,731 [WARN] PackLoader:240 - Cannot read IP mode file for STMicroelectronics.X-CUBE-GNSS1.6.0.0
2025-06-26 21:16:52,754 [WARN] PackLoader:240 - Cannot read IP mode file for STMicroelectronics.X-CUBE-AZRTOS-F4.1.1.0
2025-06-26 21:16:52,761 [ERROR] Engine:466 - C:\Users\abhim\.stm32cubemx\thirdparties\pdsc\Avnet-IotConnect.X-CUBE-IoTC-DA16k-PMOD.1.0.0.pdsc: PDSC version is not supported
2025-06-26 21:16:52,767 [WARN] PackLoader:240 - Cannot read IP mode file for STMicroelectronics.X-CUBE-ISPU.2.1.0
2025-06-26 21:16:52,777 [WARN] PackLoader:240 - Cannot read IP mode file for STMicroelectronics.X-CUBE-FREERTOS.1.2.0
2025-06-26 21:16:52,783 [WARN] PackLoader:240 - Cannot read IP mode file for wolfSSL.I-CUBE-wolfSSL.5.6.6
2025-06-26 21:16:52,804 [WARN] PackLoader:240 - Cannot read IP mode file for STMicroelectronics.X-CUBE-AZRTOS-L5.2.0.0
2025-06-26 21:16:52,816 [WARN] PackLoader:240 - Cannot read IP mode file for STMicroelectronics.X-CUBE-NFC6.3.1.0
2025-06-26 21:16:52,827 [WARN] PackLoader:240 - Cannot read IP mode file for ITTIA_DB.I-CUBE-ITTIADB.8.8.0
2025-06-26 21:16:52,835 [WARN] PackLoader:240 - Cannot read IP mode file for STMicroelectronics.X-CUBE-DPower.1.2.0
2025-06-26 21:16:52,843 [WARN] PackLoader:240 - Cannot read IP mode file for STMicroelectronics.X-CUBE-FREERTOS.1.3.1
2025-06-26 21:16:52,848 [WARN] PackLoader:240 - Cannot read IP mode file for STMicroelectronics.X-CUBE-FREERTOS.1.3.0
2025-06-26 21:16:52,854 [WARN] PackLoader:240 - Cannot read IP mode file for STMicroelectronics.X-CUBE-NFC7.1.0.1
2025-06-26 21:16:52,865 [WARN] PackLoader:240 - Cannot read IP mode file for STMicroelectronics.X-CUBE-NFC6.3.0.0
2025-06-26 21:16:52,872 [WARN] PackLoader:240 - Cannot read IP mode file for STMicroelectronics.X-CUBE-DPower.1.3.0
2025-06-26 21:16:52,879 [WARN] PackLoader:240 - Cannot read IP mode file for STMicroelectronics.X-CUBE-AI.8.1.0
2025-06-26 21:16:52,898 [WARN] ConditionMgr:438 - getConditionDescription Invalid condition id : LAN8742 Phy interface Condition cause : null
2025-06-26 21:16:52,899 [WARN] PackLoader:240 - Cannot read IP mode file for STMicroelectronics.X-CUBE-AZRTOS-L4.2.0.0
2025-06-26 21:16:52,900 [WARN] ConditionMgr:1039 - genDependencies : Invalid condition id : LAN8742 Phy interface Condition cause : null
2025-06-26 21:16:52,900 [WARN] ConditionMgr:1039 - genDependencies : Invalid condition id : LAN8742 Phy interface Condition cause : null
2025-06-26 21:16:52,901 [WARN] ConditionMgr:1039 - genDependencies : Invalid condition id : LAN8742 Phy interface Condition cause : null
2025-06-26 21:16:52,909 [WARN] PackLoader:240 - Cannot read IP mode file for STMicroelectronics.X-CUBE-SFXS2LP1.4.0.0
2025-06-26 21:16:52,931 [WARN] PackLoader:240 - Cannot read IP mode file for STMicroelectronics.X-CUBE-AZRTOS-H7.3.3.0
2025-06-26 21:16:52,946 [WARN] PackLoader:240 - Cannot read IP mode file for STMicroelectronics.X-CUBE-IPS.3.0.0
2025-06-26 21:16:52,965 [WARN] ConditionMgr:438 - getConditionDescription Invalid condition id : UX DEVICE CLASS RTOS Condition cause : null
2025-06-26 21:16:52,966 [WARN] ConditionMgr:438 - getConditionDescription Invalid condition id : UX DEVICE CLASS RTOS Condition cause : null
2025-06-26 21:16:52,967 [WARN] PackLoader:240 - Cannot read IP mode file for STMicroelectronics.X-CUBE-AZRTOS-WB.2.0.0
2025-06-26 21:16:52,968 [WARN] ConditionMgr:1039 - genDependencies : Invalid condition id : UX DEVICE CLASS RTOS Condition cause : null
2025-06-26 21:16:52,968 [WARN] ConditionMgr:1039 - genDependencies : Invalid condition id : UX DEVICE CLASS RTOS Condition cause : null
2025-06-26 21:16:52,969 [WARN] ConditionMgr:1039 - genDependencies : Invalid condition id : UX DEVICE CLASS RTOS Condition cause : null
2025-06-26 21:16:52,969 [WARN] ConditionMgr:1039 - genDependencies : Invalid condition id : UX DEVICE CLASS RTOS Condition cause : null
2025-06-26 21:16:52,969 [WARN] ConditionMgr:1039 - genDependencies : Invalid condition id : UX DEVICE CLASS RTOS Condition cause : null
2025-06-26 21:16:52,977 [WARN] PackLoader:240 - Cannot read IP mode file for STMicroelectronics.X-CUBE-GNSS1.7.0.0
2025-06-26 21:16:52,984 [WARN] PackLoader:240 - Cannot read IP mode file for STMicroelectronics.X-CUBE-GNSS1.7.0.1
2025-06-26 21:16:52,990 [WARN] PackLoader:240 - Cannot read IP mode file for STMicroelectronics.X-CUBE-TOUCHGFX.4.25.0
2025-06-26 21:16:52,998 [WARN] PackLoader:240 - Cannot read IP mode file for STMicroelectronics.FP-SNS-STBOX1.2.0.0
2025-06-26 21:16:53,015 [WARN] PackLoader:240 - Cannot read IP mode file for STMicroelectronics.X-CUBE-SUBG2.5.0.0
2025-06-26 21:16:53,047 [WARN] PackLoader:240 - Cannot read IP mode file for STMicroelectronics.X-CUBE-AZRTOS-H7RS.1.1.0
2025-06-26 21:16:53,054 [WARN] PackLoader:240 - Cannot read IP mode file for Cesanta.I-CUBE-Mongoose.7.13.0
2025-06-26 21:16:53,070 [WARN] PackLoader:240 - Cannot read IP mode file for STMicroelectronics.X-CUBE-AZRTOS-G4.2.0.0
2025-06-26 21:16:53,084 [WARN] PackLoader:240 - Cannot read IP mode file for Infineon.AIROC-Wi-Fi-Bluetooth-STM32.1.5.1
2025-06-26 21:16:53,101 [WARN] PackLoader:240 - Cannot read IP mode file for STMicroelectronics.X-CUBE-NFC7.2.0.0
2025-06-26 21:16:53,108 [WARN] PackLoader:240 - Cannot read IP mode file for STMicroelectronics.FP-SNS-MOTENVWB1.1.3.1
2025-06-26 21:16:53,115 [WARN] PackLoader:240 - Cannot read IP mode file for STMicroelectronics.X-CUBE-ISPU.2.0.0
2025-06-26 21:16:53,120 [ERROR] Engine:466 - C:\Users\abhim\.stm32cubemx\thirdparties\pdsc\STMicroelectronics.X-CUBE-IPS.3.1.0.pdsc: PDSC version is not supported
2025-06-26 21:16:53,128 [WARN] PackLoader:240 - Cannot read IP mode file for STMicroelectronics.X-CUBE-ALS.1.0.2
2025-06-26 21:16:53,165 [WARN] PackLoader:240 - Cannot read IP mode file for STMicroelectronics.X-CUBE-MEMS1.10.0.0
2025-06-26 21:16:53,287 [WARN] PackLoader:240 - Cannot read IP mode file for STMicroelectronics.X-CUBE-FREERTOS.1.1.0
2025-06-26 21:16:53,296 [WARN] PackLoader:240 - Cannot read IP mode file for STMicroelectronics.X-CUBE-TOUCHGFX.4.24.1
2025-06-26 21:16:53,301 [WARN] PackLoader:240 - Cannot read IP mode file for wolfSSL.I-CUBE-wolfTPM.3.4.0
2025-06-26 21:16:53,303 [WARN] PackLoader:240 - Cannot read IP mode file for portGmbH.I-Cube-SoM-uGOAL.1.1.0
2025-06-26 21:16:53,312 [WARN] PackLoader:240 - Cannot read IP mode file for STMicroelectronics.X-CUBE-ALS.1.0.1
2025-06-26 21:16:53,329 [WARN] PackLoader:240 - Cannot read IP mode file for STMicroelectronics.X-CUBE-AZRTOS-H7RS.1.0.0
2025-06-26 21:16:53,339 [WARN] PackLoader:240 - Cannot read IP mode file for STMicroelectronics.FP-ATR-ASTRA1.2.0.0
2025-06-26 21:16:53,349 [WARN] PackLoader:240 - Cannot read IP mode file for STMicroelectronics.X-CUBE-TOF1.3.4.2
2025-06-26 21:16:53,365 [ERROR] Engine:466 - C:\Users\abhim\.stm32cubemx\thirdparties\pdsc\STMicroelectronics.X-CUBE-TOF1.3.4.3.pdsc: PDSC version is not supported
2025-06-26 21:16:53,372 [WARN] PackLoader:240 - Cannot read IP mode file for STMicroelectronics.X-CUBE-TOF1.3.4.0
2025-06-26 21:16:53,405 [WARN] PackLoader:240 - Cannot read IP mode file for STMicroelectronics.X-CUBE-AZRTOS-H7.3.2.0
2025-06-26 21:16:53,408 [WARN] PackLoader:240 - Cannot read IP mode file for wolfSSL.I-CUBE-wolfSSH.1.4.17
2025-06-26 21:16:53,408 [INFO] ThirdParty:978 - Integrity check success = true
2025-06-26 21:16:53,408 [INFO] IntegrityCheckThread:100 - exiting critical section [integrity check]
2025-06-26 21:16:53,408 [INFO] IntegrityCheckThread:103 - End integrity checks thread
2025-06-26 21:17:12,891 [ERROR] LogOutputStream:75 - [STDERR_REDIRECT] SLF4J: Failed to load class "org.slf4j.impl.StaticLoggerBinder".
2025-06-26 21:17:12,891 [ERROR] LogOutputStream:75 - [STDERR_REDIRECT] SLF4J: Defaulting to no-operation (NOP) logger implementation
2025-06-26 21:17:12,891 [ERROR] LogOutputStream:75 - [STDERR_REDIRECT] SLF4J: See http://www.slf4j.org/codes.html#StaticLoggerBinder for further details.
2025-06-26 22:00:31,633 [INFO] McuFinderGlobals:63 - Set McuFinder mode to 2 (CubeIDE integrated)
2025-06-26 22:00:31,653 [INFO] MainUpdater:2873 - connection check result : 10
2025-06-26 22:00:32,324 [INFO] ApiDb:581 - Connected to CubeFinder SQLite database (C:\Users\abhim\.stmcufinder\plugins\mcufinder\mcu\cube-finder-db.db)
2025-06-26 22:00:32,421 [INFO] ApiDb:668 - CubeFinder database Data Model version=2.1
2025-06-26 22:00:32,422 [INFO] ApiDb:669 - CubeFinder database Configuration version=3.0.39
2025-06-26 22:00:32,423 [INFO] ApiDb:670 - CubeFinder database generation date=2025-06-16 (1750072209)
2025-06-26 22:00:32,423 [INFO] ApiDb:671 - CubeFinder database FW Pack versions=[FP-ATR-ASTRA1_V2.0.0, FP-SNS-FLIGHT1_V5.1.0, FP-SNS-MOTENV1_V5.0.0, FP-SNS-MOTENVWB1_V1.4.0, FP-SNS-SMARTAG2_V1.2.0, FP-SNS-STBOX1_V2.0.0, STM32Cube_FW_C0_V1.4.0, STM32Cube_FW_F4_V1.28.2, STM32Cube_FW_F7_V1.17.3, STM32Cube_FW_G0_V1.6.2, STM32Cube_FW_G4_V1.6.1, STM32Cube_FW_H5_V1.5.0, STM32Cube_FW_H7RS_V1.2.0, STM32Cube_FW_H7_V1.12.1, STM32Cube_FW_L0_V1.12.2, STM32Cube_FW_L4_V1.18.1, STM32Cube_FW_L5_V1.5.1, STM32Cube_FW_N6_V1.1.1, STM32Cube_FW_U0_V1.2.0, STM32Cube_FW_U3_V1.1.0, STM32Cube_FW_U5_V1.7.0, STM32Cube_FW_WB0_V1.2.0, STM32Cube_FW_WBA_V1.6.0, STM32Cube_FW_WB_V1.22.0, STM32Cube_FW_WL3_V1.1.0, STM32Cube_FW_WL_V1.3.1, X-CUBE-ALGOBUILD_V1.4.0, X-CUBE-ALS_V1.0.2, X-CUBE-AZRTOS-F4_V1.1.0, X-CUBE-AZRTOS-F7_V1.1.0, X-CUBE-AZRTOS-G0_V1.1.0, X-CUBE-AZRTOS-G4_V2.0.0, X-CUBE-AZRTOS-H7RS_V1.1.0, X-CUBE-AZRTOS-H7_V3.3.0, X-CUBE-AZRTOS-L4_V2.0.0, X-CUBE-AZRTOS-L5_V2.0.0, X-CUBE-AZRTOS-WB_V2.0.0, X-CUBE-AZRTOS-WL_V2.0.0, X-CUBE-BLE1_V7.1.0, X-CUBE-BLE2_V3.3.0, X-CUBE-BLEMGR_V4.0.0, X-CUBE-EEPRMA1_V5.1.0, X-CUBE-FREERTOS_V1.3.1, X-CUBE-GNSS1_V6.0.0, X-CUBE-MEMS1_V11.3.0, X-CUBE-NFC4_V3.0.0, X-CUBE-NFC7_V2.0.0, X-CUBE-SFXS2LP1_V4.0.0, X-CUBE-SUBG2_V5.0.0, X-CUBE-TOF1_V3.4.3]
2025-06-26 22:00:32,571 [INFO] DbBoardsSqlite:226 - include board P-NUCLEO-WB55-NUCLEO as a kit item of type 'Nucleo-64'
2025-06-26 22:00:32,572 [INFO] DbBoardsSqlite:226 - include board P-NUCLEO-WB55-USBDONGLE as a kit item of type 'Nucleo USB Dongle'
2025-06-26 22:00:32,574 [INFO] DbBoardsSqlite:226 - include board STEVAL-IDP005V1 as a kit item of type 'Evaluation Board'
2025-06-26 22:00:32,574 [INFO] DbBoardsSqlite:226 - include board STEVAL-IDP005V2 as a kit item of type 'Evaluation Board'
2025-06-26 22:00:33,142 [INFO] ApiDb:240 - Found 371 in-development CPN: [B-G473E-ZEST1S, B-WB1M-WPAN1, B-WL5M-SUBG1, NUCLEO-C031C6, NUCLEO-H503RB, NUCLEO-H563ZI, NUCLEO-U545RE-Q, NUCLEO-U5A5ZJ-Q, NUCLEO-WBA52CG, NUCLEO-WBA55CG, STEVAL-MKBOXPRO, STEVAL-PROTEUS1, STEVAL-STWINBX1, STM320518-EVAL, STM32C0116-DK, STM32C011D6Y3TR, STM32C011D6Y6TR, STM32C011F4P3, STM32C011F4P6, STM32C011F4U3, STM32C011F4U6TR, STM32C011F6P3, STM32C011F6P6, STM32C011F6U3, STM32C011F6U6TR, STM32C011J4M3, STM32C011J4M6, STM32C011J6M3, STM32C011J6M6, STM32C0316-DK, STM32C031C4T3, STM32C031C4T6, STM32C031C4U3, STM32C031C4U6, STM32C031C6T3, STM32C031C6T6, STM32C031C6U3, STM32C031C6U6, STM32C031F4P3, STM32C031F4P6, STM32C031F6P3, STM32C031F6P6, STM32C031G4U3, STM32C031G4U6, STM32C031G6U3, STM32C031G6U6, STM32C031K4T3, STM32C031K4T6, STM32C031K4U3, STM32C031K4U6, STM32C031K6T3, STM32C031K6T6, STM32C031K6U3, STM32C031K6U6, STM32G071K8TXN, STM32G071K8UXN, STM32G081GBU6N, STM32G081KBT6N, STM32G081KBUXN, STM32G0B1CCT6N, STM32G0B1KCT6, STM32G0B1NEY6TR, STM32G0B1RCT6N, STM32G0C1CCT6, STM32G0C1CCT6N, STM32G0C1CCU6N, STM32G0C1CET6N, STM32G0C1CEU6N, STM32G0C1KCT6, STM32G0C1NEY6TR, STM32G0C1RCI6N, STM32G0C1RCT6N, STM32G0C1REI6N, STM32G0C1RET6N, STM32G0C1VCI6, STM32G0C1VEI6, STM32G471CCT6, STM32G471CCU6, STM32G471CET3, STM32G471CET6, STM32G471CEU3, STM32G471CEU6, STM32G471MCT6, STM32G471MET3, STM32G471MET6, STM32G471MEY6TR, STM32G471QCT6, STM32G471QET3, STM32G471RCT6, STM32G471RET3, STM32G471RET6, STM32G471VCH6, STM32G471VCI6, STM32G471VCT6, STM32G471VEH3, STM32G471VEH6, STM32G471VEI3, STM32G471VEI6, STM32G471VET3, STM32G471VET6, STM32G474CCT6, STM32H503CBT6, STM32H503CBU6, STM32H503EBY6TR, STM32H503KBU6, STM32H503RBT6, STM32H562AGI6, STM32H562AII6, STM32H562IGK6, STM32H562IGT6, STM32H562IIK6, STM32H562IIT6, STM32H562RGT6, STM32H562RGV6, STM32H562RIT6, STM32H562RIV6, STM32H562VGT6, STM32H562VIT6, STM32H562ZGT6, STM32H562ZIT6, STM32H563AGI6, STM32H563AII3Q, STM32H563AII6, STM32H563IGK6, STM32H563IGT6, STM32H563IIK3Q, STM32H563IIK6, STM32H563IIT3Q, STM32H563IIT6, STM32H563MIY3QTR, STM32H563RGT6, STM32H563RGV6, STM32H563RIT6, STM32H563RIV6, STM32H563VGT6, STM32H563VIT3Q, STM32H563VIT6, STM32H563ZGT6, STM32H563ZIT3Q, STM32H563ZIT6, STM32H573AII3Q, STM32H573AII6, STM32H573I-DK, STM32H573IIK3Q, STM32H573IIK6, STM32H573IIT3Q, STM32H573IIT6, STM32H573MIY3QTR, STM32H573RIT6, STM32H573RIV6, STM32H573VIT3Q, STM32H573VIT6, STM32H573ZIT3Q, STM32H573ZIT6, STM32L4R5QGI6STR, STM32MP131AAE3, STM32MP131AAF3, STM32MP131AAG3, STM32MP131CAE3, STM32MP131CAF3, STM32MP131CAG3, STM32MP131DAE7, STM32MP131DAF7, STM32MP131DAG7, STM32MP131FAE7, STM32MP131FAF7, STM32MP131FAG7, STM32MP133AAE3, STM32MP133AAF3, STM32MP133AAG3, STM32MP133CAE3, STM32MP133CAF3, STM32MP133CAG3, STM32MP133DAE7, STM32MP133DAF7, STM32MP133DAG7, STM32MP133FAE7, STM32MP133FAF7, STM32MP133FAG7, STM32MP135AAE3, STM32MP135AAF3, STM32MP135AAG3, STM32MP135CAE3, STM32MP135CAF3, STM32MP135CAG3, STM32MP135DAE7, STM32MP135DAF7, STM32MP135DAG7, STM32MP135F-DK, STM32MP135FAE7, STM32MP135FAF7, STM32MP135FAF7T, STM32MP135FAF7U, STM32MP135FAG7, STM32U535CBT6, STM32U535CBT6Q, STM32U535CBU6, STM32U535CBU6Q, STM32U535CCT6, STM32U535CCT6Q, STM32U535CCU6, STM32U535CCU6Q, STM32U535CET6, STM32U535CET6Q, STM32U535CEU6, STM32U535CEU6Q, STM32U535JEY6QTR, STM32U535NCY6QTR, STM32U535NEY6QTR, STM32U535RBI6, STM32U535RBI6Q, STM32U535RBT6, STM32U535RBT6Q, STM32U535RCI6, STM32U535RCI6Q, STM32U535RCT6, STM32U535RCT6Q, STM32U535REI6, STM32U535REI6Q, STM32U535RET6, STM32U535RET6Q, STM32U535VCI6, STM32U535VCI6Q, STM32U535VCT6, STM32U535VCT6Q, STM32U535VEI6, STM32U535VEI6Q, STM32U535VET6, STM32U535VET6Q, STM32U545CET6, STM32U545CET6Q, STM32U545CEU6, STM32U545CEU6Q, STM32U545JEY6QTR, STM32U545NEY6QTR, STM32U545REI6, STM32U545REI6Q, STM32U545RET6, STM32U545RET6Q, STM32U545VEI6, STM32U545VEI6Q, STM32U545VET6, STM32U545VET6Q, STM32U595AIH6, STM32U595AIH6Q, STM32U595AJH6, STM32U595AJH6Q, STM32U595QII6, STM32U595QII6Q, STM32U595QJI6, STM32U595QJI6Q, STM32U595RIT6, STM32U595RIT6Q, STM32U595RJT6, STM32U595RJT6Q, STM32U595VIT6, STM32U595VIT6Q, STM32U595VJT6, STM32U595VJT6Q, STM32U595ZIT6, STM32U595ZIT6Q, STM32U595ZIY6QTR, STM32U595ZJT6, STM32U595ZJT6Q, STM32U595ZJY6QTR, STM32U599BJY6QTR, STM32U599NIH6Q, STM32U599NJH6Q, STM32U599VIT6Q, STM32U599VJT6, STM32U599VJT6Q, STM32U599ZIT6Q, STM32U599ZIY6QTR, STM32U599ZJT6Q, STM32U599ZJY6QTR, STM32U5A5AJH6, STM32U5A5AJH6Q, STM32U5A5QJI6, STM32U5A5QJI6Q, STM32U5A5RJT6, STM32U5A5RJT6Q, STM32U5A5VJT6, STM32U5A5VJT6Q, STM32U5A5ZJT6, STM32U5A5ZJT6Q, STM32U5A5ZJY6QTR, STM32U5A9BJY6QTR, STM32U5A9J-DK, STM32U5A9NJH6Q, STM32U5A9VJT6Q, STM32U5A9ZJT6Q, STM32U5A9ZJY6QTR, STM32U5F7VIT6, STM32U5F7VIT6Q, STM32U5F7VJT6, STM32U5F7VJT6Q, STM32U5F9BJY6QTR, STM32U5F9NJH6Q, STM32U5F9VIT6Q, STM32U5F9VJT6Q, STM32U5F9ZIJ6QTR, STM32U5F9ZIT6Q, STM32U5F9ZJJ6QTR, STM32U5F9ZJT6Q, STM32U5G7VJT6, STM32U5G7VJT6Q, STM32U5G9BJY6QTR, STM32U5G9J-DK1, STM32U5G9J-DK2, STM32U5G9NJH6Q, STM32U5G9VJT6Q, STM32U5G9ZJJ6QTR, STM32U5G9ZJT6Q, STM32WB1MMCH6, STM32WBA50KEU6, STM32WBA50KEU6TR, STM32WBA50KGU6, STM32WBA50KGU6TR, STM32WBA52CEU6, STM32WBA52CEU6TR, STM32WBA52CEU7, STM32WBA52CEU7TR, STM32WBA52CGU6, STM32WBA52CGU6TR, STM32WBA52CGU6U, STM32WBA52CGU7, STM32WBA52CGU7TR, STM32WBA52KEU6, STM32WBA52KEU6TR, STM32WBA52KGU6, STM32WBA52KGU6TR, STM32WBA54CEU6, STM32WBA54CEU6TR, STM32WBA54CEU7, STM32WBA54CEU7TR, STM32WBA54CGU6, STM32WBA54CGU6TR, STM32WBA54CGU7, STM32WBA54CGU7TR, STM32WBA54KEU6, STM32WBA54KEU6TR, STM32WBA54KEU7, STM32WBA54KEU7TR, STM32WBA54KGU6, STM32WBA54KGU6TR, STM32WBA54KGU7, STM32WBA54KGU7TR, STM32WBA55CEU6, STM32WBA55CEU6TR, STM32WBA55CEU7, STM32WBA55CEU7TR, STM32WBA55CGU6, STM32WBA55CGU6TR, STM32WBA55CGU6U, STM32WBA55CGU7, STM32WBA55CGU7TR, STM32WBA55G-DK1, STM32WBA55HEF6, STM32WBA55HEF7, STM32WBA55HGF6, STM32WBA55HGF7, STM32WBA55UEI6, STM32WBA55UEI6TR, STM32WBA55UEI7, STM32WBA55UEI7TR, STM32WBA55UGI6, STM32WBA55UGI6TR, STM32WBA55UGI7, STM32WBA55UGI7TR, STM32WL5MOCH6, STM32WL5MOCH6TR]
2025-06-26 22:00:33,158 [INFO] BoardInfo:889 - No configuration file found for board B-WBA5M-WPAN
2025-06-26 22:00:33,159 [INFO] DbBoards:161 - Board is not supported: B-WBA5M-WPAN
2025-06-26 22:00:33,163 [INFO] BoardInfo:889 - No configuration file found for board NUCLEO-C051C8
2025-06-26 22:00:33,163 [INFO] DbBoards:161 - Board is not supported: NUCLEO-C051C8
2025-06-26 22:00:33,164 [INFO] BoardInfo:889 - No configuration file found for board NUCLEO-C071RB
2025-06-26 22:00:33,164 [INFO] DbBoards:161 - Board is not supported: NUCLEO-C071RB
2025-06-26 22:00:33,166 [INFO] BoardInfo:889 - No configuration file found for board NUCLEO-C092RC
2025-06-26 22:00:33,166 [INFO] DbBoards:161 - Board is not supported: NUCLEO-C092RC
2025-06-26 22:00:33,210 [INFO] BoardInfo:889 - No configuration file found for board NUCLEO-H533RE
2025-06-26 22:00:33,210 [INFO] DbBoards:161 - Board is not supported: NUCLEO-H533RE
2025-06-26 22:00:33,219 [INFO] BoardInfo:889 - No configuration file found for board NUCLEO-H7S3L8
2025-06-26 22:00:33,219 [INFO] DbBoards:161 - Board is not supported: NUCLEO-H7S3L8
2025-06-26 22:00:33,240 [INFO] BoardInfo:889 - No configuration file found for board NUCLEO-N657X0-Q
2025-06-26 22:00:33,240 [INFO] DbBoards:161 - Board is not supported: NUCLEO-N657X0-Q
2025-06-26 22:00:33,241 [INFO] BoardInfo:889 - No configuration file found for board NUCLEO-U031R8
2025-06-26 22:00:33,241 [INFO] DbBoards:161 - Board is not supported: NUCLEO-U031R8
2025-06-26 22:00:33,242 [INFO] BoardInfo:889 - No configuration file found for board NUCLEO-U083RC
2025-06-26 22:00:33,242 [INFO] DbBoards:161 - Board is not supported: NUCLEO-U083RC
2025-06-26 22:00:33,243 [INFO] BoardInfo:889 - No configuration file found for board NUCLEO-U385RG-Q
2025-06-26 22:00:33,243 [INFO] DbBoards:161 - Board is not supported: NUCLEO-U385RG-Q
2025-06-26 22:00:33,246 [INFO] BoardInfo:889 - No configuration file found for board NUCLEO-WB05KZ
2025-06-26 22:00:33,246 [INFO] DbBoards:161 - Board is not supported: NUCLEO-WB05KZ
2025-06-26 22:00:33,247 [INFO] BoardInfo:889 - No configuration file found for board NUCLEO-WB07CC
2025-06-26 22:00:33,247 [INFO] DbBoards:161 - Board is not supported: NUCLEO-WB07CC
2025-06-26 22:00:33,248 [INFO] BoardInfo:889 - No configuration file found for board NUCLEO-WB09KE
2025-06-26 22:00:33,248 [INFO] DbBoards:161 - Board is not supported: NUCLEO-WB09KE
2025-06-26 22:00:33,254 [INFO] BoardInfo:889 - No configuration file found for board NUCLEO-WBA65RI
2025-06-26 22:00:33,255 [INFO] DbBoards:161 - Board is not supported: NUCLEO-WBA65RI
2025-06-26 22:00:33,256 [INFO] BoardInfo:889 - No configuration file found for board NUCLEO-WL33CC1
2025-06-26 22:00:33,256 [INFO] DbBoards:161 - Board is not supported: NUCLEO-WL33CC1
2025-06-26 22:00:33,257 [INFO] BoardInfo:889 - No configuration file found for board NUCLEO-WL33CC2
2025-06-26 22:00:33,258 [INFO] DbBoards:161 - Board is not supported: NUCLEO-WL33CC2
2025-06-26 22:00:33,263 [INFO] BoardInfo:889 - No configuration file found for board P-NUCLEO-WB55
2025-06-26 22:00:33,264 [INFO] DbBoards:161 - Kit is not supported: P-NUCLEO-WB55
2025-06-26 22:00:33,271 [INFO] BoardInfo:889 - No configuration file found for board STEVAL-BFA001V1B
2025-06-26 22:00:33,272 [INFO] DbBoards:161 - Kit is not supported: STEVAL-BFA001V1B
2025-06-26 22:00:33,273 [INFO] BoardInfo:889 - No configuration file found for board STEVAL-BFA001V2B
2025-06-26 22:00:33,273 [INFO] DbBoards:161 - Kit is not supported: STEVAL-BFA001V2B
2025-06-26 22:00:33,355 [INFO] BoardInfo:889 - No configuration file found for board STM32H7S78-DK
2025-06-26 22:00:33,356 [INFO] DbBoards:161 - Board is not supported: STM32H7S78-DK
2025-06-26 22:00:33,394 [INFO] BoardInfo:889 - No configuration file found for board STM32MP257F-DK
2025-06-26 22:00:33,394 [INFO] DbBoards:161 - Board is not supported: STM32MP257F-DK
2025-06-26 22:00:33,395 [INFO] BoardInfo:889 - No configuration file found for board STM32MP257F-EV1
2025-06-26 22:00:33,396 [INFO] DbBoards:161 - Board is not supported: STM32MP257F-EV1
2025-06-26 22:00:33,397 [INFO] BoardInfo:889 - No configuration file found for board STM32N6570-DK
2025-06-26 22:00:33,397 [INFO] DbBoards:161 - Board is not supported: STM32N6570-DK
2025-06-26 22:00:33,398 [INFO] BoardInfo:889 - No configuration file found for board STM32U083C-DK
2025-06-26 22:00:33,399 [INFO] DbBoards:161 - Board is not supported: STM32U083C-DK
2025-06-26 22:00:33,407 [INFO] BoardInfo:889 - No configuration file found for board STM32WBA65I-DK1
2025-06-26 22:00:33,408 [INFO] DbBoards:161 - Board is not supported: STM32WBA65I-DK1
2025-06-26 22:00:33,408 [INFO] DbBoards:168 - Found 211 boards, 186 are supported
2025-06-26 22:00:33,408 [INFO] DbBoards:169 - Found 211 boards, 3 of them is supported for  Bsp
2025-06-26 22:00:33,423 [INFO] ApiDb:668 - CubeFinder database Data Model version=2.1
2025-06-26 22:00:33,423 [INFO] ApiDb:669 - CubeFinder database Configuration version=3.0.39
2025-06-26 22:00:33,423 [INFO] ApiDb:670 - CubeFinder database generation date=2025-06-16 (1750072209)
2025-06-26 22:00:33,423 [INFO] ApiDb:671 - CubeFinder database FW Pack versions=[FP-ATR-ASTRA1_V2.0.0, FP-SNS-FLIGHT1_V5.1.0, FP-SNS-MOTENV1_V5.0.0, FP-SNS-MOTENVWB1_V1.4.0, FP-SNS-SMARTAG2_V1.2.0, FP-SNS-STBOX1_V2.0.0, STM32Cube_FW_C0_V1.4.0, STM32Cube_FW_F4_V1.28.2, STM32Cube_FW_F7_V1.17.3, STM32Cube_FW_G0_V1.6.2, STM32Cube_FW_G4_V1.6.1, STM32Cube_FW_H5_V1.5.0, STM32Cube_FW_H7RS_V1.2.0, STM32Cube_FW_H7_V1.12.1, STM32Cube_FW_L0_V1.12.2, STM32Cube_FW_L4_V1.18.1, STM32Cube_FW_L5_V1.5.1, STM32Cube_FW_N6_V1.1.1, STM32Cube_FW_U0_V1.2.0, STM32Cube_FW_U3_V1.1.0, STM32Cube_FW_U5_V1.7.0, STM32Cube_FW_WB0_V1.2.0, STM32Cube_FW_WBA_V1.6.0, STM32Cube_FW_WB_V1.22.0, STM32Cube_FW_WL3_V1.1.0, STM32Cube_FW_WL_V1.3.1, X-CUBE-ALGOBUILD_V1.4.0, X-CUBE-ALS_V1.0.2, X-CUBE-AZRTOS-F4_V1.1.0, X-CUBE-AZRTOS-F7_V1.1.0, X-CUBE-AZRTOS-G0_V1.1.0, X-CUBE-AZRTOS-G4_V2.0.0, X-CUBE-AZRTOS-H7RS_V1.1.0, X-CUBE-AZRTOS-H7_V3.3.0, X-CUBE-AZRTOS-L4_V2.0.0, X-CUBE-AZRTOS-L5_V2.0.0, X-CUBE-AZRTOS-WB_V2.0.0, X-CUBE-AZRTOS-WL_V2.0.0, X-CUBE-BLE1_V7.1.0, X-CUBE-BLE2_V3.3.0, X-CUBE-BLEMGR_V4.0.0, X-CUBE-EEPRMA1_V5.1.0, X-CUBE-FREERTOS_V1.3.1, X-CUBE-GNSS1_V6.0.0, X-CUBE-MEMS1_V11.3.0, X-CUBE-NFC4_V3.0.0, X-CUBE-NFC7_V2.0.0, X-CUBE-SFXS2LP1_V4.0.0, X-CUBE-SUBG2_V5.0.0, X-CUBE-TOF1_V3.4.3]
2025-06-26 22:00:35,447 [INFO] ApiDb:240 - Found 371 in-development CPN: [B-G473E-ZEST1S, B-WB1M-WPAN1, B-WL5M-SUBG1, NUCLEO-C031C6, NUCLEO-H503RB, NUCLEO-H563ZI, NUCLEO-U545RE-Q, NUCLEO-U5A5ZJ-Q, NUCLEO-WBA52CG, NUCLEO-WBA55CG, STEVAL-MKBOXPRO, STEVAL-PROTEUS1, STEVAL-STWINBX1, STM320518-EVAL, STM32C0116-DK, STM32C011D6Y3TR, STM32C011D6Y6TR, STM32C011F4P3, STM32C011F4P6, STM32C011F4U3, STM32C011F4U6TR, STM32C011F6P3, STM32C011F6P6, STM32C011F6U3, STM32C011F6U6TR, STM32C011J4M3, STM32C011J4M6, STM32C011J6M3, STM32C011J6M6, STM32C0316-DK, STM32C031C4T3, STM32C031C4T6, STM32C031C4U3, STM32C031C4U6, STM32C031C6T3, STM32C031C6T6, STM32C031C6U3, STM32C031C6U6, STM32C031F4P3, STM32C031F4P6, STM32C031F6P3, STM32C031F6P6, STM32C031G4U3, STM32C031G4U6, STM32C031G6U3, STM32C031G6U6, STM32C031K4T3, STM32C031K4T6, STM32C031K4U3, STM32C031K4U6, STM32C031K6T3, STM32C031K6T6, STM32C031K6U3, STM32C031K6U6, STM32G071K8TXN, STM32G071K8UXN, STM32G081GBU6N, STM32G081KBT6N, STM32G081KBUXN, STM32G0B1CCT6N, STM32G0B1KCT6, STM32G0B1NEY6TR, STM32G0B1RCT6N, STM32G0C1CCT6, STM32G0C1CCT6N, STM32G0C1CCU6N, STM32G0C1CET6N, STM32G0C1CEU6N, STM32G0C1KCT6, STM32G0C1NEY6TR, STM32G0C1RCI6N, STM32G0C1RCT6N, STM32G0C1REI6N, STM32G0C1RET6N, STM32G0C1VCI6, STM32G0C1VEI6, STM32G471CCT6, STM32G471CCU6, STM32G471CET3, STM32G471CET6, STM32G471CEU3, STM32G471CEU6, STM32G471MCT6, STM32G471MET3, STM32G471MET6, STM32G471MEY6TR, STM32G471QCT6, STM32G471QET3, STM32G471RCT6, STM32G471RET3, STM32G471RET6, STM32G471VCH6, STM32G471VCI6, STM32G471VCT6, STM32G471VEH3, STM32G471VEH6, STM32G471VEI3, STM32G471VEI6, STM32G471VET3, STM32G471VET6, STM32G474CCT6, STM32H503CBT6, STM32H503CBU6, STM32H503EBY6TR, STM32H503KBU6, STM32H503RBT6, STM32H562AGI6, STM32H562AII6, STM32H562IGK6, STM32H562IGT6, STM32H562IIK6, STM32H562IIT6, STM32H562RGT6, STM32H562RGV6, STM32H562RIT6, STM32H562RIV6, STM32H562VGT6, STM32H562VIT6, STM32H562ZGT6, STM32H562ZIT6, STM32H563AGI6, STM32H563AII3Q, STM32H563AII6, STM32H563IGK6, STM32H563IGT6, STM32H563IIK3Q, STM32H563IIK6, STM32H563IIT3Q, STM32H563IIT6, STM32H563MIY3QTR, STM32H563RGT6, STM32H563RGV6, STM32H563RIT6, STM32H563RIV6, STM32H563VGT6, STM32H563VIT3Q, STM32H563VIT6, STM32H563ZGT6, STM32H563ZIT3Q, STM32H563ZIT6, STM32H573AII3Q, STM32H573AII6, STM32H573I-DK, STM32H573IIK3Q, STM32H573IIK6, STM32H573IIT3Q, STM32H573IIT6, STM32H573MIY3QTR, STM32H573RIT6, STM32H573RIV6, STM32H573VIT3Q, STM32H573VIT6, STM32H573ZIT3Q, STM32H573ZIT6, STM32L4R5QGI6STR, STM32MP131AAE3, STM32MP131AAF3, STM32MP131AAG3, STM32MP131CAE3, STM32MP131CAF3, STM32MP131CAG3, STM32MP131DAE7, STM32MP131DAF7, STM32MP131DAG7, STM32MP131FAE7, STM32MP131FAF7, STM32MP131FAG7, STM32MP133AAE3, STM32MP133AAF3, STM32MP133AAG3, STM32MP133CAE3, STM32MP133CAF3, STM32MP133CAG3, STM32MP133DAE7, STM32MP133DAF7, STM32MP133DAG7, STM32MP133FAE7, STM32MP133FAF7, STM32MP133FAG7, STM32MP135AAE3, STM32MP135AAF3, STM32MP135AAG3, STM32MP135CAE3, STM32MP135CAF3, STM32MP135CAG3, STM32MP135DAE7, STM32MP135DAF7, STM32MP135DAG7, STM32MP135F-DK, STM32MP135FAE7, STM32MP135FAF7, STM32MP135FAF7T, STM32MP135FAF7U, STM32MP135FAG7, STM32U535CBT6, STM32U535CBT6Q, STM32U535CBU6, STM32U535CBU6Q, STM32U535CCT6, STM32U535CCT6Q, STM32U535CCU6, STM32U535CCU6Q, STM32U535CET6, STM32U535CET6Q, STM32U535CEU6, STM32U535CEU6Q, STM32U535JEY6QTR, STM32U535NCY6QTR, STM32U535NEY6QTR, STM32U535RBI6, STM32U535RBI6Q, STM32U535RBT6, STM32U535RBT6Q, STM32U535RCI6, STM32U535RCI6Q, STM32U535RCT6, STM32U535RCT6Q, STM32U535REI6, STM32U535REI6Q, STM32U535RET6, STM32U535RET6Q, STM32U535VCI6, STM32U535VCI6Q, STM32U535VCT6, STM32U535VCT6Q, STM32U535VEI6, STM32U535VEI6Q, STM32U535VET6, STM32U535VET6Q, STM32U545CET6, STM32U545CET6Q, STM32U545CEU6, STM32U545CEU6Q, STM32U545JEY6QTR, STM32U545NEY6QTR, STM32U545REI6, STM32U545REI6Q, STM32U545RET6, STM32U545RET6Q, STM32U545VEI6, STM32U545VEI6Q, STM32U545VET6, STM32U545VET6Q, STM32U595AIH6, STM32U595AIH6Q, STM32U595AJH6, STM32U595AJH6Q, STM32U595QII6, STM32U595QII6Q, STM32U595QJI6, STM32U595QJI6Q, STM32U595RIT6, STM32U595RIT6Q, STM32U595RJT6, STM32U595RJT6Q, STM32U595VIT6, STM32U595VIT6Q, STM32U595VJT6, STM32U595VJT6Q, STM32U595ZIT6, STM32U595ZIT6Q, STM32U595ZIY6QTR, STM32U595ZJT6, STM32U595ZJT6Q, STM32U595ZJY6QTR, STM32U599BJY6QTR, STM32U599NIH6Q, STM32U599NJH6Q, STM32U599VIT6Q, STM32U599VJT6, STM32U599VJT6Q, STM32U599ZIT6Q, STM32U599ZIY6QTR, STM32U599ZJT6Q, STM32U599ZJY6QTR, STM32U5A5AJH6, STM32U5A5AJH6Q, STM32U5A5QJI6, STM32U5A5QJI6Q, STM32U5A5RJT6, STM32U5A5RJT6Q, STM32U5A5VJT6, STM32U5A5VJT6Q, STM32U5A5ZJT6, STM32U5A5ZJT6Q, STM32U5A5ZJY6QTR, STM32U5A9BJY6QTR, STM32U5A9J-DK, STM32U5A9NJH6Q, STM32U5A9VJT6Q, STM32U5A9ZJT6Q, STM32U5A9ZJY6QTR, STM32U5F7VIT6, STM32U5F7VIT6Q, STM32U5F7VJT6, STM32U5F7VJT6Q, STM32U5F9BJY6QTR, STM32U5F9NJH6Q, STM32U5F9VIT6Q, STM32U5F9VJT6Q, STM32U5F9ZIJ6QTR, STM32U5F9ZIT6Q, STM32U5F9ZJJ6QTR, STM32U5F9ZJT6Q, STM32U5G7VJT6, STM32U5G7VJT6Q, STM32U5G9BJY6QTR, STM32U5G9J-DK1, STM32U5G9J-DK2, STM32U5G9NJH6Q, STM32U5G9VJT6Q, STM32U5G9ZJJ6QTR, STM32U5G9ZJT6Q, STM32WB1MMCH6, STM32WBA50KEU6, STM32WBA50KEU6TR, STM32WBA50KGU6, STM32WBA50KGU6TR, STM32WBA52CEU6, STM32WBA52CEU6TR, STM32WBA52CEU7, STM32WBA52CEU7TR, STM32WBA52CGU6, STM32WBA52CGU6TR, STM32WBA52CGU6U, STM32WBA52CGU7, STM32WBA52CGU7TR, STM32WBA52KEU6, STM32WBA52KEU6TR, STM32WBA52KGU6, STM32WBA52KGU6TR, STM32WBA54CEU6, STM32WBA54CEU6TR, STM32WBA54CEU7, STM32WBA54CEU7TR, STM32WBA54CGU6, STM32WBA54CGU6TR, STM32WBA54CGU7, STM32WBA54CGU7TR, STM32WBA54KEU6, STM32WBA54KEU6TR, STM32WBA54KEU7, STM32WBA54KEU7TR, STM32WBA54KGU6, STM32WBA54KGU6TR, STM32WBA54KGU7, STM32WBA54KGU7TR, STM32WBA55CEU6, STM32WBA55CEU6TR, STM32WBA55CEU7, STM32WBA55CEU7TR, STM32WBA55CGU6, STM32WBA55CGU6TR, STM32WBA55CGU6U, STM32WBA55CGU7, STM32WBA55CGU7TR, STM32WBA55G-DK1, STM32WBA55HEF6, STM32WBA55HEF7, STM32WBA55HGF6, STM32WBA55HGF7, STM32WBA55UEI6, STM32WBA55UEI6TR, STM32WBA55UEI7, STM32WBA55UEI7TR, STM32WBA55UGI6, STM32WBA55UGI6TR, STM32WBA55UGI7, STM32WBA55UGI7TR, STM32WL5MOCH6, STM32WL5MOCH6TR]
2025-06-26 22:00:35,454 [INFO] DbMcus:218 - Found 4657 MCUs, 4657 are supported
2025-06-26 22:00:35,456 [INFO] ApiDb:423 - Load user favorites file C:\Users\abhim/.stm32cubeide/favorites.mcus.txt: 0 item(s)
2025-06-26 22:00:35,456 [INFO] ApiDb:427 - User favorites MCUs=[]
2025-06-26 22:00:35,457 [INFO] DbMcus:224 - Set 0 / 0 favorites MCUs
2025-06-26 22:00:35,930 [INFO] ApiDb:423 - Load user favorites file C:\Users\abhim/.stm32cubeide/favorites.boards.txt: 0 item(s)
2025-06-26 22:00:35,930 [INFO] ApiDb:427 - User favorites Boards=[]
2025-06-26 22:00:35,931 [INFO] DbBoards:198 - Set 0 / 0 favorites Boards
2025-06-26 22:00:35,933 [INFO] McuFinderGlobals:76 - Set McuFinderConnectedMode to true
2025-06-26 22:00:35,953 [INFO] MultiScanPanel:200 - Auto-refresh data requested => check proxy status ongoing
2025-06-26 22:00:35,958 [INFO] FinderPluginLoader:95 - Searching for filters in installed packs
2025-06-26 22:00:37,832 [INFO] LoadUrlFilesThread:185 - End of LoadServerUrlFiles without Thread
2025-06-26 22:00:37,886 [INFO] DetailPanel:341 - Set advertising image to C:/Users/abhim/STM32Cube/Repository/\en.cubemxfinderstm32wba6.jpg
2025-06-26 22:00:43,853 [INFO] MultiScanPanel:200 - Auto-refresh data requested => check proxy status ongoing
2025-06-26 22:00:44,012 [INFO] LoadUrlFilesThread:185 - End of LoadServerUrlFiles without Thread
2025-06-26 22:00:44,013 [INFO] DetailPanel:341 - Set advertising image to C:/Users/abhim/STM32Cube/Repository/\en.cubemxfinderstm32wba6.jpg
2025-06-26 22:00:44,031 [INFO] DbBoards:642 - Loading board mini-images...
2025-06-26 22:00:46,729 [INFO] DbBoards:665 - Loaded 211 board mini-images
2025-06-26 22:01:26,177 [INFO] MainUpdater:2873 - connection check result : 10
2025-06-26 22:01:26,178 [INFO] MainUpdater:2873 - connection check result : 10
2025-06-26 22:01:26,208 [INFO] MicroXplorer:468 - Change Database Path : 
2025-06-26 22:01:26,208 [INFO] MicroXplorer:498 - Change Database Version : DB.6.0.100
2025-06-26 22:01:26,216 [WARN] ThirdParty:871 - waiting for thirdparty lock release [close project]
2025-06-26 22:01:26,216 [INFO] ThirdParty:873 - entering critical section [close project]
2025-06-26 22:01:26,218 [INFO] ThirdParty:883 - exiting critical section [close project]
2025-06-26 22:01:26,222 [INFO] PinOutPanel:1499 - setPackage(No Configuration,No Configuration)
2025-06-26 22:01:26,228 [INFO] UtilMem:75 - Begin LoadConfig() Used Memory: 776486272 Bytes (956301312)
2025-06-26 22:01:26,235 [INFO] OpenFileManager:312 - Change cursor
2025-06-26 22:01:26,287 [INFO] ProjectFactory:440 - No CPN specified for board NUCLEO-G474RE => set CPN to STM32G474RET6
2025-06-26 22:01:26,289 [INFO] Mcu:2016 - Initializing MCU STM32G474R(B-C-E)Tx STM32G474RETx STM32G474RET6
2025-06-26 22:01:32,438 [INFO] Context:659 - Trying to add GPIOservice into a context  which must be forbidden
2025-06-26 22:01:34,996 [INFO] Rule:228 - rule 117617 - U5Cobra4M][GTZC] default value MPCBB3 and MPCBB5 - Not Secured memory - MPCBB1 is applicable
2025-06-26 22:01:34,997 [INFO] Rule:228 - rule 117617 - U5Cobra4M][GTZC] default value MPCBB3 and MPCBB5 - Not Secured memory - MPCBB1 is applicable
2025-06-26 22:01:34,998 [INFO] Rule:228 - rule 117617 - U5Cobra4M][GTZC] default value MPCBB3 and MPCBB5 - Not Secured memory - MPCBB2 is applicable
2025-06-26 22:01:34,998 [INFO] Rule:228 - rule 117617 - U5Cobra4M][GTZC] default value MPCBB3 and MPCBB5 - Not Secured memory - MPCBB2 is applicable
2025-06-26 22:01:34,998 [INFO] Rule:228 - rule 117617 - U5Cobra4M][GTZC] default value MPCBB3 and MPCBB5 - Not Secured memory - MPCBB3 is applicable
2025-06-26 22:01:34,998 [INFO] Rule:228 - rule 117617 - U5Cobra4M][GTZC] default value MPCBB3 and MPCBB5 - Not Secured memory - MPCBB3 is applicable
2025-06-26 22:01:34,999 [INFO] Rule:228 - rule 117617 - U5Cobra4M][GTZC] default value MPCBB3 and MPCBB5 - Not Secured memory - MPCBB4 is applicable
2025-06-26 22:01:34,999 [INFO] Rule:228 - rule 117617 - U5Cobra4M][GTZC] default value MPCBB3 and MPCBB5 - Not Secured memory - MPCBB4 is applicable
2025-06-26 22:01:34,999 [INFO] Rule:228 - rule 117617 - U5Cobra4M][GTZC] default value MPCBB3 and MPCBB5 - Secured memory - MPCBB1 is applicable
2025-06-26 22:01:34,999 [INFO] Rule:228 - rule 117617 - U5Cobra4M][GTZC] default value MPCBB3 and MPCBB5 - Secured memory - MPCBB2 is applicable
2025-06-26 22:01:34,999 [INFO] Rule:228 - rule 117617 - U5Cobra4M][GTZC] default value MPCBB3 and MPCBB5 - Secured memory - MPCBB3 is applicable
2025-06-26 22:01:34,999 [INFO] Rule:228 - rule 117617 - U5Cobra4M][GTZC] default value MPCBB3 and MPCBB5 - Secured memory - MPCBB4 is applicable
2025-06-26 22:01:34,999 [INFO] Rule:228 - rule 117617 - U5Cobra4M][GTZC] default value MPCBB3 and MPCBB5 - Privileged memory - MPCBB1 is applicable
2025-06-26 22:01:34,999 [INFO] Rule:228 - rule 117617 - U5Cobra4M][GTZC] default value MPCBB3 and MPCBB5 - Privileged memory - MPCBB2 is applicable
2025-06-26 22:01:34,999 [INFO] Rule:228 - rule 117617 - U5Cobra4M][GTZC] default value MPCBB3 and MPCBB5 - Privileged memory - MPCBB3 is applicable
2025-06-26 22:01:35,000 [INFO] Rule:228 - rule 117617 - U5Cobra4M][GTZC] default value MPCBB3 and MPCBB5 - Privileged memory - MPCBB4 is applicable
2025-06-26 22:01:35,000 [INFO] Rule:228 - rule 117617 - U5Cobra4M][GTZC] default value MPCBB3 and MPCBB5 - Not Privileged memory - MPCBB1 is applicable
2025-06-26 22:01:35,000 [INFO] Rule:228 - rule 117617 - U5Cobra4M][GTZC] default value MPCBB3 and MPCBB5 - Not Privileged memory - MPCBB2 is applicable
2025-06-26 22:01:35,000 [INFO] Rule:228 - rule 117617 - U5Cobra4M][GTZC] default value MPCBB3 and MPCBB5 - Not Privileged memory - MPCBB3 is applicable
2025-06-26 22:01:35,000 [INFO] Rule:228 - rule 117617 - U5Cobra4M][GTZC] default value MPCBB3 and MPCBB5 - Not Privileged memory - MPCBB4 is applicable
2025-06-26 22:01:35,000 [INFO] Rule:228 - rule 117617 - U5Cobra4M][GTZC] default value MPCBB3 and MPCBB5 - Privileged memory - MPCBB1 is applicable
2025-06-26 22:01:35,000 [INFO] Rule:228 - rule 117617 - U5Cobra4M][GTZC] default value MPCBB3 and MPCBB5 - Privileged memory - MPCBB2 is applicable
2025-06-26 22:01:35,000 [INFO] Rule:228 - rule 117617 - U5Cobra4M][GTZC] default value MPCBB3 and MPCBB5 - Privileged memory - MPCBB3 is applicable
2025-06-26 22:01:35,000 [INFO] Rule:228 - rule 117617 - U5Cobra4M][GTZC] default value MPCBB3 and MPCBB5 - Privileged memory - MPCBB4 is applicable
2025-06-26 22:01:35,000 [INFO] Rule:228 - rule 117617 - U5Cobra4M][GTZC] default value MPCBB3 and MPCBB5 - Privileged memory - MPCBB1 is applicable
2025-06-26 22:01:35,000 [INFO] Rule:228 - rule 117617 - U5Cobra4M][GTZC] default value MPCBB3 and MPCBB5 - Privileged memory - MPCBB2 is applicable
2025-06-26 22:01:35,000 [INFO] Rule:228 - rule 117617 - U5Cobra4M][GTZC] default value MPCBB3 and MPCBB5 - Privileged memory - MPCBB3 is applicable
2025-06-26 22:01:35,000 [INFO] Rule:228 - rule 117617 - U5Cobra4M][GTZC] default value MPCBB3 and MPCBB5 - Privileged memory - MPCBB4 is applicable
2025-06-26 22:01:35,000 [INFO] Rule:228 - rule 117617 - U5Cobra4M][GTZC] default value MPCBB3 and MPCBB5 - Not Privileged memory - MPCBB1 is applicable
2025-06-26 22:01:35,000 [INFO] Rule:228 - rule 117617 - U5Cobra4M][GTZC] default value MPCBB3 and MPCBB5 - Not Privileged memory - MPCBB2 is applicable
2025-06-26 22:01:35,000 [INFO] Rule:228 - rule 117617 - U5Cobra4M][GTZC] default value MPCBB3 and MPCBB5 - Not Privileged memory - MPCBB3 is applicable
2025-06-26 22:01:35,001 [INFO] Rule:228 - rule 117617 - U5Cobra4M][GTZC] default value MPCBB3 and MPCBB5 - Not Privileged memory - MPCBB4 is applicable
2025-06-26 22:01:35,001 [INFO] Rule:228 - rule 117617 - U5Cobra4M][GTZC] default value MPCBB3 and MPCBB5 - Privileged memory - MPCBB1 is applicable
2025-06-26 22:01:35,001 [INFO] Rule:228 - rule 117617 - U5Cobra4M][GTZC] default value MPCBB3 and MPCBB5 - Privileged memory - MPCBB2 is applicable
2025-06-26 22:01:35,001 [INFO] Rule:228 - rule 117617 - U5Cobra4M][GTZC] default value MPCBB3 and MPCBB5 - Privileged memory - MPCBB3 is applicable
2025-06-26 22:01:35,001 [INFO] Rule:228 - rule 117617 - U5Cobra4M][GTZC] default value MPCBB3 and MPCBB5 - Privileged memory - MPCBB4 is applicable
2025-06-26 22:01:35,001 [INFO] Rule:228 - rule Rename SubGHz_Phy SUBGHZ_APPLICATION SUBGHZ_PINGPONG to SUBGHZ_ADV_APPLICATION is applicable
2025-06-26 22:01:35,001 [INFO] Rule:228 - rule Rename Enabled to IBEACON is applicable
2025-06-26 22:01:35,001 [INFO] Rule:228 - rule GTZC_S instance for project manager is applicable
2025-06-26 22:01:35,002 [INFO] Rule:228 - rule GTZC_S instance for context M33S is applicable
2025-06-26 22:01:35,002 [INFO] Rule:228 - rule GTZC_S instance value for IP GTZC is applicable
2025-06-26 22:01:35,002 [INFO] Rule:228 - rule GTZC_S instance for mcu.IP is applicable
2025-06-26 22:01:35,002 [INFO] Rule:228 - rule GTZC_S instance for VP is applicable
2025-06-26 22:01:35,002 [INFO] Rule:228 - rule GTZC_S instance for signal is applicable
2025-06-26 22:01:35,002 [INFO] Rule:228 - rule GTZC_S instance for mcu.Pin is applicable
2025-06-26 22:01:35,002 [INFO] Rule:228 - rule GTZC_S instance for VP is applicable
2025-06-26 22:01:35,002 [INFO] Rule:228 - rule GTZC_S instance for signal is applicable
2025-06-26 22:01:35,002 [INFO] Rule:228 - rule GTZC_S instance for mcu is applicable
2025-06-26 22:01:35,002 [INFO] Rule:228 - rule GTZC_S instance for mcu.Pin is applicable
2025-06-26 22:01:35,002 [INFO] Rule:228 - rule GTZC_S instance value for IP GTZC is applicable
2025-06-26 22:01:35,002 [INFO] Rule:228 - rule GTZC_S instance for project manager is applicable
2025-06-26 22:01:35,002 [INFO] Rule:228 - rule GTZC_S instance for context M33S is applicable
2025-06-26 22:01:35,002 [INFO] Rule:228 - rule GTZC_S instance for VP is applicable
2025-06-26 22:01:35,002 [INFO] Rule:228 - rule GTZC_S instance for signal is applicable
2025-06-26 22:01:35,003 [INFO] Rule:228 - rule WakeUp0 Mode is applicable
2025-06-26 22:01:35,003 [INFO] Rule:228 - rule WakeUp0 SIGNAL is applicable
2025-06-26 22:01:35,003 [INFO] Rule:228 - rule WakeUp1 Mode is applicable
2025-06-26 22:01:35,003 [INFO] Rule:228 - rule WakeUp1 SIGNAL is applicable
2025-06-26 22:01:35,003 [INFO] Rule:228 - rule WakeUp2 Mode is applicable
2025-06-26 22:01:35,003 [INFO] Rule:228 - rule WakeUp2 SIGNAL is applicable
2025-06-26 22:01:35,003 [INFO] Rule:228 - rule WakeUp4 Mode is applicable
2025-06-26 22:01:35,003 [INFO] Rule:228 - rule WakeUp4 SIGNAL is applicable
2025-06-26 22:01:35,003 [INFO] Rule:228 - rule WakeUp5 Mode is applicable
2025-06-26 22:01:35,003 [INFO] Rule:228 - rule WakeUp5 SIGNAL is applicable
2025-06-26 22:01:35,003 [INFO] Rule:228 - rule Change Default Value for LSE Drive Capability for WB family is applicable
2025-06-26 22:01:35,003 [INFO] Rule:228 - rule Change Default Value for ADC Clock Prescaler G0 family is applicable
2025-06-26 22:01:35,004 [INFO] Rule:228 - rule Change USART1CLockSelection refparam name for MP1 is applicable
2025-06-26 22:01:35,004 [INFO] Rule:228 - rule Change USART2CLockSelection refparam name for MP1 is applicable
2025-06-26 22:01:35,004 [INFO] Rule:228 - rule Change USART3CLockSelection refparam name for MP1 is applicable
2025-06-26 22:01:35,004 [INFO] Rule:228 - rule Change UART4CLockSelection refparam name for MP1 is applicable
2025-06-26 22:01:35,004 [INFO] Rule:228 - rule Change UART5CLockSelection refparam name for MP1 is applicable
2025-06-26 22:01:35,004 [INFO] Rule:228 - rule Change LPUART1CLockSelection refparam name for MP1 is applicable
2025-06-26 22:01:35,004 [INFO] Rule:228 - rule Change LPTIM1CLockSelection refparam name for MP1 is applicable
2025-06-26 22:01:35,004 [INFO] Rule:228 - rule Change LPTIM2CLockSelection refparam name for MP1 is applicable
2025-06-26 22:01:35,004 [INFO] Rule:228 - rule Change RCC_MCO1Source refparam name for MP1 is applicable
2025-06-26 22:01:35,004 [INFO] Rule:228 - rule Change LSCOSource1 refparam name for MP1 is applicable
2025-06-26 22:01:35,004 [INFO] Rule:228 - rule Change SMPSCLockSelection refparam name for MP1 is applicable
2025-06-26 22:01:35,004 [INFO] Rule:228 - rule Change LPTIM3CLockSelection refparam name for MP1 is applicable
2025-06-26 22:01:35,004 [INFO] Rule:228 - rule Change MPCBB* Default Template Mode to Parameters is applicable
2025-06-26 22:01:35,004 [INFO] Rule:228 - rule Change MPCWM* or MPCBB* Secure Mode to Parameters is applicable
2025-06-26 22:01:35,004 [INFO] Rule:228 - rule Change MPCWM* or MPCBB* No Secure Mode to Parameters is applicable
2025-06-26 22:01:35,004 [INFO] Rule:228 - rule Change TZSC IP Secure Mode to Parameters is applicable
2025-06-26 22:01:35,004 [INFO] Rule:228 - rule Change TZSC IP No Secure Mode to Parameters is applicable
2025-06-26 22:01:35,005 [INFO] Rule:228 - rule Change TZSC IP Privilege Mode to Parameters is applicable
2025-06-26 22:01:35,005 [INFO] Rule:228 - rule Change TZSC IP No Privilege Mode to Parameters is applicable
2025-06-26 22:01:35,005 [INFO] Rule:228 - rule Change TZIC IT Secure Mode to Parameters is applicable
2025-06-26 22:01:35,005 [INFO] Rule:228 - rule Change TZIC IT No Secure Mode to Parameters is applicable
2025-06-26 22:01:35,005 [INFO] Rule:228 - rule Add MPCBB1_NonSecureArea_Start_Address value with referenced to MPCBB1_NonSecureArea_Start value is applicable
2025-06-26 22:01:35,005 [INFO] Rule:228 - rule Add MPCBB2_NonSecureArea_Start_Address value with referenced to MPCBB2_NonSecureArea_Start value is applicable
2025-06-26 22:01:35,005 [INFO] Rule:228 - rule Add MPCWM1_NonSecureArea*_Start_Address value with referenced to MPCWM1_NonSecureArea*_Start value is applicable
2025-06-26 22:01:35,005 [INFO] Rule:228 - rule Add MPCWM2_NonSecureArea*_Start_Address value with referenced to MPCWM2_NonSecureArea*_Start value is applicable
2025-06-26 22:01:35,005 [INFO] Rule:228 - rule Add MPCWM3_NonSecureArea_Start_Address value with referenced to MPCWM3_NonSecureArea_Start value is applicable
2025-06-26 22:01:35,005 [INFO] Rule:228 - rule Change Default Value for PLL1UserDefinedConfig is applicable
2025-06-26 22:01:35,005 [INFO] Rule:228 - rule OPAMP is applicable
2025-06-26 22:01:35,005 [INFO] Rule:228 - rule LPUART IPParameter rename Prescaler parameter to ClockPrescaler for STM32H7 is applicable
2025-06-26 22:01:35,005 [INFO] Rule:228 - rule LPUART IPParameter rename Prescaler parameter to ClockPrescaler for STM32H7 is applicable
2025-06-26 22:01:35,005 [INFO] Rule:228 - rule LPUART IPParameter rename Prescaler parameter to ClockPrescaler for STM32WB is applicable
2025-06-26 22:01:35,005 [INFO] Rule:228 - rule LPUART IPParameter rename Prescaler parameter to ClockPrescaler for STM32WB is applicable
2025-06-26 22:01:35,005 [INFO] Rule:228 - rule LPUART IPParameter rename Prescaler parameter to ClockPrescaler for STM32G4 is applicable
2025-06-26 22:01:35,005 [INFO] Rule:228 - rule LPUART IPParameter rename Prescaler parameter to ClockPrescaler for STM32G4 is applicable
2025-06-26 22:01:35,005 [INFO] Rule:228 - rule LPUART IPParameter rename Prescaler parameter to ClockPrescaler for STM32L5 is applicable
2025-06-26 22:01:35,005 [INFO] Rule:228 - rule LPUART IPParameter rename Prescaler parameter to ClockPrescaler for STM32L5 is applicable
2025-06-26 22:01:35,005 [INFO] Rule:228 - rule LPUART IPParameter rename Prescaler parameter to ClockPrescaler for STM32G4 is applicable
2025-06-26 22:01:35,005 [INFO] Rule:228 - rule LPUART IPParameter rename Prescaler parameter to ClockPrescaler for STM32G4 is applicable
2025-06-26 22:01:35,005 [INFO] Rule:228 - rule USB device lib V2.5.3 for L0 rename USBD_SUPPORT_USER_STRING parameter to USBD_SUPPORT_USER_STRING_DESC4 is applicable
2025-06-26 22:01:35,005 [INFO] Rule:228 - rule I2SCLockSelection clock entry align is applicable
2025-06-26 22:01:35,005 [INFO] Rule:228 - rule Assign TIMx context if used as SYS timebase is applicable
2025-06-26 22:01:35,005 [INFO] Rule:228 - rule Change GPIO_Pu Default Value for I2C is applicable
2025-06-26 22:01:35,007 [INFO] Rule:228 - rule Change GPIO_Pu Default Value for SMBus is applicable
2025-06-26 22:01:35,007 [INFO] Rule:228 - rule change FDCAN default value is applicable
2025-06-26 22:01:35,007 [INFO] Rule:228 - rule Rename STM32WPAN CFG_BLE_IRK to CFG_BLE_IR is applicable
2025-06-26 22:01:35,007 [INFO] Rule:228 - rule Rename STM32WPAN CFG_BLE_ERK to CFG_BLE_ER is applicable
2025-06-26 22:01:35,007 [INFO] Rule:228 - rule Rename STM32WPAN CFG_BLE_IRK_HEX to CFG_BLE_IR_HEX is applicable
2025-06-26 22:01:35,007 [INFO] Rule:228 - rule Rename STM32WPAN CFG_BLE_ERK_HEX to CFG_BLE_ER_HEX is applicable
2025-06-26 22:01:35,011 [INFO] DbConfProperties:307 - Apply Compatibility (7/114 Rules)
2025-06-26 22:01:35,362 [INFO] RtosManager:555 - Registered RTOS mode: class=CMSIS, group=RTOS, mode=CMSIS_V1, owner=FREERTOS
2025-06-26 22:01:35,362 [INFO] RtosManager:555 - Registered RTOS mode: class=CMSIS, group=RTOS2, mode=CMSIS_V2, owner=FREERTOS
2025-06-26 22:01:35,362 [INFO] RtosManager:555 - Registered RTOS mode: class=RTOS, group=Core, mode=CMSIS_V1, owner=FREERTOS
2025-06-26 22:01:35,362 [INFO] RtosManager:555 - Registered RTOS mode: class=RTOS, group=Core, mode=CMSIS_V2, owner=FREERTOS
2025-06-26 22:01:35,362 [WARN] ModelIntegratedComponent:184 - Missing modes for component STMicroelectronics:FreeRTOS:0.0.1:STMicroelectronics:RTOS:FreeRTOS:Core:::10.2.0:
2025-06-26 22:01:35,373 [WARN] ModelIntegratedComponent:63 - No mode defined for component null
2025-06-26 22:01:35,373 [WARN] ModelIntegratedComponent:63 - No mode defined for component null
2025-06-26 22:01:35,373 [WARN] ModelIntegratedComponent:63 - No mode defined for component null
2025-06-26 22:01:35,374 [WARN] ModelIntegratedComponent:63 - No mode defined for component null
2025-06-26 22:01:35,374 [WARN] ModelIntegratedComponent:63 - No mode defined for component null
2025-06-26 22:01:35,374 [WARN] ModelIntegratedComponent:63 - No mode defined for component null
2025-06-26 22:01:35,374 [WARN] ModelIntegratedComponent:63 - No mode defined for component null
2025-06-26 22:01:35,374 [WARN] ModelIntegratedComponent:63 - No mode defined for component null
2025-06-26 22:01:35,374 [WARN] ModelIntegratedComponent:63 - No mode defined for component null
2025-06-26 22:01:35,374 [WARN] ModelIntegratedComponent:63 - No mode defined for component null
2025-06-26 22:01:35,374 [WARN] ModelIntegratedComponent:63 - No mode defined for component null
2025-06-26 22:01:35,374 [WARN] ModelIntegratedComponent:63 - No mode defined for component null
2025-06-26 22:01:35,374 [WARN] ModelIntegratedComponent:63 - No mode defined for component null
2025-06-26 22:01:35,374 [WARN] ModelIntegratedComponent:63 - No mode defined for component null
2025-06-26 22:01:35,374 [WARN] ModelIntegratedComponent:63 - No mode defined for component null
2025-06-26 22:01:35,374 [WARN] ModelIntegratedComponent:63 - No mode defined for component null
2025-06-26 22:01:35,374 [WARN] ModelIntegratedComponent:63 - No mode defined for component null
2025-06-26 22:01:35,374 [WARN] ModelIntegratedComponent:63 - No mode defined for component null
2025-06-26 22:01:35,374 [WARN] ModelIntegratedComponent:63 - No mode defined for component null
2025-06-26 22:01:35,374 [WARN] ModelIntegratedComponent:63 - No mode defined for component null
2025-06-26 22:01:35,374 [WARN] ModelIntegratedComponent:63 - No mode defined for component null
2025-06-26 22:01:35,374 [WARN] ModelIntegratedComponent:63 - No mode defined for component null
2025-06-26 22:01:35,375 [WARN] ModelIntegratedComponent:63 - No mode defined for component null
2025-06-26 22:01:35,375 [WARN] ModelIntegratedComponent:63 - No mode defined for component null
2025-06-26 22:01:35,375 [WARN] ModelIntegratedComponent:63 - No mode defined for component null
2025-06-26 22:01:35,375 [WARN] ModelIntegratedComponent:63 - No mode defined for component null
2025-06-26 22:01:35,375 [WARN] ModelIntegratedComponent:63 - No mode defined for component null
2025-06-26 22:01:35,375 [WARN] ModelIntegratedComponent:63 - No mode defined for component null
2025-06-26 22:01:35,375 [WARN] ModelIntegratedComponent:63 - No mode defined for component null
2025-06-26 22:01:35,375 [WARN] ModelIntegratedComponent:63 - No mode defined for component null
2025-06-26 22:01:35,375 [WARN] ModelIntegratedComponent:63 - No mode defined for component null
2025-06-26 22:01:35,375 [WARN] ModelIntegratedComponent:63 - No mode defined for component null
2025-06-26 22:01:35,375 [WARN] ModelIntegratedComponent:63 - No mode defined for component null
2025-06-26 22:01:35,852 [INFO] ThirdPartyModel:298 - Start build external matchings
2025-06-26 22:01:38,160 [INFO] ThirdPartyModel:316 - End build external matchings
2025-06-26 22:01:39,102 [INFO] UtilMem:75 - End LoadConfig() Used Memory: 572636584 Bytes (1073741824)
2025-06-26 22:01:39,253 [INFO] MicroXplorer:468 - Change Database Path : 
2025-06-26 22:01:39,253 [INFO] MicroXplorer:498 - Change Database Version : DB.6.0.100
2025-06-26 22:01:39,254 [WARN] ThirdParty:833 - waiting for thirdparty lock release [change project]
2025-06-26 22:01:39,254 [INFO] ThirdParty:835 - entering critical section [change project]
2025-06-26 22:01:39,254 [INFO] ThirdParty:1030 - CMSIS Pack Vendor :STMicroelectronics X-CUBE-PM33A1 1.0.0
2025-06-26 22:01:39,254 [INFO] ThirdParty:1030 - CMSIS Pack Vendor :STMicroelectronics USBPD 4.1
2025-06-26 22:01:39,254 [INFO] ThirdParty:1030 - CMSIS Pack Vendor :STMicroelectronics X-CUBE-GNSS1 6.0.0
2025-06-26 22:01:39,254 [INFO] ThirdParty:1030 - CMSIS Pack Vendor :STMicroelectronics USB_HOST 2.0.0
2025-06-26 22:01:39,254 [INFO] ThirdParty:1030 - CMSIS Pack Vendor :STMicroelectronics FP-SNS-MOTENVWB1 1.4.0
2025-06-26 22:01:39,254 [INFO] ThirdParty:1030 - CMSIS Pack Vendor :STMicroelectronics X-CUBE-AZRTOS-F4 1.1.0
2025-06-26 22:01:39,254 [INFO] ThirdParty:1030 - CMSIS Pack Vendor :STMicroelectronics LIBJPEG 8.0.0
2025-06-26 22:01:39,254 [INFO] ThirdParty:1030 - CMSIS Pack Vendor :STMicroelectronics FP-ATR-ASTRA1 2.0.2
2025-06-26 22:01:39,254 [INFO] ThirdParty:1030 - CMSIS Pack Vendor :STMicroelectronics X-CUBE-SMBUS 2.1.0
2025-06-26 22:01:39,254 [INFO] ThirdParty:1030 - CMSIS Pack Vendor :STMicroelectronics X-CUBE-WB05N 1.1.0
2025-06-26 22:01:39,254 [INFO] ThirdParty:1030 - CMSIS Pack Vendor :STMicroelectronics X-CUBE-ISPU 2.1.0
2025-06-26 22:01:39,254 [INFO] ThirdParty:1030 - CMSIS Pack Vendor :STMicroelectronics X-CUBE-FREERTOS 1.2.0
2025-06-26 22:01:39,254 [INFO] ThirdParty:1030 - CMSIS Pack Vendor :wolfSSL I-CUBE-wolfSSL 5.6.6
2025-06-26 22:01:39,254 [INFO] ThirdParty:1030 - CMSIS Pack Vendor :STMicroelectronics X-CUBE-TOUCHGFX 4.23.0
2025-06-26 22:01:39,254 [INFO] ThirdParty:1030 - CMSIS Pack Vendor :STMicroelectronics X-CUBE-AZRTOS-F7 1.1.0
2025-06-26 22:01:39,254 [INFO] ThirdParty:1030 - CMSIS Pack Vendor :STMicroelectronics X-CUBE-AZRTOS-L5 2.0.0
2025-06-26 22:01:39,254 [INFO] ThirdParty:1030 - CMSIS Pack Vendor :STMicroelectronics USB_DEVICE 2.0.0
2025-06-26 22:01:39,254 [INFO] ThirdParty:1030 - CMSIS Pack Vendor :STMicroelectronics X-CUBE-NFC6 3.1.0
2025-06-26 22:01:39,254 [INFO] ThirdParty:1030 - CMSIS Pack Vendor :ITTIA_DB I-CUBE-ITTIADB 8.8.0
2025-06-26 22:01:39,255 [INFO] ThirdParty:1030 - CMSIS Pack Vendor :STMicroelectronics FP-SNS-MOTENV1 4.3.2
2025-06-26 22:01:39,255 [INFO] ThirdParty:1030 - CMSIS Pack Vendor :STMicroelectronics X-CUBE-MEMS1 11.0.0
2025-06-26 22:01:39,255 [INFO] ThirdParty:1030 - CMSIS Pack Vendor :STMicroelectronics FreeRTOS 0.0.1
2025-06-26 22:01:39,255 [INFO] ThirdParty:1030 - CMSIS Pack Vendor :STMicroelectronics X-CUBE-DPower 1.2.0
2025-06-26 22:01:39,255 [INFO] ThirdParty:1030 - CMSIS Pack Vendor :STMicroelectronics FP-SNS-FLIGHT1 5.0.2
2025-06-26 22:01:39,255 [INFO] ThirdParty:1030 - CMSIS Pack Vendor :STMicroelectronics PDM2PCM 3.3.0
2025-06-26 22:01:39,255 [INFO] ThirdParty:1030 - CMSIS Pack Vendor :STMicroelectronics X-CUBE-DISPLAY 3.0.0
2025-06-26 22:01:39,255 [INFO] ThirdParty:1030 - CMSIS Pack Vendor :STMicroelectronics X-CUBE-BLE1 7.0.0
2025-06-26 22:01:39,255 [INFO] ThirdParty:1030 - CMSIS Pack Vendor :STMicroelectronics X-CUBE-NFC10 1.0.0
2025-06-26 22:01:39,255 [INFO] ThirdParty:1030 - CMSIS Pack Vendor :STMicroelectronics X-CUBE-BLEMGR 4.0.0
2025-06-26 22:01:39,255 [INFO] ThirdParty:1030 - CMSIS Pack Vendor :STMicroelectronics X-CUBE-FREERTOS 1.3.1
2025-06-26 22:01:39,255 [INFO] ThirdParty:1030 - CMSIS Pack Vendor :STMicroelectronics HAL Drivers 0.0.0
2025-06-26 22:01:39,255 [INFO] ThirdParty:1030 - CMSIS Pack Vendor :emotas I-CUBE-CANOPEN 1.3.0
2025-06-26 22:01:39,255 [INFO] ThirdParty:1030 - CMSIS Pack Vendor :STMicroelectronics X-CUBE-FREERTOS 1.3.0
2025-06-26 22:01:39,255 [INFO] ThirdParty:1030 - CMSIS Pack Vendor :STMicroelectronics X-CUBE-NFC7 1.0.1
2025-06-26 22:01:39,255 [INFO] ThirdParty:1030 - CMSIS Pack Vendor :STMicroelectronics MBEDTLS 2.14.1
2025-06-26 22:01:39,255 [INFO] ThirdParty:1030 - CMSIS Pack Vendor :STMicroelectronics X-CUBE-NFC6 3.0.0
2025-06-26 22:01:39,255 [INFO] ThirdParty:1030 - CMSIS Pack Vendor :quantropi X-CUBE-qispace-sdk-base 2.0.0
2025-06-26 22:01:39,255 [INFO] ThirdParty:1030 - CMSIS Pack Vendor :STMicroelectronics X-CUBE-BLEMGR 3.1.0
2025-06-26 22:01:39,255 [INFO] ThirdParty:1030 - CMSIS Pack Vendor :STMicroelectronics X-CUBE-AI 10.0.0
2025-06-26 22:01:39,255 [INFO] ThirdParty:1030 - CMSIS Pack Vendor :STMicroelectronics FP-SNS-SMARTAG2 1.2.0
2025-06-26 22:01:39,255 [INFO] ThirdParty:1030 - CMSIS Pack Vendor :STMicroelectronics X-CUBE-MEMS1 11.1.0
2025-06-26 22:01:39,255 [INFO] ThirdParty:1030 - CMSIS Pack Vendor :STMicroelectronics X-CUBE-AZRTOS-WL 2.0.0
2025-06-26 22:01:39,255 [INFO] ThirdParty:1030 - CMSIS Pack Vendor :STMicroelectronics X-CUBE-DPower 1.3.0
2025-06-26 22:01:39,255 [INFO] ThirdParty:1030 - CMSIS Pack Vendor :STMicroelectronics FP-SNS-MOTENV1 5.0.0
2025-06-26 22:01:39,255 [INFO] ThirdParty:1030 - CMSIS Pack Vendor :STMicroelectronics USB_DEVICE 1.0.0
2025-06-26 22:01:39,255 [INFO] ThirdParty:1030 - CMSIS Pack Vendor :STMicroelectronics X-CUBE-AI 8.1.0
2025-06-26 22:01:39,255 [INFO] ThirdParty:1030 - CMSIS Pack Vendor :wolfSSL I-CUBE-wolfMQTT 1.19.0
2025-06-26 22:01:39,255 [INFO] ThirdParty:1030 - CMSIS Pack Vendor :STMicroelectronics X-CUBE-AZRTOS-L4 2.0.0
2025-06-26 22:01:39,255 [INFO] ThirdParty:1030 - CMSIS Pack Vendor :STMicroelectronics ThreadX 0.0.2
2025-06-26 22:01:39,256 [INFO] ThirdParty:1030 - CMSIS Pack Vendor :WES I-CUBE-Cesium 1.3.0
2025-06-26 22:01:39,256 [INFO] ThirdParty:1030 - CMSIS Pack Vendor :STMicroelectronics lwIP 2.1.2
2025-06-26 22:01:39,256 [INFO] ThirdParty:1030 - CMSIS Pack Vendor :STMicroelectronics X-CUBE-SFXS2LP1 4.0.0
2025-06-26 22:01:39,256 [INFO] ThirdParty:1030 - CMSIS Pack Vendor :STMicroelectronics X-CUBE-BLE2 3.3.0
2025-06-26 22:01:39,256 [INFO] ThirdParty:1030 - CMSIS Pack Vendor :STMicroelectronics PDM2PCM 3.2.0
2025-06-26 22:01:39,256 [INFO] ThirdParty:1030 - CMSIS Pack Vendor :STMicroelectronics X-CUBE-AZRTOS-H7 3.3.0
2025-06-26 22:01:39,256 [INFO] ThirdParty:1030 - CMSIS Pack Vendor :STMicroelectronics X-CUBE-NFC9 1.0.0
2025-06-26 22:01:39,256 [INFO] ThirdParty:1030 - CMSIS Pack Vendor :STMicroelectronics X-CUBE-BLE1 7.1.0
2025-06-26 22:01:39,256 [INFO] ThirdParty:1030 - CMSIS Pack Vendor :STMicroelectronics USB_DEVICE 3.0.0
2025-06-26 22:01:39,256 [INFO] ThirdParty:1030 - CMSIS Pack Vendor :STMicroelectronics X-CUBE-TCPP 4.1.0
2025-06-26 22:01:39,256 [INFO] ThirdParty:1030 - CMSIS Pack Vendor :STMicroelectronics X-CUBE-IPS 3.0.0
2025-06-26 22:01:39,256 [INFO] ThirdParty:1030 - CMSIS Pack Vendor :STMicroelectronics X-CUBE-AZRTOS-WB 2.0.0
2025-06-26 22:01:39,256 [INFO] ThirdParty:1030 - CMSIS Pack Vendor :STMicroelectronics X-CUBE-GNSS1 7.0.0
2025-06-26 22:01:39,256 [INFO] ThirdParty:1030 - CMSIS Pack Vendor :STMicroelectronics X-CUBE-GNSS1 7.0.1
2025-06-26 22:01:39,256 [INFO] ThirdParty:1030 - CMSIS Pack Vendor :STMicroelectronics X-CUBE-TOUCHGFX 4.25.0
2025-06-26 22:01:39,256 [INFO] ThirdParty:1030 - CMSIS Pack Vendor :STMicroelectronics X-CUBE-AI 10.1.0
2025-06-26 22:01:39,256 [INFO] ThirdParty:1030 - CMSIS Pack Vendor :STMicroelectronics FP-SNS-STBOX1 2.0.0
2025-06-26 22:01:39,256 [INFO] ThirdParty:1030 - CMSIS Pack Vendor :STMicroelectronics X-CUBE-ALGOBUILD 1.3.0
2025-06-26 22:01:39,256 [INFO] ThirdParty:1030 - CMSIS Pack Vendor :STMicroelectronics X-CUBE-MEMS1 11.2.0
2025-06-26 22:01:39,256 [INFO] ThirdParty:1030 - CMSIS Pack Vendor :STMicroelectronics X-CUBE-AZRTOS-G0 1.1.0
2025-06-26 22:01:39,256 [INFO] ThirdParty:1030 - CMSIS Pack Vendor :STMicroelectronics X-CUBE-SAFEA1 1.2.2
2025-06-26 22:01:39,256 [INFO] ThirdParty:1030 - CMSIS Pack Vendor :STMicroelectronics X-CUBE-NFC4 3.0.0
2025-06-26 22:01:39,256 [INFO] ThirdParty:1030 - CMSIS Pack Vendor :STMicroelectronics X-CUBE-SUBG2 5.0.0
2025-06-26 22:01:39,256 [INFO] ThirdParty:1030 - CMSIS Pack Vendor :STMicroelectronics X-CUBE-AZRTOS-H7RS 1.1.0
2025-06-26 22:01:39,257 [INFO] ThirdParty:1030 - CMSIS Pack Vendor :STMicroelectronics STM32_WPAN 1.0.0
2025-06-26 22:01:39,257 [INFO] ThirdParty:1030 - CMSIS Pack Vendor :EmbeddedOffice I-CUBE-FS-RTOS 1.0.1
2025-06-26 22:01:39,257 [INFO] ThirdParty:1030 - CMSIS Pack Vendor :STMicroelectronics lwIP 2.0.3
2025-06-26 22:01:39,257 [INFO] ThirdParty:1030 - CMSIS Pack Vendor :Cesanta I-CUBE-Mongoose 7.13.0
2025-06-26 22:01:39,257 [INFO] ThirdParty:1030 - CMSIS Pack Vendor :STMicroelectronics USB_HOST 1.0.0
2025-06-26 22:01:39,257 [INFO] ThirdParty:1030 - CMSIS Pack Vendor :STMicroelectronics X-CUBE-AZRTOS-G4 2.0.0
2025-06-26 22:01:39,257 [INFO] ThirdParty:1030 - CMSIS Pack Vendor :STMicroelectronics X-CUBE-WB05N 2.0.0
2025-06-26 22:01:39,257 [INFO] ThirdParty:1030 - CMSIS Pack Vendor :STMicroelectronics PDM2PCM 3.1.0
2025-06-26 22:01:39,257 [INFO] ThirdParty:1030 - CMSIS Pack Vendor :Infineon AIROC-Wi-Fi-Bluetooth-STM32 1.5.1
2025-06-26 22:01:39,257 [INFO] ThirdParty:1030 - CMSIS Pack Vendor :STMicroelectronics X-CUBE-NFC7 2.0.0
2025-06-26 22:01:39,257 [INFO] ThirdParty:1030 - CMSIS Pack Vendor :RealThread X-CUBE-RT-Thread_Nano 4.1.1
2025-06-26 22:01:39,257 [INFO] ThirdParty:1030 - CMSIS Pack Vendor :STMicroelectronics FP-SNS-MOTENVWB1 1.3.1
2025-06-26 22:01:39,257 [INFO] ThirdParty:1030 - CMSIS Pack Vendor :STMicroelectronics FP-ATR-SIGFOX1 3.2.0
2025-06-26 22:01:39,257 [INFO] ThirdParty:1030 - CMSIS Pack Vendor :STMicroelectronics X-CUBE-ISPU 2.0.0
2025-06-26 22:01:39,257 [INFO] ThirdParty:1030 - CMSIS Pack Vendor :STMicroelectronics X-CUBE-EEPRMA1 5.1.0
2025-06-26 22:01:39,257 [INFO] ThirdParty:1030 - CMSIS Pack Vendor :STMicroelectronics MBEDTLS 2.16.2
2025-06-26 22:01:39,257 [INFO] ThirdParty:1030 - CMSIS Pack Vendor :STMicroelectronics X-CUBE-ALS 1.0.2
2025-06-26 22:01:39,257 [INFO] ThirdParty:1030 - CMSIS Pack Vendor :STMicroelectronics X-CUBE-MEMS1 10.0.0
2025-06-26 22:01:39,257 [INFO] ThirdParty:1030 - CMSIS Pack Vendor :STMicroelectronics X-CUBE-FREERTOS 1.1.0
2025-06-26 22:01:39,257 [INFO] ThirdParty:1030 - CMSIS Pack Vendor :STMicroelectronics X-CUBE-TOUCHGFX 4.24.1
2025-06-26 22:01:39,257 [INFO] ThirdParty:1030 - CMSIS Pack Vendor :wolfSSL I-CUBE-wolfTPM 3.4.0
2025-06-26 22:01:39,257 [INFO] ThirdParty:1030 - CMSIS Pack Vendor :portGmbH I-Cube-SoM-uGOAL 1.1.0
2025-06-26 22:01:39,258 [INFO] ThirdParty:1030 - CMSIS Pack Vendor :STMicroelectronics X-CUBE-ALS 1.0.1
2025-06-26 22:01:39,258 [INFO] ThirdParty:1030 - CMSIS Pack Vendor :STMicroelectronics ThreadX 1.0.0
2025-06-26 22:01:39,258 [INFO] ThirdParty:1030 - CMSIS Pack Vendor :SEGGER I-CUBE-embOS 1.3.1
2025-06-26 22:01:39,258 [INFO] ThirdParty:1030 - CMSIS Pack Vendor :STMicroelectronics X-CUBE-ALGOBUILD 1.4.0
2025-06-26 22:01:39,258 [INFO] ThirdParty:1030 - CMSIS Pack Vendor :STMicroelectronics X-CUBE-MEMS1 11.3.0
2025-06-26 22:01:39,258 [INFO] ThirdParty:1030 - CMSIS Pack Vendor :STMicroelectronics X-CUBE-AZRTOS-H7RS 1.0.0
2025-06-26 22:01:39,258 [INFO] ThirdParty:1030 - CMSIS Pack Vendor :STMicroelectronics FP-ATR-ASTRA1 2.0.0
2025-06-26 22:01:39,258 [INFO] ThirdParty:1030 - CMSIS Pack Vendor :STMicroelectronics X-CUBE-TOF1 3.4.2
2025-06-26 22:01:39,258 [INFO] ThirdParty:1030 - CMSIS Pack Vendor :STMicroelectronics X-CUBE-AI 9.1.0
2025-06-26 22:01:39,258 [INFO] ThirdParty:1030 - CMSIS Pack Vendor :STMicroelectronics X-CUBE-TOF1 3.4.0
2025-06-26 22:01:39,258 [INFO] ThirdParty:1030 - CMSIS Pack Vendor :STMicroelectronics X-CUBE-AZRTOS-H7 3.2.0
2025-06-26 22:01:39,258 [INFO] ThirdParty:1030 - CMSIS Pack Vendor :wolfSSL I-CUBE-wolfSSH 1.4.17
2025-06-26 22:01:39,258 [INFO] ThirdParty:841 - exiting critical section [change project]
2025-06-26 22:01:39,945 [INFO] PinOutPanel:1499 - setPackage(No Configuration,No Configuration)
2025-06-26 22:01:39,948 [INFO] PinOutPanel:1499 - setPackage(STM32G474RETx,LQFP64)
2025-06-26 22:01:40,634 [INFO] UtilMem:75 - Before build in PCC Used Memory: 836567944 Bytes (1073741824)
2025-06-26 22:01:41,966 [INFO] UtilMem:75 - After build in PCC Used Memory: 596970024 Bytes (1073741824)
2025-06-26 22:01:42,016 [INFO] IPUIPlugin:80 - create IPUIPlugin
2025-06-26 22:01:42,017 [INFO] IPUIPlugin:80 - create IPUIPlugin
2025-06-26 22:01:42,017 [INFO] IPUIPlugin:80 - create IPUIPlugin
2025-06-26 22:01:42,017 [INFO] IPUIPlugin:80 - create IPUIPlugin
2025-06-26 22:01:42,017 [INFO] IPUIPlugin:80 - create IPUIPlugin
2025-06-26 22:01:42,017 [INFO] IPUIPlugin:80 - create IPUIPlugin
2025-06-26 22:01:42,017 [INFO] IPUIPlugin:80 - create IPUIPlugin
2025-06-26 22:01:42,017 [INFO] IPUIPlugin:80 - create IPUIPlugin
2025-06-26 22:01:42,017 [INFO] IPUIPlugin:80 - create IPUIPlugin
2025-06-26 22:01:42,017 [INFO] IPUIPlugin:80 - create IPUIPlugin
2025-06-26 22:01:42,017 [INFO] IPUIPlugin:80 - create IPUIPlugin
2025-06-26 22:01:42,017 [INFO] IPUIPlugin:80 - create IPUIPlugin
2025-06-26 22:01:42,018 [INFO] IPUIPlugin:80 - create IPUIPlugin
2025-06-26 22:01:42,018 [INFO] IPUIPlugin:80 - create IPUIPlugin
2025-06-26 22:01:42,018 [INFO] IPUIPlugin:80 - create IPUIPlugin
2025-06-26 22:01:42,019 [INFO] IPUIPlugin:80 - create IPUIPlugin
2025-06-26 22:01:42,019 [INFO] IPUIPlugin:80 - create IPUIPlugin
2025-06-26 22:01:42,019 [INFO] IPUIPlugin:80 - create IPUIPlugin
2025-06-26 22:01:42,021 [INFO] IPUIPlugin:80 - create IPUIPlugin
2025-06-26 22:01:42,021 [INFO] IPUIPlugin:80 - create IPUIPlugin
2025-06-26 22:01:42,021 [INFO] IPUIPlugin:80 - create IPUIPlugin
2025-06-26 22:01:42,021 [INFO] IPUIPlugin:80 - create IPUIPlugin
2025-06-26 22:01:42,021 [INFO] IPUIPlugin:80 - create IPUIPlugin
2025-06-26 22:01:42,022 [INFO] IPUIPlugin:80 - create IPUIPlugin
2025-06-26 22:01:42,022 [INFO] IPUIPlugin:80 - create IPUIPlugin
2025-06-26 22:01:42,022 [INFO] IPUIPlugin:80 - create IPUIPlugin
2025-06-26 22:01:42,023 [INFO] IPUIPlugin:80 - create IPUIPlugin
2025-06-26 22:01:42,023 [INFO] IPUIPlugin:80 - create IPUIPlugin
2025-06-26 22:01:42,023 [INFO] IPUIPlugin:80 - create IPUIPlugin
2025-06-26 22:01:42,023 [INFO] IPUIPlugin:80 - create IPUIPlugin
2025-06-26 22:01:42,023 [INFO] IPUIPlugin:80 - create IPUIPlugin
2025-06-26 22:01:42,023 [INFO] IPUIPlugin:80 - create IPUIPlugin
2025-06-26 22:01:42,024 [INFO] IPUIPlugin:80 - create IPUIPlugin
2025-06-26 22:01:42,024 [INFO] IPUIPlugin:80 - create IPUIPlugin
2025-06-26 22:01:42,024 [INFO] IPUIPlugin:80 - create IPUIPlugin
2025-06-26 22:01:42,024 [INFO] IPUIPlugin:80 - create IPUIPlugin
2025-06-26 22:01:42,025 [INFO] IPUIPlugin:80 - create IPUIPlugin
2025-06-26 22:01:42,026 [INFO] IPUIPlugin:80 - create IPUIPlugin
2025-06-26 22:01:42,026 [INFO] IPUIPlugin:80 - create IPUIPlugin
2025-06-26 22:01:42,027 [INFO] IPUIPlugin:80 - create IPUIPlugin
2025-06-26 22:01:42,027 [INFO] IPUIPlugin:80 - create IPUIPlugin
2025-06-26 22:01:42,027 [INFO] IPUIPlugin:80 - create IPUIPlugin
2025-06-26 22:01:42,027 [INFO] IPUIPlugin:80 - create IPUIPlugin
2025-06-26 22:01:42,027 [INFO] IPUIPlugin:80 - create IPUIPlugin
2025-06-26 22:01:42,027 [INFO] IPUIPlugin:80 - create IPUIPlugin
2025-06-26 22:01:42,028 [INFO] IPUIPlugin:80 - create IPUIPlugin
2025-06-26 22:01:42,028 [INFO] IPUIPlugin:80 - create IPUIPlugin
2025-06-26 22:01:42,029 [INFO] IPUIPlugin:80 - create IPUIPlugin
2025-06-26 22:01:42,029 [INFO] IPUIPlugin:80 - create IPUIPlugin
2025-06-26 22:01:42,029 [INFO] IPUIPlugin:80 - create IPUIPlugin
2025-06-26 22:01:42,029 [INFO] IPUIPlugin:80 - create IPUIPlugin
2025-06-26 22:01:42,029 [INFO] IPUIPlugin:80 - create IPUIPlugin
2025-06-26 22:01:42,030 [INFO] IPUIPlugin:80 - create IPUIPlugin
2025-06-26 22:01:42,031 [INFO] IPUIPlugin:80 - create IPUIPlugin
2025-06-26 22:01:42,031 [INFO] IPUIPlugin:80 - create IPUIPlugin
2025-06-26 22:01:42,032 [INFO] IPUIPlugin:80 - create IPUIPlugin
2025-06-26 22:01:42,032 [INFO] IPUIPlugin:80 - create IPUIPlugin
2025-06-26 22:01:42,032 [INFO] IPUIPlugin:80 - create IPUIPlugin
2025-06-26 22:01:42,033 [INFO] IPUIPlugin:80 - create IPUIPlugin
2025-06-26 22:01:42,033 [INFO] IPUIPlugin:80 - create IPUIPlugin
2025-06-26 22:01:42,033 [INFO] IPUIPlugin:80 - create IPUIPlugin
2025-06-26 22:01:42,034 [INFO] IPUIPlugin:80 - create IPUIPlugin
2025-06-26 22:01:42,034 [INFO] IPUIPlugin:80 - create IPUIPlugin
2025-06-26 22:01:42,034 [INFO] IPUIPlugin:80 - create IPUIPlugin
2025-06-26 22:01:42,035 [INFO] IPUIPlugin:80 - create IPUIPlugin
2025-06-26 22:01:42,035 [INFO] IPUIPlugin:80 - create IPUIPlugin
2025-06-26 22:01:42,037 [INFO] IPUIPlugin:80 - create IPUIPlugin
2025-06-26 22:01:42,037 [INFO] IPUIPlugin:80 - create IPUIPlugin
2025-06-26 22:01:42,038 [INFO] IPUIPlugin:80 - create IPUIPlugin
2025-06-26 22:01:42,038 [INFO] IPUIPlugin:80 - create IPUIPlugin
2025-06-26 22:01:42,039 [INFO] IPUIPlugin:80 - create IPUIPlugin
2025-06-26 22:01:42,039 [INFO] IPUIPlugin:80 - create IPUIPlugin
2025-06-26 22:01:42,040 [INFO] IPUIPlugin:80 - create IPUIPlugin
2025-06-26 22:01:42,040 [INFO] IPUIPlugin:80 - create IPUIPlugin
2025-06-26 22:01:42,041 [INFO] IPUIPlugin:80 - create IPUIPlugin
2025-06-26 22:01:42,044 [INFO] IPUIPlugin:80 - create IPUIPlugin
2025-06-26 22:01:42,045 [INFO] IPUIPlugin:80 - create IPUIPlugin
2025-06-26 22:01:42,343 [INFO] CADModel:165 - CPN selected for project levelSTM32G474RET6
2025-06-26 22:01:42,343 [INFO] CADModel:114 - Register for checkConnection events
2025-06-26 22:01:42,400 [INFO] OpenFileManager:343 - Restore cursor
2025-06-26 22:01:43,320 [INFO] UtilMem:75 - End SaveConfig() Used Memory: 731139160 Bytes (1073741824)
2025-06-26 22:01:43,417 [INFO] UtilMem:75 - End SaveConfig() Used Memory: 755305000 Bytes (1073741824)
2025-06-26 22:01:44,201 [INFO] BlockDiagram:2759 - set Specific Code input for plugin: SYS
2025-06-26 22:01:44,201 [INFO] BlockDiagram:2759 - set Specific Code input for plugin: RCC
2025-06-26 22:01:44,201 [INFO] BlockDiagram:2759 - set Specific Code input for plugin: NVIC
2025-06-26 22:01:44,202 [INFO] BlockDiagram:2759 - set Specific Code input for plugin: GPIO
2025-06-26 22:01:44,204 [INFO] CodeGenerator:807 - code generatio: config db path: D:\Program Files\STM32CubeIDE_1.14.1\STM32CubeIDE\plugins\com.st.stm32cube.common.mx_6.10.0.202311202037\\db\
2025-06-26 22:01:44,471 [INFO] CodeEngine:255 - oldGeneratedFile, D:\STM32G4\Test\MXTmpFiles\license.tmp_save
2025-06-26 22:01:44,900 [INFO] CodeEngine:279 - Generated code: D:\STM32G4\Test\MXTmpFiles\license.tmp
2025-06-26 22:01:45,043 [INFO] CodeEngine:255 - oldGeneratedFile, D:\STM32G4\Test\MXTmpFiles\gpio.tmp_save
2025-06-26 22:01:45,265 [INFO] CodeEngine:279 - Generated code: D:\STM32G4\Test\MXTmpFiles\gpio.tmp
2025-06-26 22:01:45,348 [INFO] CodeEngine:255 - oldGeneratedFile, D:\STM32G4\Test\Core\Src\stm32g4xx_it.c_save
2025-06-26 22:01:45,551 [INFO] CodeEngine:279 - Generated code: D:\STM32G4\Test\Core\Src\stm32g4xx_it.c
2025-06-26 22:01:45,562 [INFO] CodeEngine:255 - oldGeneratedFile, D:\STM32G4\Test\Core\Inc\stm32g4xx_it.h_save
2025-06-26 22:01:45,691 [INFO] CodeEngine:279 - Generated code: D:\STM32G4\Test\Core\Inc\stm32g4xx_it.h
2025-06-26 22:01:45,725 [INFO] CodeEngine:255 - oldGeneratedFile, D:\STM32G4\Test\Core\Src\stm32g4xx_hal_msp.c_save
2025-06-26 22:01:45,921 [INFO] CodeEngine:279 - Generated code: D:\STM32G4\Test\Core\Src\stm32g4xx_hal_msp.c
2025-06-26 22:01:45,929 [INFO] CodeEngine:255 - oldGeneratedFile, D:\STM32G4\Test\MXTmpFiles\system.tmp_save
2025-06-26 22:01:46,042 [INFO] CodeEngine:279 - Generated code: D:\STM32G4\Test\MXTmpFiles\system.tmp
2025-06-26 22:01:46,055 [INFO] CodeEngine:311 - oldGeneratedFile, D:\STM32G4\Test\Core\Inc\stm32g4xx_hal_conf.h_save
2025-06-26 22:01:46,225 [INFO] CodeEngine:335 - Generated code: D:\STM32G4\Test\Core\Inc\stm32g4xx_hal_conf.h
2025-06-26 22:01:46,282 [WARN] IPConfigManager:2946 - Warning: the RefConfig RCC_CommonPeriphClockConfig is not available in your config.xml file
2025-06-26 22:01:46,297 [INFO] CodeEngine:255 - oldGeneratedFile, D:\STM32G4\Test\Core\Inc\main.h_save
2025-06-26 22:01:46,493 [INFO] CodeEngine:279 - Generated code: D:\STM32G4\Test\Core\Inc\main.h
2025-06-26 22:01:46,499 [INFO] CodeEngine:255 - oldGeneratedFile, D:\STM32G4\Test\Core\Src\main.c_save
2025-06-26 22:01:46,686 [INFO] CodeEngine:279 - Generated code: D:\STM32G4\Test\Core\Src\main.c
2025-06-26 22:01:47,485 [INFO] ProjectBuilder:3076 - Time for Copy HAL[1] : 235mS.
2025-06-26 22:01:47,493 [INFO] ProjectBuilder:4485 - Project Generator version: 4.2.0-B44
2025-06-26 22:01:47,790 [INFO] ConfigFileManager:1495 - The Die is : DIE469
2025-06-26 22:01:47,806 [INFO] ApiDbMcu:508 - Load IP Config File for FATFS
2025-06-26 22:01:47,828 [INFO] ApiDbMcu:508 - Load IP Config File for FREERTOS
2025-06-26 22:01:47,838 [INFO] ApiDbMcu:508 - Load IP Config File for USBPD
2025-06-26 22:01:47,852 [INFO] ApiDbMcu:508 - Load IP Config File for USB_Device
2025-06-26 22:01:48,800 [INFO] LogOutputStream:77 - [STDOUT_REDIRECT] 
2025-06-26 22:01:51,306 [INFO] ProjectBuilder:4747 - Time for Generating toolchain IDE Files: 3813mS.
2025-06-26 22:01:51,308 [INFO] ProjectBuilder:2947 - Time for Copy CMSIS : 1mS.
2025-06-26 22:01:51,310 [INFO] ProjectBuilder:2947 - Time for Copy CMSIS : 0mS.
2025-06-26 22:01:52,290 [INFO] McuFinderGlobals:76 - Set McuFinderConnectedMode to true
2025-06-26 22:01:52,295 [INFO] ApiDb:448 - Save user favorites file C:\Users\abhim/.stm32cubeide/favorites.mcus.txt: 0 item(s)
2025-06-26 22:01:52,295 [INFO] ApiDb:452 - User favorites MCUs=[]
2025-06-26 22:01:52,297 [INFO] ApiDb:448 - Save user favorites file C:\Users\abhim/.stm32cubeide/favorites.boards.txt: 0 item(s)
2025-06-26 22:01:52,299 [INFO] ApiDb:452 - User favorites Boards=[]
2025-06-26 22:04:01,110 [INFO] ADCParametersView:116 -                Rank 1 : false
2025-06-26 22:04:01,253 [INFO] ADCParametersView:116 -                Rank 1 : false
2025-06-26 22:04:01,253 [INFO] ADCParametersView:116 -                Rank 1 : false
2025-06-26 22:04:01,253 [INFO] ADCParametersView:116 -                Rank 1 : false
2025-06-26 22:04:01,254 [INFO] ADCParametersView:116 -                Rank 1 : false
2025-06-26 22:04:01,254 [INFO] ADCParametersView:116 -                Rank 1 : false
2025-06-26 22:04:01,254 [INFO] ADCParametersView:116 -                Rank 1 : false
2025-06-26 22:04:01,254 [INFO] ADCParametersView:116 -                Rank 1 : false
2025-06-26 22:04:01,254 [INFO] ADCParametersView:116 -                Rank 1 : false
2025-06-26 22:04:01,254 [INFO] ADCParametersView:116 -                Rank 1 : false
2025-06-26 22:04:01,254 [INFO] ADCParametersView:116 -                Rank 1 : false
2025-06-26 22:04:01,254 [INFO] ADCParametersView:116 -                Rank 1 : false
2025-06-26 22:04:01,255 [INFO] ADCParametersView:116 -                Rank 1 : false
2025-06-26 22:04:01,255 [INFO] ADCParametersView:116 -                Rank 1 : false
2025-06-26 22:04:01,255 [INFO] ADCParametersView:116 -                Rank 1 : false
2025-06-26 22:04:01,255 [INFO] ADCParametersView:116 -                Rank 1 : false
2025-06-26 22:04:01,255 [INFO] ADCParametersView:116 -                Rank 1 : false
2025-06-26 22:04:01,255 [INFO] ADCParametersView:116 -                Rank 1 : false
2025-06-26 22:04:01,255 [INFO] ADCParametersView:116 -                Rank 1 : false
2025-06-26 22:04:01,255 [INFO] ADCParametersView:116 -                Rank 1 : false
2025-06-26 22:04:01,255 [INFO] ADCParametersView:116 -                Rank 1 : false
2025-06-26 22:04:01,255 [INFO] ADCParametersView:116 -                Rank 1 : false
2025-06-26 22:04:01,276 [INFO] ADCParametersView:116 -                Rank 1 : false
2025-06-26 22:04:01,484 [INFO] NvicIntPanel:101 - NVIC parent = com.st.microxplorer.plugins.ip.nvic.MultiNvicIntPanel[,0,0,0x0,invalid,layout=javax.swing.BoxLayout,alignmentX=0.0,alignmentY=0.0,border=,flags=9,maximumSize=,minimumSize=,preferredSize=]
2025-06-26 22:04:01,704 [INFO] NvicIntPanel:101 - NVIC parent = com.st.microxplorer.plugins.ip.nvic.MultiNvicIntPanel[,0,0,0x0,invalid,layout=javax.swing.BoxLayout,alignmentX=0.0,alignmentY=0.0,border=,flags=9,maximumSize=,minimumSize=,preferredSize=]
2025-06-26 22:04:01,903 [INFO] NvicIntPanel:101 - NVIC parent = com.st.microxplorer.plugins.ip.nvic.MultiNvicIntPanel[,0,0,0x0,invalid,layout=javax.swing.BoxLayout,alignmentX=0.0,alignmentY=0.0,border=,flags=9,maximumSize=,minimumSize=,preferredSize=]
2025-06-26 22:04:02,095 [INFO] NvicIntPanel:101 - NVIC parent = com.st.microxplorer.plugins.ip.nvic.MultiNvicIntPanel[,0,0,0x0,invalid,layout=javax.swing.BoxLayout,alignmentX=0.0,alignmentY=0.0,border=,flags=9,maximumSize=,minimumSize=,preferredSize=]
2025-06-26 22:04:02,186 [INFO] ADCParametersView:116 -                Rank 1 : false
2025-06-26 22:04:02,187 [INFO] ADCParametersView:116 -                Rank 1 : false
2025-06-26 22:04:02,187 [INFO] ADCParametersView:116 -                Rank 1 : false
2025-06-26 22:04:02,187 [INFO] ADCParametersView:116 -                Rank 1 : false
2025-06-26 22:04:02,188 [INFO] ADCParametersView:116 -                Rank 1 : false
2025-06-26 22:04:02,188 [INFO] ADCParametersView:116 -                Rank 1 : false
2025-06-26 22:04:02,188 [INFO] ADCParametersView:116 -                Rank 1 : false
2025-06-26 22:04:02,188 [INFO] ADCParametersView:116 -                Rank 1 : false
2025-06-26 22:04:02,189 [INFO] ADCParametersView:116 -                Rank 1 : false
2025-06-26 22:04:02,189 [INFO] ADCParametersView:116 -                Rank 1 : false
2025-06-26 22:04:02,189 [INFO] ADCParametersView:116 -                Rank 1 : false
2025-06-26 22:04:02,190 [INFO] ADCParametersView:116 -                Rank 1 : false
2025-06-26 22:04:02,190 [INFO] ADCParametersView:116 -                Rank 1 : false
2025-06-26 22:04:02,190 [INFO] ADCParametersView:116 -                Rank 1 : false
2025-06-26 22:04:02,191 [INFO] ADCParametersView:116 -                Rank 1 : false
2025-06-26 22:04:02,192 [INFO] ADCParametersView:116 -                Rank 1 : false
2025-06-26 22:04:02,192 [INFO] ADCParametersView:116 -                Rank 1 : false
2025-06-26 22:04:02,192 [INFO] ADCParametersView:116 -                Rank 1 : false
2025-06-26 22:04:02,192 [INFO] ADCParametersView:116 -                Rank 1 : false
2025-06-26 22:04:02,192 [INFO] ADCParametersView:116 -                Rank 1 : false
2025-06-26 22:04:02,193 [INFO] ADCParametersView:116 -                Rank 1 : false
2025-06-26 22:04:02,214 [INFO] ADCParametersView:116 -                Rank 1 : false
2025-06-26 22:04:02,252 [INFO] ADCParametersView:116 -                Rank 1 : false
2025-06-26 22:04:02,252 [INFO] ADCParametersView:116 -                Rank 1 : false
2025-06-26 22:04:02,253 [INFO] ADCParametersView:116 -                Rank 1 : false
2025-06-26 22:04:02,253 [INFO] ADCParametersView:116 -                Rank 1 : false
2025-06-26 22:04:02,253 [INFO] ADCParametersView:116 -                Rank 1 : false
2025-06-26 22:04:02,253 [INFO] ADCParametersView:116 -                Rank 1 : false
2025-06-26 22:04:02,253 [INFO] ADCParametersView:116 -                Rank 1 : false
2025-06-26 22:04:02,253 [INFO] ADCParametersView:116 -                Rank 1 : false
2025-06-26 22:04:02,253 [INFO] ADCParametersView:116 -                Rank 1 : false
2025-06-26 22:04:02,254 [INFO] ADCParametersView:116 -                Rank 1 : false
2025-06-26 22:04:02,254 [INFO] ADCParametersView:116 -                Rank 1 : false
2025-06-26 22:04:02,254 [INFO] ADCParametersView:116 -                Rank 1 : false
2025-06-26 22:04:02,254 [INFO] ADCParametersView:116 -                Rank 1 : false
2025-06-26 22:04:02,254 [INFO] ADCParametersView:116 -                Rank 1 : false
2025-06-26 22:04:02,254 [INFO] ADCParametersView:116 -                Rank 1 : false
2025-06-26 22:04:02,254 [INFO] ADCParametersView:116 -                Rank 1 : false
2025-06-26 22:04:02,254 [INFO] ADCParametersView:116 -                Rank 1 : false
2025-06-26 22:04:02,255 [INFO] ADCParametersView:116 -                Rank 1 : false
2025-06-26 22:04:02,255 [INFO] ADCParametersView:116 -                Rank 1 : false
2025-06-26 22:04:02,255 [INFO] ADCParametersView:116 -                Rank 1 : false
2025-06-26 22:04:02,255 [INFO] ADCParametersView:116 -                Rank 1 : false
2025-06-26 22:04:02,286 [INFO] ADCParametersView:116 -                Rank 1 : false
2025-06-26 22:04:03,629 [INFO] NvicIntPanel:101 - NVIC parent = com.st.microxplorer.plugins.ip.nvic.MultiNvicIntPanel[,0,0,579x269,layout=javax.swing.BoxLayout,alignmentX=0.0,alignmentY=0.0,border=,flags=9,maximumSize=,minimumSize=,preferredSize=]
2025-06-26 22:04:05,411 [INFO] ADCParametersView:116 -                Rank 1 : false
2025-06-26 22:04:05,412 [INFO] ADCParametersView:116 -                Rank 1 : false
2025-06-26 22:04:05,412 [INFO] ADCParametersView:116 -                Rank 1 : false
2025-06-26 22:04:05,412 [INFO] ADCParametersView:116 -                Rank 1 : false
2025-06-26 22:04:05,412 [INFO] ADCParametersView:116 -                Rank 1 : false
2025-06-26 22:04:05,412 [INFO] ADCParametersView:116 -                Rank 1 : false
2025-06-26 22:04:05,412 [INFO] ADCParametersView:116 -                Rank 1 : false
2025-06-26 22:04:05,412 [INFO] ADCParametersView:116 -                Rank 1 : false
2025-06-26 22:04:05,412 [INFO] ADCParametersView:116 -                Rank 1 : false
2025-06-26 22:04:05,412 [INFO] ADCParametersView:116 -                Rank 1 : false
2025-06-26 22:04:05,412 [INFO] ADCParametersView:116 -                Rank 1 : false
2025-06-26 22:04:05,412 [INFO] ADCParametersView:116 -                Rank 1 : false
2025-06-26 22:04:05,412 [INFO] ADCParametersView:116 -                Rank 1 : false
2025-06-26 22:04:05,412 [INFO] ADCParametersView:116 -                Rank 1 : false
2025-06-26 22:04:05,412 [INFO] ADCParametersView:116 -                Rank 1 : false
2025-06-26 22:04:05,412 [INFO] ADCParametersView:116 -                Rank 1 : false
2025-06-26 22:04:05,412 [INFO] ADCParametersView:116 -                Rank 1 : false
2025-06-26 22:04:05,412 [INFO] ADCParametersView:116 -                Rank 1 : false
2025-06-26 22:04:05,412 [INFO] ADCParametersView:116 -                Rank 1 : false
2025-06-26 22:04:05,412 [INFO] ADCParametersView:116 -                Rank 1 : false
2025-06-26 22:04:05,412 [INFO] ADCParametersView:116 -                Rank 1 : false
2025-06-26 22:04:05,426 [INFO] ADCParametersView:116 -                Rank 1 : false
2025-06-26 22:04:05,455 [INFO] ADCParametersView:116 -                Rank 1 : false
2025-06-26 22:04:05,455 [INFO] ADCParametersView:116 -                Rank 1 : false
2025-06-26 22:04:05,456 [INFO] ADCParametersView:116 -                Rank 1 : false
2025-06-26 22:04:05,456 [INFO] ADCParametersView:116 -                Rank 1 : false
2025-06-26 22:04:05,456 [INFO] ADCParametersView:116 -                Rank 1 : false
2025-06-26 22:04:05,456 [INFO] ADCParametersView:116 -                Rank 1 : false
2025-06-26 22:04:05,456 [INFO] ADCParametersView:116 -                Rank 1 : false
2025-06-26 22:04:05,456 [INFO] ADCParametersView:116 -                Rank 1 : false
2025-06-26 22:04:05,456 [INFO] ADCParametersView:116 -                Rank 1 : false
2025-06-26 22:04:05,456 [INFO] ADCParametersView:116 -                Rank 1 : false
2025-06-26 22:04:05,456 [INFO] ADCParametersView:116 -                Rank 1 : false
2025-06-26 22:04:05,456 [INFO] ADCParametersView:116 -                Rank 1 : false
2025-06-26 22:04:05,456 [INFO] ADCParametersView:116 -                Rank 1 : false
2025-06-26 22:04:05,456 [INFO] ADCParametersView:116 -                Rank 1 : false
2025-06-26 22:04:05,456 [INFO] ADCParametersView:116 -                Rank 1 : false
2025-06-26 22:04:05,456 [INFO] ADCParametersView:116 -                Rank 1 : false
2025-06-26 22:04:05,457 [INFO] ADCParametersView:116 -                Rank 1 : false
2025-06-26 22:04:05,457 [INFO] ADCParametersView:116 -                Rank 1 : false
2025-06-26 22:04:05,457 [INFO] ADCParametersView:116 -                Rank 1 : false
2025-06-26 22:04:05,457 [INFO] ADCParametersView:116 -                Rank 1 : false
2025-06-26 22:04:05,457 [INFO] ADCParametersView:116 -                Rank 1 : false
2025-06-26 22:04:05,473 [INFO] ADCParametersView:116 -                Rank 1 : false
2025-06-26 22:04:05,492 [INFO] NvicIntPanel:101 - NVIC parent = com.st.microxplorer.plugins.ip.nvic.MultiNvicIntPanel[,0,0,0x0,invalid,layout=javax.swing.BoxLayout,alignmentX=0.0,alignmentY=0.0,border=,flags=9,maximumSize=,minimumSize=,preferredSize=]
2025-06-26 22:04:09,388 [INFO] ADCParametersView:116 -                Rank 1 : false
2025-06-26 22:04:09,388 [INFO] ADCParametersView:116 -                Rank 1 : false
2025-06-26 22:04:09,388 [INFO] ADCParametersView:116 -                Rank 1 : false
2025-06-26 22:04:09,388 [INFO] ADCParametersView:116 -                Rank 1 : false
2025-06-26 22:04:09,388 [INFO] ADCParametersView:116 -                Rank 1 : false
2025-06-26 22:04:09,388 [INFO] ADCParametersView:116 -                Rank 1 : false
2025-06-26 22:04:09,389 [INFO] ADCParametersView:116 -                Rank 1 : false
2025-06-26 22:04:09,389 [INFO] ADCParametersView:116 -                Rank 1 : false
2025-06-26 22:04:09,389 [INFO] ADCParametersView:116 -                Rank 1 : false
2025-06-26 22:04:09,389 [INFO] ADCParametersView:116 -                Rank 1 : false
2025-06-26 22:04:09,389 [INFO] ADCParametersView:116 -                Rank 1 : false
2025-06-26 22:04:09,389 [INFO] ADCParametersView:116 -                Rank 1 : false
2025-06-26 22:04:09,389 [INFO] ADCParametersView:116 -                Rank 1 : false
2025-06-26 22:04:09,389 [INFO] ADCParametersView:116 -                Rank 1 : false
2025-06-26 22:04:09,389 [INFO] ADCParametersView:116 -                Rank 1 : false
2025-06-26 22:04:09,389 [INFO] ADCParametersView:116 -                Rank 1 : false
2025-06-26 22:04:09,389 [INFO] ADCParametersView:116 -                Rank 1 : false
2025-06-26 22:04:09,389 [INFO] ADCParametersView:116 -                Rank 1 : false
2025-06-26 22:04:09,389 [INFO] ADCParametersView:116 -                Rank 1 : false
2025-06-26 22:04:09,389 [INFO] ADCParametersView:116 -                Rank 1 : false
2025-06-26 22:04:09,389 [INFO] ADCParametersView:116 -                Rank 1 : false
2025-06-26 22:04:09,404 [INFO] ADCParametersView:116 -                Rank 1 : false
2025-06-26 22:04:24,133 [INFO] NvicIntPanel:101 - NVIC parent = com.st.microxplorer.plugins.ip.nvic.MultiNvicIntPanel[,0,0,579x269,layout=javax.swing.BoxLayout,alignmentX=0.0,alignmentY=0.0,border=,flags=9,maximumSize=,minimumSize=,preferredSize=]
2025-06-26 22:04:25,664 [INFO] NvicIntPanel:101 - NVIC parent = com.st.microxplorer.plugins.ip.nvic.MultiNvicIntPanel[,0,0,0x0,invalid,layout=javax.swing.BoxLayout,alignmentX=0.0,alignmentY=0.0,border=,flags=9,maximumSize=,minimumSize=,preferredSize=]
2025-06-26 22:04:30,351 [INFO] Mcu:1675 - InternalPropertyChange: try BijectiveRequest:Connected to external pin and to on chip-peripherals
2025-06-26 22:04:36,377 [INFO] NvicIntPanel:101 - NVIC parent = com.st.microxplorer.plugins.ip.nvic.MultiNvicIntPanel[,0,0,0x0,invalid,layout=javax.swing.BoxLayout,alignmentX=0.0,alignmentY=0.0,border=,flags=9,maximumSize=,minimumSize=,preferredSize=]
2025-06-26 22:05:09,230 [INFO] NvicIntPanel:101 - NVIC parent = com.st.microxplorer.plugins.ip.nvic.MultiNvicIntPanel[,0,0,0x0,invalid,layout=javax.swing.BoxLayout,alignmentX=0.0,alignmentY=0.0,border=,flags=9,maximumSize=,minimumSize=,preferredSize=]
2025-06-26 22:05:17,631 [INFO] UtilMem:75 - End SaveConfig() Used Memory: 798150472 Bytes (1073741824)
2025-06-26 22:05:17,716 [INFO] UtilMem:75 - End SaveConfig() Used Memory: 822408928 Bytes (1073741824)
2025-06-26 22:05:18,557 [INFO] UtilMem:75 - End SaveConfig() Used Memory: 574290624 Bytes (1073741824)
2025-06-26 22:05:19,095 [INFO] BlockDiagram:2759 - set Specific Code input for plugin: DAC
2025-06-26 22:05:19,095 [INFO] BlockDiagram:2759 - set Specific Code input for plugin: TIM6_7G4
2025-06-26 22:05:19,095 [INFO] BlockDiagram:2759 - set Specific Code input for plugin: SYS
2025-06-26 22:05:19,095 [INFO] BlockDiagram:2759 - set Specific Code input for plugin: ADC
2025-06-26 22:05:19,095 [INFO] BlockDiagram:2759 - set Specific Code input for plugin: RCC
2025-06-26 22:05:19,095 [INFO] BlockDiagram:2759 - set Specific Code input for plugin: NVIC
2025-06-26 22:05:19,096 [INFO] BlockDiagram:2759 - set Specific Code input for plugin: GPIO
2025-06-26 22:05:19,097 [INFO] CodeGenerator:807 - code generatio: config db path: D:\Program Files\STM32CubeIDE_1.14.1\STM32CubeIDE\plugins\com.st.stm32cube.common.mx_6.10.0.202311202037\\db\
2025-06-26 22:05:19,375 [INFO] CodeEngine:255 - oldGeneratedFile, D:\STM32G4\Test\MXTmpFiles\license.tmp_save
2025-06-26 22:05:19,535 [INFO] CodeEngine:279 - Generated code: D:\STM32G4\Test\MXTmpFiles\license.tmp
2025-06-26 22:05:19,593 [INFO] CodeEngine:255 - oldGeneratedFile, D:\STM32G4\Test\MXTmpFiles\gpio.tmp_save
2025-06-26 22:05:19,766 [INFO] CodeEngine:279 - Generated code: D:\STM32G4\Test\MXTmpFiles\gpio.tmp
2025-06-26 22:05:20,067 [INFO] CodeEngine:255 - oldGeneratedFile, D:\STM32G4\Test\Core\Src\stm32g4xx_it.c_save
2025-06-26 22:05:20,271 [INFO] CodeEngine:279 - Generated code: D:\STM32G4\Test\Core\Src\stm32g4xx_it.c
2025-06-26 22:05:20,281 [INFO] CodeEngine:255 - oldGeneratedFile, D:\STM32G4\Test\Core\Inc\stm32g4xx_it.h_save
2025-06-26 22:05:20,364 [INFO] CodeEngine:279 - Generated code: D:\STM32G4\Test\Core\Inc\stm32g4xx_it.h
2025-06-26 22:05:20,400 [INFO] CodeEngine:255 - oldGeneratedFile, D:\STM32G4\Test\Core\Src\stm32g4xx_hal_msp.c_save
2025-06-26 22:05:20,545 [INFO] CodeEngine:279 - Generated code: D:\STM32G4\Test\Core\Src\stm32g4xx_hal_msp.c
2025-06-26 22:05:20,552 [INFO] CodeEngine:255 - oldGeneratedFile, D:\STM32G4\Test\MXTmpFiles\system.tmp_save
2025-06-26 22:05:20,631 [INFO] CodeEngine:279 - Generated code: D:\STM32G4\Test\MXTmpFiles\system.tmp
2025-06-26 22:05:20,660 [INFO] CodeEngine:311 - oldGeneratedFile, D:\STM32G4\Test\Core\Inc\stm32g4xx_hal_conf.h_save
2025-06-26 22:05:20,785 [INFO] CodeEngine:335 - Generated code: D:\STM32G4\Test\Core\Inc\stm32g4xx_hal_conf.h
2025-06-26 22:05:20,838 [WARN] IPConfigManager:2946 - Warning: the RefConfig RCC_CommonPeriphClockConfig is not available in your config.xml file
2025-06-26 22:05:20,843 [WARN] IPConfigManager:3440 - IP not found : TIM
2025-06-26 22:05:20,845 [WARN] CodeGenerator:3939 - IP not found : null
2025-06-26 22:05:20,878 [INFO] CodeEngine:255 - oldGeneratedFile, D:\STM32G4\Test\Core\Inc\main.h_save
2025-06-26 22:05:20,979 [INFO] CodeEngine:279 - Generated code: D:\STM32G4\Test\Core\Inc\main.h
2025-06-26 22:05:20,997 [INFO] CodeEngine:255 - oldGeneratedFile, D:\STM32G4\Test\Core\Src\main.c_save
2025-06-26 22:05:21,159 [INFO] CodeEngine:279 - Generated code: D:\STM32G4\Test\Core\Src\main.c
2025-06-26 22:05:21,798 [INFO] ProjectBuilder:3076 - Time for Copy HAL[1] : 206mS.
2025-06-26 22:05:21,802 [INFO] ProjectBuilder:4485 - Project Generator version: 4.2.0-B44
2025-06-26 22:05:22,047 [INFO] ConfigFileManager:1495 - The Die is : DIE469
2025-06-26 22:05:23,731 [INFO] ProjectBuilder:4747 - Time for Generating toolchain IDE Files: 1929mS.
2025-06-26 22:05:23,732 [INFO] ProjectBuilder:2947 - Time for Copy CMSIS : 0mS.
2025-06-26 22:05:23,735 [INFO] ProjectBuilder:2947 - Time for Copy CMSIS : 0mS.
2025-06-26 22:05:41,812 [INFO] Gpio:277 - dependency for GPIO [ADC1, DAC1]
2025-06-26 22:24:46,500 [INFO] Gpio:277 - dependency for GPIO [ADC1, DAC1]
2025-06-26 22:24:46,545 [INFO] ADCParametersView:116 -                Rank 1 : false
2025-06-26 22:24:46,545 [INFO] ADCParametersView:116 -                Rank 1 : false
2025-06-26 22:24:46,545 [INFO] ADCParametersView:116 -                Rank 1 : false
2025-06-26 22:24:46,545 [INFO] ADCParametersView:116 -                Rank 1 : false
2025-06-26 22:24:46,545 [INFO] ADCParametersView:116 -                Rank 1 : false
2025-06-26 22:24:46,545 [INFO] ADCParametersView:116 -                Rank 1 : false
2025-06-26 22:24:46,546 [INFO] ADCParametersView:116 -                Rank 1 : false
2025-06-26 22:24:46,546 [INFO] ADCParametersView:116 -                Rank 1 : false
2025-06-26 22:24:46,546 [INFO] ADCParametersView:116 -                Rank 1 : false
2025-06-26 22:24:46,546 [INFO] ADCParametersView:116 -                Rank 1 : false
2025-06-26 22:24:46,546 [INFO] ADCParametersView:116 -                Rank 1 : false
2025-06-26 22:24:46,546 [INFO] ADCParametersView:116 -                Rank 1 : false
2025-06-26 22:24:46,546 [INFO] ADCParametersView:116 -                Rank 1 : false
2025-06-26 22:24:46,546 [INFO] ADCParametersView:116 -                Rank 1 : false
2025-06-26 22:24:46,546 [INFO] ADCParametersView:116 -                Rank 1 : false
2025-06-26 22:24:46,546 [INFO] ADCParametersView:116 -                Rank 1 : false
2025-06-26 22:24:46,546 [INFO] ADCParametersView:116 -                Rank 1 : false
2025-06-26 22:24:46,546 [INFO] ADCParametersView:116 -                Rank 1 : false
2025-06-26 22:24:46,546 [INFO] ADCParametersView:116 -                Rank 1 : false
2025-06-26 22:24:46,547 [INFO] ADCParametersView:116 -                Rank 1 : false
2025-06-26 22:24:46,547 [INFO] ADCParametersView:116 -                Rank 1 : false
2025-06-26 22:24:46,565 [INFO] ADCParametersView:116 -                Rank 1 : false
2025-06-26 22:24:46,595 [INFO] ADCParametersView:116 -                Rank 1 : false
2025-06-26 22:24:46,596 [INFO] ADCParametersView:116 -                Rank 1 : false
2025-06-26 22:24:46,596 [INFO] ADCParametersView:116 -                Rank 1 : false
2025-06-26 22:24:46,596 [INFO] ADCParametersView:116 -                Rank 1 : false
2025-06-26 22:24:46,596 [INFO] ADCParametersView:116 -                Rank 1 : false
2025-06-26 22:24:46,596 [INFO] ADCParametersView:116 -                Rank 1 : false
2025-06-26 22:24:46,596 [INFO] ADCParametersView:116 -                Rank 1 : false
2025-06-26 22:24:46,596 [INFO] ADCParametersView:116 -                Rank 1 : false
2025-06-26 22:24:46,596 [INFO] ADCParametersView:116 -                Rank 1 : false
2025-06-26 22:24:46,596 [INFO] ADCParametersView:116 -                Rank 1 : false
2025-06-26 22:24:46,596 [INFO] ADCParametersView:116 -                Rank 1 : false
2025-06-26 22:24:46,597 [INFO] ADCParametersView:116 -                Rank 1 : false
2025-06-26 22:24:46,597 [INFO] ADCParametersView:116 -                Rank 1 : false
2025-06-26 22:24:46,597 [INFO] ADCParametersView:116 -                Rank 1 : false
2025-06-26 22:24:46,597 [INFO] ADCParametersView:116 -                Rank 1 : false
2025-06-26 22:24:46,597 [INFO] ADCParametersView:116 -                Rank 1 : false
2025-06-26 22:24:46,597 [INFO] ADCParametersView:116 -                Rank 1 : false
2025-06-26 22:24:46,597 [INFO] ADCParametersView:116 -                Rank 1 : false
2025-06-26 22:24:46,597 [INFO] ADCParametersView:116 -                Rank 1 : false
2025-06-26 22:24:46,597 [INFO] ADCParametersView:116 -                Rank 1 : false
2025-06-26 22:24:46,597 [INFO] ADCParametersView:116 -                Rank 1 : false
2025-06-26 22:24:46,615 [INFO] ADCParametersView:116 -                Rank 1 : false
2025-06-26 22:24:48,963 [INFO] ADCParametersView:116 -                Rank 1 : false
2025-06-26 22:24:48,963 [INFO] ADCParametersView:116 -                Rank 1 : false
2025-06-26 22:24:48,963 [INFO] ADCParametersView:116 -                Rank 1 : false
2025-06-26 22:24:48,963 [INFO] ADCParametersView:116 -                Rank 1 : false
2025-06-26 22:24:48,963 [INFO] ADCParametersView:116 -                Rank 1 : false
2025-06-26 22:24:48,963 [INFO] ADCParametersView:116 -                Rank 1 : false
2025-06-26 22:24:48,963 [INFO] ADCParametersView:116 -                Rank 1 : false
2025-06-26 22:24:48,963 [INFO] ADCParametersView:116 -                Rank 1 : false
2025-06-26 22:24:48,963 [INFO] ADCParametersView:116 -                Rank 1 : false
2025-06-26 22:24:48,963 [INFO] ADCParametersView:116 -                Rank 1 : false
2025-06-26 22:24:48,963 [INFO] ADCParametersView:116 -                Rank 1 : false
2025-06-26 22:24:48,963 [INFO] ADCParametersView:116 -                Rank 1 : false
2025-06-26 22:24:48,963 [INFO] ADCParametersView:116 -                Rank 1 : false
2025-06-26 22:24:48,963 [INFO] ADCParametersView:116 -                Rank 1 : false
2025-06-26 22:24:48,963 [INFO] ADCParametersView:116 -                Rank 1 : false
2025-06-26 22:24:48,963 [INFO] ADCParametersView:116 -                Rank 1 : false
2025-06-26 22:24:48,963 [INFO] ADCParametersView:116 -                Rank 1 : false
2025-06-26 22:24:48,963 [INFO] ADCParametersView:116 -                Rank 1 : false
2025-06-26 22:24:48,964 [INFO] ADCParametersView:116 -                Rank 1 : false
2025-06-26 22:24:48,964 [INFO] ADCParametersView:116 -                Rank 1 : false
2025-06-26 22:24:48,964 [INFO] ADCParametersView:116 -                Rank 1 : false
2025-06-26 22:24:48,972 [INFO] ADCParametersView:116 -                Rank 1 : false
2025-06-26 22:25:54,841 [INFO] UtilMem:75 - End SaveConfig() Used Memory: 449400944 Bytes (1073741824)
2025-06-26 22:25:54,931 [INFO] UtilMem:75 - End SaveConfig() Used Memory: 471943280 Bytes (1073741824)
2025-06-26 22:25:55,698 [INFO] UtilMem:75 - End SaveConfig() Used Memory: 595675248 Bytes (1073741824)
2025-06-26 22:25:55,932 [INFO] BlockDiagram:2759 - set Specific Code input for plugin: DAC
2025-06-26 22:25:55,932 [INFO] BlockDiagram:2759 - set Specific Code input for plugin: TIM6_7G4
2025-06-26 22:25:55,932 [INFO] BlockDiagram:2759 - set Specific Code input for plugin: SYS
2025-06-26 22:25:55,932 [INFO] BlockDiagram:2759 - set Specific Code input for plugin: ADC
2025-06-26 22:25:55,932 [INFO] BlockDiagram:2759 - set Specific Code input for plugin: RCC
2025-06-26 22:25:55,932 [INFO] BlockDiagram:2759 - set Specific Code input for plugin: NVIC
2025-06-26 22:25:55,933 [INFO] BlockDiagram:2759 - set Specific Code input for plugin: GPIO
2025-06-26 22:25:55,934 [INFO] CodeGenerator:807 - code generatio: config db path: D:\Program Files\STM32CubeIDE_1.14.1\STM32CubeIDE\plugins\com.st.stm32cube.common.mx_6.10.0.202311202037\\db\
2025-06-26 22:25:56,111 [INFO] CodeEngine:255 - oldGeneratedFile, D:\STM32G4\Test\MXTmpFiles\license.tmp_save
2025-06-26 22:25:56,249 [INFO] CodeEngine:279 - Generated code: D:\STM32G4\Test\MXTmpFiles\license.tmp
2025-06-26 22:25:56,427 [INFO] CodeEngine:255 - oldGeneratedFile, D:\STM32G4\Test\MXTmpFiles\gpio.tmp_save
2025-06-26 22:25:56,616 [INFO] CodeEngine:279 - Generated code: D:\STM32G4\Test\MXTmpFiles\gpio.tmp
2025-06-26 22:25:56,880 [INFO] CodeEngine:255 - oldGeneratedFile, D:\STM32G4\Test\Core\Src\stm32g4xx_it.c_save
2025-06-26 22:25:57,134 [INFO] CodeEngine:279 - Generated code: D:\STM32G4\Test\Core\Src\stm32g4xx_it.c
2025-06-26 22:25:57,156 [INFO] CodeEngine:255 - oldGeneratedFile, D:\STM32G4\Test\Core\Inc\stm32g4xx_it.h_save
2025-06-26 22:25:57,252 [INFO] CodeEngine:279 - Generated code: D:\STM32G4\Test\Core\Inc\stm32g4xx_it.h
2025-06-26 22:25:57,285 [INFO] CodeEngine:255 - oldGeneratedFile, D:\STM32G4\Test\Core\Src\stm32g4xx_hal_msp.c_save
2025-06-26 22:25:57,459 [INFO] CodeEngine:279 - Generated code: D:\STM32G4\Test\Core\Src\stm32g4xx_hal_msp.c
2025-06-26 22:25:57,466 [INFO] CodeEngine:255 - oldGeneratedFile, D:\STM32G4\Test\MXTmpFiles\system.tmp_save
2025-06-26 22:25:57,585 [INFO] CodeEngine:279 - Generated code: D:\STM32G4\Test\MXTmpFiles\system.tmp
2025-06-26 22:25:57,623 [INFO] CodeEngine:311 - oldGeneratedFile, D:\STM32G4\Test\Core\Inc\stm32g4xx_hal_conf.h_save
2025-06-26 22:25:57,745 [INFO] CodeEngine:335 - Generated code: D:\STM32G4\Test\Core\Inc\stm32g4xx_hal_conf.h
2025-06-26 22:25:57,774 [WARN] IPConfigManager:2946 - Warning: the RefConfig RCC_CommonPeriphClockConfig is not available in your config.xml file
2025-06-26 22:25:57,776 [WARN] IPConfigManager:3440 - IP not found : TIM
2025-06-26 22:25:57,777 [WARN] CodeGenerator:3939 - IP not found : null
2025-06-26 22:25:57,804 [INFO] CodeEngine:255 - oldGeneratedFile, D:\STM32G4\Test\Core\Inc\main.h_save
2025-06-26 22:25:57,894 [INFO] CodeEngine:279 - Generated code: D:\STM32G4\Test\Core\Inc\main.h
2025-06-26 22:25:57,914 [INFO] CodeEngine:255 - oldGeneratedFile, D:\STM32G4\Test\Core\Src\main.c_save
2025-06-26 22:25:58,057 [INFO] CodeEngine:279 - Generated code: D:\STM32G4\Test\Core\Src\main.c
2025-06-26 22:25:58,615 [INFO] ProjectBuilder:3076 - Time for Copy HAL[1] : 226mS.
2025-06-26 22:25:58,618 [INFO] ProjectBuilder:4485 - Project Generator version: 4.2.0-B44
2025-06-26 22:25:58,912 [INFO] ConfigFileManager:1495 - The Die is : DIE469
2025-06-26 22:26:00,507 [INFO] ProjectBuilder:4747 - Time for Generating toolchain IDE Files: 1889mS.
2025-06-26 22:26:00,508 [INFO] ProjectBuilder:2947 - Time for Copy CMSIS : 1mS.
2025-06-26 22:26:00,510 [INFO] ProjectBuilder:2947 - Time for Copy CMSIS : 0mS.
2025-06-26 22:31:37,420 [INFO] UtilMem:75 - End SaveConfig() Used Memory: 813852016 Bytes (1073741824)
2025-06-26 22:31:37,506 [INFO] UtilMem:75 - End SaveConfig() Used Memory: 838873232 Bytes (1073741824)
2025-06-26 22:31:38,057 [INFO] UtilMem:75 - End SaveConfig() Used Memory: 879049488 Bytes (1073741824)
2025-06-26 22:31:38,355 [INFO] BlockDiagram:2759 - set Specific Code input for plugin: DAC
2025-06-26 22:31:38,355 [INFO] BlockDiagram:2759 - set Specific Code input for plugin: TIM6_7G4
2025-06-26 22:31:38,355 [INFO] BlockDiagram:2759 - set Specific Code input for plugin: SYS
2025-06-26 22:31:38,355 [INFO] BlockDiagram:2759 - set Specific Code input for plugin: ADC
2025-06-26 22:31:38,355 [INFO] BlockDiagram:2759 - set Specific Code input for plugin: RCC
2025-06-26 22:31:38,355 [INFO] BlockDiagram:2759 - set Specific Code input for plugin: LPUART
2025-06-26 22:31:38,355 [INFO] BlockDiagram:2759 - set Specific Code input for plugin: NVIC
2025-06-26 22:31:38,355 [INFO] BlockDiagram:2759 - set Specific Code input for plugin: GPIO
2025-06-26 22:31:38,357 [INFO] CodeGenerator:807 - code generatio: config db path: D:\Program Files\STM32CubeIDE_1.14.1\STM32CubeIDE\plugins\com.st.stm32cube.common.mx_6.10.0.202311202037\\db\
2025-06-26 22:31:38,675 [INFO] CodeEngine:255 - oldGeneratedFile, D:\STM32G4\Test\MXTmpFiles\license.tmp_save
2025-06-26 22:31:38,774 [INFO] CodeEngine:279 - Generated code: D:\STM32G4\Test\MXTmpFiles\license.tmp
2025-06-26 22:31:38,836 [INFO] CodeEngine:255 - oldGeneratedFile, D:\STM32G4\Test\MXTmpFiles\gpio.tmp_save
2025-06-26 22:31:38,937 [INFO] CodeEngine:279 - Generated code: D:\STM32G4\Test\MXTmpFiles\gpio.tmp
2025-06-26 22:31:39,311 [INFO] CodeEngine:255 - oldGeneratedFile, D:\STM32G4\Test\Core\Src\stm32g4xx_it.c_save
2025-06-26 22:31:39,485 [INFO] CodeEngine:279 - Generated code: D:\STM32G4\Test\Core\Src\stm32g4xx_it.c
2025-06-26 22:31:39,534 [INFO] CodeEngine:255 - oldGeneratedFile, D:\STM32G4\Test\Core\Inc\stm32g4xx_it.h_save
2025-06-26 22:31:39,640 [INFO] CodeEngine:279 - Generated code: D:\STM32G4\Test\Core\Inc\stm32g4xx_it.h
2025-06-26 22:31:39,686 [INFO] CodeEngine:255 - oldGeneratedFile, D:\STM32G4\Test\Core\Src\stm32g4xx_hal_msp.c_save
2025-06-26 22:31:39,855 [INFO] CodeEngine:279 - Generated code: D:\STM32G4\Test\Core\Src\stm32g4xx_hal_msp.c
2025-06-26 22:31:39,885 [INFO] CodeEngine:255 - oldGeneratedFile, D:\STM32G4\Test\MXTmpFiles\system.tmp_save
2025-06-26 22:31:39,978 [INFO] CodeEngine:279 - Generated code: D:\STM32G4\Test\MXTmpFiles\system.tmp
2025-06-26 22:31:40,026 [INFO] CodeEngine:311 - oldGeneratedFile, D:\STM32G4\Test\Core\Inc\stm32g4xx_hal_conf.h_save
2025-06-26 22:31:40,200 [INFO] CodeEngine:335 - Generated code: D:\STM32G4\Test\Core\Inc\stm32g4xx_hal_conf.h
2025-06-26 22:31:40,241 [WARN] IPConfigManager:2946 - Warning: the RefConfig RCC_CommonPeriphClockConfig is not available in your config.xml file
2025-06-26 22:31:40,245 [WARN] IPConfigManager:3440 - IP not found : TIM
2025-06-26 22:31:40,247 [WARN] CodeGenerator:3939 - IP not found : null
2025-06-26 22:31:40,289 [INFO] CodeEngine:255 - oldGeneratedFile, D:\STM32G4\Test\Core\Inc\main.h_save
2025-06-26 22:31:40,453 [INFO] CodeEngine:279 - Generated code: D:\STM32G4\Test\Core\Inc\main.h
2025-06-26 22:31:40,488 [INFO] CodeEngine:255 - oldGeneratedFile, D:\STM32G4\Test\Core\Src\main.c_save
2025-06-26 22:31:40,656 [INFO] CodeEngine:279 - Generated code: D:\STM32G4\Test\Core\Src\main.c
2025-06-26 22:31:41,367 [INFO] ProjectBuilder:3076 - Time for Copy HAL[1] : 259mS.
2025-06-26 22:31:41,370 [INFO] ProjectBuilder:4485 - Project Generator version: 4.2.0-B44
2025-06-26 22:31:41,567 [INFO] ConfigFileManager:1495 - The Die is : DIE469
2025-06-26 22:31:44,534 [INFO] ProjectBuilder:4747 - Time for Generating toolchain IDE Files: 3164mS.
2025-06-26 22:31:44,535 [INFO] ProjectBuilder:2947 - Time for Copy CMSIS : 0mS.
2025-06-26 22:31:44,537 [INFO] ProjectBuilder:2947 - Time for Copy CMSIS : 0mS.
2025-06-26 22:31:53,631 [INFO] UtilMem:75 - End SaveConfig() Used Memory: 471228048 Bytes (1073741824)
2025-06-26 22:31:53,698 [INFO] UtilMem:75 - End SaveConfig() Used Memory: 494296720 Bytes (1073741824)
2025-06-26 22:31:54,157 [INFO] UtilMem:75 - End SaveConfig() Used Memory: 534664848 Bytes (1073741824)
2025-06-26 22:31:54,354 [INFO] BlockDiagram:2759 - set Specific Code input for plugin: DAC
2025-06-26 22:31:54,354 [INFO] BlockDiagram:2759 - set Specific Code input for plugin: TIM6_7G4
2025-06-26 22:31:54,354 [INFO] BlockDiagram:2759 - set Specific Code input for plugin: SYS
2025-06-26 22:31:54,354 [INFO] BlockDiagram:2759 - set Specific Code input for plugin: ADC
2025-06-26 22:31:54,354 [INFO] BlockDiagram:2759 - set Specific Code input for plugin: RCC
2025-06-26 22:31:54,355 [INFO] BlockDiagram:2759 - set Specific Code input for plugin: LPUART
2025-06-26 22:31:54,355 [INFO] BlockDiagram:2759 - set Specific Code input for plugin: NVIC
2025-06-26 22:31:54,355 [INFO] BlockDiagram:2759 - set Specific Code input for plugin: GPIO
2025-06-26 22:31:54,357 [INFO] CodeGenerator:807 - code generatio: config db path: D:\Program Files\STM32CubeIDE_1.14.1\STM32CubeIDE\plugins\com.st.stm32cube.common.mx_6.10.0.202311202037\\db\
2025-06-26 22:31:54,512 [INFO] CodeEngine:255 - oldGeneratedFile, D:\STM32G4\Test\MXTmpFiles\license.tmp_save
2025-06-26 22:31:54,600 [INFO] CodeEngine:279 - Generated code: D:\STM32G4\Test\MXTmpFiles\license.tmp
2025-06-26 22:31:54,632 [INFO] CodeEngine:255 - oldGeneratedFile, D:\STM32G4\Test\MXTmpFiles\gpio.tmp_save
2025-06-26 22:31:54,739 [INFO] CodeEngine:279 - Generated code: D:\STM32G4\Test\MXTmpFiles\gpio.tmp
2025-06-26 22:31:55,073 [INFO] CodeEngine:255 - oldGeneratedFile, D:\STM32G4\Test\Core\Src\stm32g4xx_it.c_save
2025-06-26 22:31:55,193 [INFO] CodeEngine:279 - Generated code: D:\STM32G4\Test\Core\Src\stm32g4xx_it.c
2025-06-26 22:31:55,204 [INFO] CodeEngine:255 - oldGeneratedFile, D:\STM32G4\Test\Core\Inc\stm32g4xx_it.h_save
2025-06-26 22:31:55,279 [INFO] CodeEngine:279 - Generated code: D:\STM32G4\Test\Core\Inc\stm32g4xx_it.h
2025-06-26 22:31:55,313 [INFO] CodeEngine:255 - oldGeneratedFile, D:\STM32G4\Test\Core\Src\stm32g4xx_hal_msp.c_save
2025-06-26 22:31:55,484 [INFO] CodeEngine:279 - Generated code: D:\STM32G4\Test\Core\Src\stm32g4xx_hal_msp.c
2025-06-26 22:31:55,490 [INFO] CodeEngine:255 - oldGeneratedFile, D:\STM32G4\Test\MXTmpFiles\system.tmp_save
2025-06-26 22:31:55,556 [INFO] CodeEngine:279 - Generated code: D:\STM32G4\Test\MXTmpFiles\system.tmp
2025-06-26 22:31:55,581 [INFO] CodeEngine:311 - oldGeneratedFile, D:\STM32G4\Test\Core\Inc\stm32g4xx_hal_conf.h_save
2025-06-26 22:31:55,697 [INFO] CodeEngine:335 - Generated code: D:\STM32G4\Test\Core\Inc\stm32g4xx_hal_conf.h
2025-06-26 22:31:55,725 [WARN] IPConfigManager:2946 - Warning: the RefConfig RCC_CommonPeriphClockConfig is not available in your config.xml file
2025-06-26 22:31:55,727 [WARN] IPConfigManager:3440 - IP not found : TIM
2025-06-26 22:31:55,728 [WARN] CodeGenerator:3939 - IP not found : null
2025-06-26 22:31:55,748 [INFO] CodeEngine:255 - oldGeneratedFile, D:\STM32G4\Test\Core\Inc\main.h_save
2025-06-26 22:31:55,819 [INFO] CodeEngine:279 - Generated code: D:\STM32G4\Test\Core\Inc\main.h
2025-06-26 22:31:55,838 [INFO] CodeEngine:255 - oldGeneratedFile, D:\STM32G4\Test\Core\Src\main.c_save
2025-06-26 22:31:55,987 [INFO] CodeEngine:279 - Generated code: D:\STM32G4\Test\Core\Src\main.c
2025-06-26 22:31:56,652 [INFO] ProjectBuilder:3076 - Time for Copy HAL[1] : 210mS.
2025-06-26 22:31:56,655 [INFO] ProjectBuilder:4485 - Project Generator version: 4.2.0-B44
2025-06-26 22:31:56,834 [INFO] ConfigFileManager:1495 - The Die is : DIE469
2025-06-26 22:31:58,448 [INFO] ProjectBuilder:4747 - Time for Generating toolchain IDE Files: 1793mS.
2025-06-26 22:31:58,450 [INFO] ProjectBuilder:2947 - Time for Copy CMSIS : 1mS.
2025-06-26 22:31:58,452 [INFO] ProjectBuilder:2947 - Time for Copy CMSIS : 0mS.
