2025-07-06 10:30:08,469 [INFO] McuFinderGlobals:63 - Set McuFinder mode to 2 (CubeIDE integrated)
2025-07-06 10:30:08,618 [INFO] MainUpdater:2873 - connection check result : 10
2025-07-06 10:30:08,628 [INFO] MainUpdater:2873 - connection check result : 10
2025-07-06 10:30:08,916 [INFO] MicroXplorer:468 - Change Database Path : 
2025-07-06 10:30:08,917 [INFO] MicroXplorer:498 - Change Database Version : DB.6.0.100
2025-07-06 10:30:08,923 [WARN] ThirdParty:871 - waiting for thirdparty lock release [close project]
2025-07-06 10:30:08,924 [INFO] ThirdParty:873 - entering critical section [close project]
2025-07-06 10:30:08,966 [INFO] ThirdParty:883 - exiting critical section [close project]
2025-07-06 10:30:08,970 [INFO] PinOutPanel:1499 - setPackage(No Configuration,No Configuration)
2025-07-06 10:30:08,980 [INFO] UtilMem:75 - Begin LoadConfig() Used Memory: 471649744 Bytes (654311424)
2025-07-06 10:30:08,983 [INFO] MicroXplorer:468 - Change Database Path : 
2025-07-06 10:30:08,983 [INFO] MicroXplorer:498 - Change Database Version : DB.6.0.100
2025-07-06 10:30:08,983 [INFO] OpenFileManager:312 - Change cursor
2025-07-06 10:30:09,090 [INFO] Mcu:2016 - Initializing MCU STM32G474R(B-C-E)Tx STM32G474RETx STM32G474RET6
2025-07-06 10:30:13,751 [INFO] Context:659 - Trying to add GPIOservice into a context  which must be forbidden
2025-07-06 10:30:15,612 [INFO] RtosManager:555 - Registered RTOS mode: class=CMSIS, group=RTOS, mode=CMSIS_V1, owner=FREERTOS
2025-07-06 10:30:15,612 [INFO] RtosManager:555 - Registered RTOS mode: class=CMSIS, group=RTOS2, mode=CMSIS_V2, owner=FREERTOS
2025-07-06 10:30:15,612 [INFO] RtosManager:555 - Registered RTOS mode: class=RTOS, group=Core, mode=CMSIS_V1, owner=FREERTOS
2025-07-06 10:30:15,613 [INFO] RtosManager:555 - Registered RTOS mode: class=RTOS, group=Core, mode=CMSIS_V2, owner=FREERTOS
2025-07-06 10:30:15,613 [WARN] ModelIntegratedComponent:184 - Missing modes for component STMicroelectronics:FreeRTOS:0.0.1:STMicroelectronics:RTOS:FreeRTOS:Core:::10.2.0:
2025-07-06 10:30:15,619 [WARN] ModelIntegratedComponent:63 - No mode defined for component null
2025-07-06 10:30:15,619 [WARN] ModelIntegratedComponent:63 - No mode defined for component null
2025-07-06 10:30:15,619 [WARN] ModelIntegratedComponent:63 - No mode defined for component null
2025-07-06 10:30:15,619 [WARN] ModelIntegratedComponent:63 - No mode defined for component null
2025-07-06 10:30:15,619 [WARN] ModelIntegratedComponent:63 - No mode defined for component null
2025-07-06 10:30:15,619 [WARN] ModelIntegratedComponent:63 - No mode defined for component null
2025-07-06 10:30:15,619 [WARN] ModelIntegratedComponent:63 - No mode defined for component null
2025-07-06 10:30:15,619 [WARN] ModelIntegratedComponent:63 - No mode defined for component null
2025-07-06 10:30:15,620 [WARN] ModelIntegratedComponent:63 - No mode defined for component null
2025-07-06 10:30:15,620 [WARN] ModelIntegratedComponent:63 - No mode defined for component null
2025-07-06 10:30:15,620 [WARN] ModelIntegratedComponent:63 - No mode defined for component null
2025-07-06 10:30:15,620 [WARN] ModelIntegratedComponent:63 - No mode defined for component null
2025-07-06 10:30:15,620 [WARN] ModelIntegratedComponent:63 - No mode defined for component null
2025-07-06 10:30:15,620 [WARN] ModelIntegratedComponent:63 - No mode defined for component null
2025-07-06 10:30:15,620 [WARN] ModelIntegratedComponent:63 - No mode defined for component null
2025-07-06 10:30:15,620 [WARN] ModelIntegratedComponent:63 - No mode defined for component null
2025-07-06 10:30:15,620 [WARN] ModelIntegratedComponent:63 - No mode defined for component null
2025-07-06 10:30:15,620 [WARN] ModelIntegratedComponent:63 - No mode defined for component null
2025-07-06 10:30:15,620 [WARN] ModelIntegratedComponent:63 - No mode defined for component null
2025-07-06 10:30:15,620 [WARN] ModelIntegratedComponent:63 - No mode defined for component null
2025-07-06 10:30:15,620 [WARN] ModelIntegratedComponent:63 - No mode defined for component null
2025-07-06 10:30:15,620 [WARN] ModelIntegratedComponent:63 - No mode defined for component null
2025-07-06 10:30:15,620 [WARN] ModelIntegratedComponent:63 - No mode defined for component null
2025-07-06 10:30:15,620 [WARN] ModelIntegratedComponent:63 - No mode defined for component null
2025-07-06 10:30:15,620 [WARN] ModelIntegratedComponent:63 - No mode defined for component null
2025-07-06 10:30:15,620 [WARN] ModelIntegratedComponent:63 - No mode defined for component null
2025-07-06 10:30:15,620 [WARN] ModelIntegratedComponent:63 - No mode defined for component null
2025-07-06 10:30:15,620 [WARN] ModelIntegratedComponent:63 - No mode defined for component null
2025-07-06 10:30:15,620 [WARN] ModelIntegratedComponent:63 - No mode defined for component null
2025-07-06 10:30:15,620 [WARN] ModelIntegratedComponent:63 - No mode defined for component null
2025-07-06 10:30:15,620 [WARN] ModelIntegratedComponent:63 - No mode defined for component null
2025-07-06 10:30:15,620 [WARN] ModelIntegratedComponent:63 - No mode defined for component null
2025-07-06 10:30:15,620 [WARN] ModelIntegratedComponent:63 - No mode defined for component null
2025-07-06 10:30:15,880 [INFO] ThirdPartyModel:298 - Start build external matchings
2025-07-06 10:30:16,917 [INFO] ThirdPartyModel:316 - End build external matchings
2025-07-06 10:30:16,960 [INFO] ImportTextPane:194 - (OptionalMessage_ERROR) IP (ADC1) : Parameter (CommonPathInternal) has invalid value (null|null|null|null)
2025-07-06 10:30:17,455 [INFO] UtilMem:75 - End LoadConfig() Used Memory: 235671264 Bytes (730857472)
2025-07-06 10:30:17,643 [INFO] ApiDb:581 - Connected to CubeFinder SQLite database (C:\Users\abhim\.stmcufinder\plugins\mcufinder\mcu\cube-finder-db.db)
2025-07-06 10:30:17,722 [INFO] ApiDb:668 - CubeFinder database Data Model version=2.1
2025-07-06 10:30:17,722 [INFO] ApiDb:669 - CubeFinder database Configuration version=3.0.39
2025-07-06 10:30:17,723 [INFO] ApiDb:670 - CubeFinder database generation date=2025-06-16 (1750072209)
2025-07-06 10:30:17,723 [INFO] ApiDb:671 - CubeFinder database FW Pack versions=[FP-ATR-ASTRA1_V2.0.0, FP-SNS-FLIGHT1_V5.1.0, FP-SNS-MOTENV1_V5.0.0, FP-SNS-MOTENVWB1_V1.4.0, FP-SNS-SMARTAG2_V1.2.0, FP-SNS-STBOX1_V2.0.0, STM32Cube_FW_C0_V1.4.0, STM32Cube_FW_F4_V1.28.2, STM32Cube_FW_F7_V1.17.3, STM32Cube_FW_G0_V1.6.2, STM32Cube_FW_G4_V1.6.1, STM32Cube_FW_H5_V1.5.0, STM32Cube_FW_H7RS_V1.2.0, STM32Cube_FW_H7_V1.12.1, STM32Cube_FW_L0_V1.12.2, STM32Cube_FW_L4_V1.18.1, STM32Cube_FW_L5_V1.5.1, STM32Cube_FW_N6_V1.1.1, STM32Cube_FW_U0_V1.2.0, STM32Cube_FW_U3_V1.1.0, STM32Cube_FW_U5_V1.7.0, STM32Cube_FW_WB0_V1.2.0, STM32Cube_FW_WBA_V1.6.0, STM32Cube_FW_WB_V1.22.0, STM32Cube_FW_WL3_V1.1.0, STM32Cube_FW_WL_V1.3.1, X-CUBE-ALGOBUILD_V1.4.0, X-CUBE-ALS_V1.0.2, X-CUBE-AZRTOS-F4_V1.1.0, X-CUBE-AZRTOS-F7_V1.1.0, X-CUBE-AZRTOS-G0_V1.1.0, X-CUBE-AZRTOS-G4_V2.0.0, X-CUBE-AZRTOS-H7RS_V1.1.0, X-CUBE-AZRTOS-H7_V3.3.0, X-CUBE-AZRTOS-L4_V2.0.0, X-CUBE-AZRTOS-L5_V2.0.0, X-CUBE-AZRTOS-WB_V2.0.0, X-CUBE-AZRTOS-WL_V2.0.0, X-CUBE-BLE1_V7.1.0, X-CUBE-BLE2_V3.3.0, X-CUBE-BLEMGR_V4.0.0, X-CUBE-EEPRMA1_V5.1.0, X-CUBE-FREERTOS_V1.3.1, X-CUBE-GNSS1_V6.0.0, X-CUBE-MEMS1_V11.3.0, X-CUBE-NFC4_V3.0.0, X-CUBE-NFC7_V2.0.0, X-CUBE-SFXS2LP1_V4.0.0, X-CUBE-SUBG2_V5.0.0, X-CUBE-TOF1_V3.4.3]
2025-07-06 10:30:19,986 [INFO] ApiDb:240 - Found 371 in-development CPN: [B-G473E-ZEST1S, B-WB1M-WPAN1, B-WL5M-SUBG1, NUCLEO-C031C6, NUCLEO-H503RB, NUCLEO-H563ZI, NUCLEO-U545RE-Q, NUCLEO-U5A5ZJ-Q, NUCLEO-WBA52CG, NUCLEO-WBA55CG, STEVAL-MKBOXPRO, STEVAL-PROTEUS1, STEVAL-STWINBX1, STM320518-EVAL, STM32C0116-DK, STM32C011D6Y3TR, STM32C011D6Y6TR, STM32C011F4P3, STM32C011F4P6, STM32C011F4U3, STM32C011F4U6TR, STM32C011F6P3, STM32C011F6P6, STM32C011F6U3, STM32C011F6U6TR, STM32C011J4M3, STM32C011J4M6, STM32C011J6M3, STM32C011J6M6, STM32C0316-DK, STM32C031C4T3, STM32C031C4T6, STM32C031C4U3, STM32C031C4U6, STM32C031C6T3, STM32C031C6T6, STM32C031C6U3, STM32C031C6U6, STM32C031F4P3, STM32C031F4P6, STM32C031F6P3, STM32C031F6P6, STM32C031G4U3, STM32C031G4U6, STM32C031G6U3, STM32C031G6U6, STM32C031K4T3, STM32C031K4T6, STM32C031K4U3, STM32C031K4U6, STM32C031K6T3, STM32C031K6T6, STM32C031K6U3, STM32C031K6U6, STM32G071K8TXN, STM32G071K8UXN, STM32G081GBU6N, STM32G081KBT6N, STM32G081KBUXN, STM32G0B1CCT6N, STM32G0B1KCT6, STM32G0B1NEY6TR, STM32G0B1RCT6N, STM32G0C1CCT6, STM32G0C1CCT6N, STM32G0C1CCU6N, STM32G0C1CET6N, STM32G0C1CEU6N, STM32G0C1KCT6, STM32G0C1NEY6TR, STM32G0C1RCI6N, STM32G0C1RCT6N, STM32G0C1REI6N, STM32G0C1RET6N, STM32G0C1VCI6, STM32G0C1VEI6, STM32G471CCT6, STM32G471CCU6, STM32G471CET3, STM32G471CET6, STM32G471CEU3, STM32G471CEU6, STM32G471MCT6, STM32G471MET3, STM32G471MET6, STM32G471MEY6TR, STM32G471QCT6, STM32G471QET3, STM32G471RCT6, STM32G471RET3, STM32G471RET6, STM32G471VCH6, STM32G471VCI6, STM32G471VCT6, STM32G471VEH3, STM32G471VEH6, STM32G471VEI3, STM32G471VEI6, STM32G471VET3, STM32G471VET6, STM32G474CCT6, STM32H503CBT6, STM32H503CBU6, STM32H503EBY6TR, STM32H503KBU6, STM32H503RBT6, STM32H562AGI6, STM32H562AII6, STM32H562IGK6, STM32H562IGT6, STM32H562IIK6, STM32H562IIT6, STM32H562RGT6, STM32H562RGV6, STM32H562RIT6, STM32H562RIV6, STM32H562VGT6, STM32H562VIT6, STM32H562ZGT6, STM32H562ZIT6, STM32H563AGI6, STM32H563AII3Q, STM32H563AII6, STM32H563IGK6, STM32H563IGT6, STM32H563IIK3Q, STM32H563IIK6, STM32H563IIT3Q, STM32H563IIT6, STM32H563MIY3QTR, STM32H563RGT6, STM32H563RGV6, STM32H563RIT6, STM32H563RIV6, STM32H563VGT6, STM32H563VIT3Q, STM32H563VIT6, STM32H563ZGT6, STM32H563ZIT3Q, STM32H563ZIT6, STM32H573AII3Q, STM32H573AII6, STM32H573I-DK, STM32H573IIK3Q, STM32H573IIK6, STM32H573IIT3Q, STM32H573IIT6, STM32H573MIY3QTR, STM32H573RIT6, STM32H573RIV6, STM32H573VIT3Q, STM32H573VIT6, STM32H573ZIT3Q, STM32H573ZIT6, STM32L4R5QGI6STR, STM32MP131AAE3, STM32MP131AAF3, STM32MP131AAG3, STM32MP131CAE3, STM32MP131CAF3, STM32MP131CAG3, STM32MP131DAE7, STM32MP131DAF7, STM32MP131DAG7, STM32MP131FAE7, STM32MP131FAF7, STM32MP131FAG7, STM32MP133AAE3, STM32MP133AAF3, STM32MP133AAG3, STM32MP133CAE3, STM32MP133CAF3, STM32MP133CAG3, STM32MP133DAE7, STM32MP133DAF7, STM32MP133DAG7, STM32MP133FAE7, STM32MP133FAF7, STM32MP133FAG7, STM32MP135AAE3, STM32MP135AAF3, STM32MP135AAG3, STM32MP135CAE3, STM32MP135CAF3, STM32MP135CAG3, STM32MP135DAE7, STM32MP135DAF7, STM32MP135DAG7, STM32MP135F-DK, STM32MP135FAE7, STM32MP135FAF7, STM32MP135FAF7T, STM32MP135FAF7U, STM32MP135FAG7, STM32U535CBT6, STM32U535CBT6Q, STM32U535CBU6, STM32U535CBU6Q, STM32U535CCT6, STM32U535CCT6Q, STM32U535CCU6, STM32U535CCU6Q, STM32U535CET6, STM32U535CET6Q, STM32U535CEU6, STM32U535CEU6Q, STM32U535JEY6QTR, STM32U535NCY6QTR, STM32U535NEY6QTR, STM32U535RBI6, STM32U535RBI6Q, STM32U535RBT6, STM32U535RBT6Q, STM32U535RCI6, STM32U535RCI6Q, STM32U535RCT6, STM32U535RCT6Q, STM32U535REI6, STM32U535REI6Q, STM32U535RET6, STM32U535RET6Q, STM32U535VCI6, STM32U535VCI6Q, STM32U535VCT6, STM32U535VCT6Q, STM32U535VEI6, STM32U535VEI6Q, STM32U535VET6, STM32U535VET6Q, STM32U545CET6, STM32U545CET6Q, STM32U545CEU6, STM32U545CEU6Q, STM32U545JEY6QTR, STM32U545NEY6QTR, STM32U545REI6, STM32U545REI6Q, STM32U545RET6, STM32U545RET6Q, STM32U545VEI6, STM32U545VEI6Q, STM32U545VET6, STM32U545VET6Q, STM32U595AIH6, STM32U595AIH6Q, STM32U595AJH6, STM32U595AJH6Q, STM32U595QII6, STM32U595QII6Q, STM32U595QJI6, STM32U595QJI6Q, STM32U595RIT6, STM32U595RIT6Q, STM32U595RJT6, STM32U595RJT6Q, STM32U595VIT6, STM32U595VIT6Q, STM32U595VJT6, STM32U595VJT6Q, STM32U595ZIT6, STM32U595ZIT6Q, STM32U595ZIY6QTR, STM32U595ZJT6, STM32U595ZJT6Q, STM32U595ZJY6QTR, STM32U599BJY6QTR, STM32U599NIH6Q, STM32U599NJH6Q, STM32U599VIT6Q, STM32U599VJT6, STM32U599VJT6Q, STM32U599ZIT6Q, STM32U599ZIY6QTR, STM32U599ZJT6Q, STM32U599ZJY6QTR, STM32U5A5AJH6, STM32U5A5AJH6Q, STM32U5A5QJI6, STM32U5A5QJI6Q, STM32U5A5RJT6, STM32U5A5RJT6Q, STM32U5A5VJT6, STM32U5A5VJT6Q, STM32U5A5ZJT6, STM32U5A5ZJT6Q, STM32U5A5ZJY6QTR, STM32U5A9BJY6QTR, STM32U5A9J-DK, STM32U5A9NJH6Q, STM32U5A9VJT6Q, STM32U5A9ZJT6Q, STM32U5A9ZJY6QTR, STM32U5F7VIT6, STM32U5F7VIT6Q, STM32U5F7VJT6, STM32U5F7VJT6Q, STM32U5F9BJY6QTR, STM32U5F9NJH6Q, STM32U5F9VIT6Q, STM32U5F9VJT6Q, STM32U5F9ZIJ6QTR, STM32U5F9ZIT6Q, STM32U5F9ZJJ6QTR, STM32U5F9ZJT6Q, STM32U5G7VJT6, STM32U5G7VJT6Q, STM32U5G9BJY6QTR, STM32U5G9J-DK1, STM32U5G9J-DK2, STM32U5G9NJH6Q, STM32U5G9VJT6Q, STM32U5G9ZJJ6QTR, STM32U5G9ZJT6Q, STM32WB1MMCH6, STM32WBA50KEU6, STM32WBA50KEU6TR, STM32WBA50KGU6, STM32WBA50KGU6TR, STM32WBA52CEU6, STM32WBA52CEU6TR, STM32WBA52CEU7, STM32WBA52CEU7TR, STM32WBA52CGU6, STM32WBA52CGU6TR, STM32WBA52CGU6U, STM32WBA52CGU7, STM32WBA52CGU7TR, STM32WBA52KEU6, STM32WBA52KEU6TR, STM32WBA52KGU6, STM32WBA52KGU6TR, STM32WBA54CEU6, STM32WBA54CEU6TR, STM32WBA54CEU7, STM32WBA54CEU7TR, STM32WBA54CGU6, STM32WBA54CGU6TR, STM32WBA54CGU7, STM32WBA54CGU7TR, STM32WBA54KEU6, STM32WBA54KEU6TR, STM32WBA54KEU7, STM32WBA54KEU7TR, STM32WBA54KGU6, STM32WBA54KGU6TR, STM32WBA54KGU7, STM32WBA54KGU7TR, STM32WBA55CEU6, STM32WBA55CEU6TR, STM32WBA55CEU7, STM32WBA55CEU7TR, STM32WBA55CGU6, STM32WBA55CGU6TR, STM32WBA55CGU6U, STM32WBA55CGU7, STM32WBA55CGU7TR, STM32WBA55G-DK1, STM32WBA55HEF6, STM32WBA55HEF7, STM32WBA55HGF6, STM32WBA55HGF7, STM32WBA55UEI6, STM32WBA55UEI6TR, STM32WBA55UEI7, STM32WBA55UEI7TR, STM32WBA55UGI6, STM32WBA55UGI6TR, STM32WBA55UGI7, STM32WBA55UGI7TR, STM32WL5MOCH6, STM32WL5MOCH6TR]
2025-07-06 10:30:19,991 [INFO] DbMcus:218 - Found 4657 MCUs, 4657 are supported
2025-07-06 10:30:19,992 [INFO] ApiDb:423 - Load user favorites file C:\Users\abhim/.stm32cubeide/favorites.mcus.txt: 0 item(s)
2025-07-06 10:30:19,992 [INFO] ApiDb:427 - User favorites MCUs=[]
2025-07-06 10:30:19,993 [INFO] DbMcus:224 - Set 0 / 0 favorites MCUs
2025-07-06 10:30:20,395 [INFO] MicroXplorer:468 - Change Database Path : 
2025-07-06 10:30:20,395 [INFO] MicroXplorer:498 - Change Database Version : DB.6.0.100
2025-07-06 10:30:20,396 [WARN] ThirdParty:833 - waiting for thirdparty lock release [change project]
2025-07-06 10:30:20,396 [INFO] ThirdParty:835 - entering critical section [change project]
2025-07-06 10:30:20,396 [INFO] ThirdParty:1030 - CMSIS Pack Vendor :STMicroelectronics X-CUBE-PM33A1 1.0.0
2025-07-06 10:30:20,396 [INFO] ThirdParty:1030 - CMSIS Pack Vendor :STMicroelectronics USBPD 4.1
2025-07-06 10:30:20,396 [INFO] ThirdParty:1030 - CMSIS Pack Vendor :STMicroelectronics X-CUBE-GNSS1 6.0.0
2025-07-06 10:30:20,396 [INFO] ThirdParty:1030 - CMSIS Pack Vendor :STMicroelectronics USB_HOST 2.0.0
2025-07-06 10:30:20,396 [INFO] ThirdParty:1030 - CMSIS Pack Vendor :STMicroelectronics FP-SNS-MOTENVWB1 1.4.0
2025-07-06 10:30:20,396 [INFO] ThirdParty:1030 - CMSIS Pack Vendor :STMicroelectronics X-CUBE-AZRTOS-F4 1.1.0
2025-07-06 10:30:20,396 [INFO] ThirdParty:1030 - CMSIS Pack Vendor :STMicroelectronics LIBJPEG 8.0.0
2025-07-06 10:30:20,396 [INFO] ThirdParty:1030 - CMSIS Pack Vendor :STMicroelectronics FP-ATR-ASTRA1 2.0.2
2025-07-06 10:30:20,396 [INFO] ThirdParty:1030 - CMSIS Pack Vendor :STMicroelectronics X-CUBE-SMBUS 2.1.0
2025-07-06 10:30:20,396 [INFO] ThirdParty:1030 - CMSIS Pack Vendor :STMicroelectronics X-CUBE-WB05N 1.1.0
2025-07-06 10:30:20,396 [INFO] ThirdParty:1030 - CMSIS Pack Vendor :STMicroelectronics X-CUBE-ISPU 2.1.0
2025-07-06 10:30:20,396 [INFO] ThirdParty:1030 - CMSIS Pack Vendor :STMicroelectronics X-CUBE-FREERTOS 1.2.0
2025-07-06 10:30:20,396 [INFO] ThirdParty:1030 - CMSIS Pack Vendor :wolfSSL I-CUBE-wolfSSL 5.6.6
2025-07-06 10:30:20,396 [INFO] ThirdParty:1030 - CMSIS Pack Vendor :STMicroelectronics X-CUBE-TOUCHGFX 4.23.0
2025-07-06 10:30:20,396 [INFO] ThirdParty:1030 - CMSIS Pack Vendor :STMicroelectronics X-CUBE-AZRTOS-F7 1.1.0
2025-07-06 10:30:20,396 [INFO] ThirdParty:1030 - CMSIS Pack Vendor :STMicroelectronics X-CUBE-AZRTOS-L5 2.0.0
2025-07-06 10:30:20,396 [INFO] ThirdParty:1030 - CMSIS Pack Vendor :STMicroelectronics USB_DEVICE 2.0.0
2025-07-06 10:30:20,396 [INFO] ThirdParty:1030 - CMSIS Pack Vendor :STMicroelectronics X-CUBE-NFC6 3.1.0
2025-07-06 10:30:20,396 [INFO] ThirdParty:1030 - CMSIS Pack Vendor :ITTIA_DB I-CUBE-ITTIADB 8.8.0
2025-07-06 10:30:20,396 [INFO] ThirdParty:1030 - CMSIS Pack Vendor :STMicroelectronics FP-SNS-MOTENV1 4.3.2
2025-07-06 10:30:20,396 [INFO] ThirdParty:1030 - CMSIS Pack Vendor :STMicroelectronics X-CUBE-MEMS1 11.0.0
2025-07-06 10:30:20,397 [INFO] ThirdParty:1030 - CMSIS Pack Vendor :STMicroelectronics FreeRTOS 0.0.1
2025-07-06 10:30:20,397 [INFO] ThirdParty:1030 - CMSIS Pack Vendor :STMicroelectronics X-CUBE-DPower 1.2.0
2025-07-06 10:30:20,397 [INFO] ThirdParty:1030 - CMSIS Pack Vendor :STMicroelectronics FP-SNS-FLIGHT1 5.0.2
2025-07-06 10:30:20,397 [INFO] ThirdParty:1030 - CMSIS Pack Vendor :STMicroelectronics PDM2PCM 3.3.0
2025-07-06 10:30:20,397 [INFO] ThirdParty:1030 - CMSIS Pack Vendor :STMicroelectronics X-CUBE-DISPLAY 3.0.0
2025-07-06 10:30:20,397 [INFO] ThirdParty:1030 - CMSIS Pack Vendor :STMicroelectronics X-CUBE-BLE1 7.0.0
2025-07-06 10:30:20,397 [INFO] ThirdParty:1030 - CMSIS Pack Vendor :STMicroelectronics X-CUBE-NFC10 1.0.0
2025-07-06 10:30:20,397 [INFO] ThirdParty:1030 - CMSIS Pack Vendor :STMicroelectronics X-CUBE-BLEMGR 4.0.0
2025-07-06 10:30:20,397 [INFO] ThirdParty:1030 - CMSIS Pack Vendor :STMicroelectronics X-CUBE-FREERTOS 1.3.1
2025-07-06 10:30:20,397 [INFO] ThirdParty:1030 - CMSIS Pack Vendor :STMicroelectronics HAL Drivers 0.0.0
2025-07-06 10:30:20,397 [INFO] ThirdParty:1030 - CMSIS Pack Vendor :emotas I-CUBE-CANOPEN 1.3.0
2025-07-06 10:30:20,397 [INFO] ThirdParty:1030 - CMSIS Pack Vendor :STMicroelectronics X-CUBE-FREERTOS 1.3.0
2025-07-06 10:30:20,397 [INFO] ThirdParty:1030 - CMSIS Pack Vendor :STMicroelectronics X-CUBE-NFC7 1.0.1
2025-07-06 10:30:20,397 [INFO] ThirdParty:1030 - CMSIS Pack Vendor :STMicroelectronics MBEDTLS 2.14.1
2025-07-06 10:30:20,397 [INFO] ThirdParty:1030 - CMSIS Pack Vendor :STMicroelectronics X-CUBE-NFC6 3.0.0
2025-07-06 10:30:20,397 [INFO] ThirdParty:1030 - CMSIS Pack Vendor :quantropi X-CUBE-qispace-sdk-base 2.0.0
2025-07-06 10:30:20,397 [INFO] ThirdParty:1030 - CMSIS Pack Vendor :STMicroelectronics X-CUBE-BLEMGR 3.1.0
2025-07-06 10:30:20,397 [INFO] ThirdParty:1030 - CMSIS Pack Vendor :STMicroelectronics X-CUBE-AI 10.0.0
2025-07-06 10:30:20,397 [INFO] ThirdParty:1030 - CMSIS Pack Vendor :STMicroelectronics FP-SNS-SMARTAG2 1.2.0
2025-07-06 10:30:20,397 [INFO] ThirdParty:1030 - CMSIS Pack Vendor :STMicroelectronics X-CUBE-MEMS1 11.1.0
2025-07-06 10:30:20,397 [INFO] ThirdParty:1030 - CMSIS Pack Vendor :STMicroelectronics X-CUBE-AZRTOS-WL 2.0.0
2025-07-06 10:30:20,397 [INFO] ThirdParty:1030 - CMSIS Pack Vendor :STMicroelectronics X-CUBE-DPower 1.3.0
2025-07-06 10:30:20,397 [INFO] ThirdParty:1030 - CMSIS Pack Vendor :STMicroelectronics FP-SNS-MOTENV1 5.0.0
2025-07-06 10:30:20,397 [INFO] ThirdParty:1030 - CMSIS Pack Vendor :STMicroelectronics USB_DEVICE 1.0.0
2025-07-06 10:30:20,397 [INFO] ThirdParty:1030 - CMSIS Pack Vendor :STMicroelectronics X-CUBE-AI 8.1.0
2025-07-06 10:30:20,397 [INFO] ThirdParty:1030 - CMSIS Pack Vendor :wolfSSL I-CUBE-wolfMQTT 1.19.0
2025-07-06 10:30:20,397 [INFO] ThirdParty:1030 - CMSIS Pack Vendor :STMicroelectronics X-CUBE-AZRTOS-L4 2.0.0
2025-07-06 10:30:20,397 [INFO] ThirdParty:1030 - CMSIS Pack Vendor :STMicroelectronics ThreadX 0.0.2
2025-07-06 10:30:20,397 [INFO] ThirdParty:1030 - CMSIS Pack Vendor :WES I-CUBE-Cesium 1.3.0
2025-07-06 10:30:20,398 [INFO] ThirdParty:1030 - CMSIS Pack Vendor :STMicroelectronics lwIP 2.1.2
2025-07-06 10:30:20,398 [INFO] ThirdParty:1030 - CMSIS Pack Vendor :STMicroelectronics X-CUBE-SFXS2LP1 4.0.0
2025-07-06 10:30:20,398 [INFO] ThirdParty:1030 - CMSIS Pack Vendor :STMicroelectronics X-CUBE-BLE2 3.3.0
2025-07-06 10:30:20,398 [INFO] ThirdParty:1030 - CMSIS Pack Vendor :STMicroelectronics PDM2PCM 3.2.0
2025-07-06 10:30:20,398 [INFO] ThirdParty:1030 - CMSIS Pack Vendor :STMicroelectronics X-CUBE-AZRTOS-H7 3.3.0
2025-07-06 10:30:20,398 [INFO] ThirdParty:1030 - CMSIS Pack Vendor :STMicroelectronics X-CUBE-NFC9 1.0.0
2025-07-06 10:30:20,398 [INFO] ThirdParty:1030 - CMSIS Pack Vendor :STMicroelectronics X-CUBE-BLE1 7.1.0
2025-07-06 10:30:20,398 [INFO] ThirdParty:1030 - CMSIS Pack Vendor :STMicroelectronics USB_DEVICE 3.0.0
2025-07-06 10:30:20,398 [INFO] ThirdParty:1030 - CMSIS Pack Vendor :STMicroelectronics X-CUBE-TCPP 4.1.0
2025-07-06 10:30:20,398 [INFO] ThirdParty:1030 - CMSIS Pack Vendor :STMicroelectronics X-CUBE-IPS 3.0.0
2025-07-06 10:30:20,398 [INFO] ThirdParty:1030 - CMSIS Pack Vendor :STMicroelectronics X-CUBE-AZRTOS-WB 2.0.0
2025-07-06 10:30:20,398 [INFO] ThirdParty:1030 - CMSIS Pack Vendor :STMicroelectronics X-CUBE-GNSS1 7.0.0
2025-07-06 10:30:20,398 [INFO] ThirdParty:1030 - CMSIS Pack Vendor :STMicroelectronics X-CUBE-GNSS1 7.0.1
2025-07-06 10:30:20,398 [INFO] ThirdParty:1030 - CMSIS Pack Vendor :STMicroelectronics X-CUBE-TOUCHGFX 4.25.0
2025-07-06 10:30:20,398 [INFO] ThirdParty:1030 - CMSIS Pack Vendor :STMicroelectronics X-CUBE-AI 10.1.0
2025-07-06 10:30:20,398 [INFO] ThirdParty:1030 - CMSIS Pack Vendor :STMicroelectronics FP-SNS-STBOX1 2.0.0
2025-07-06 10:30:20,398 [INFO] ThirdParty:1030 - CMSIS Pack Vendor :STMicroelectronics X-CUBE-ALGOBUILD 1.3.0
2025-07-06 10:30:20,398 [INFO] ThirdParty:1030 - CMSIS Pack Vendor :STMicroelectronics X-CUBE-MEMS1 11.2.0
2025-07-06 10:30:20,398 [INFO] ThirdParty:1030 - CMSIS Pack Vendor :STMicroelectronics X-CUBE-AZRTOS-G0 1.1.0
2025-07-06 10:30:20,398 [INFO] ThirdParty:1030 - CMSIS Pack Vendor :STMicroelectronics X-CUBE-SAFEA1 1.2.2
2025-07-06 10:30:20,398 [INFO] ThirdParty:1030 - CMSIS Pack Vendor :STMicroelectronics X-CUBE-NFC4 3.0.0
2025-07-06 10:30:20,398 [INFO] ThirdParty:1030 - CMSIS Pack Vendor :STMicroelectronics X-CUBE-SUBG2 5.0.0
2025-07-06 10:30:20,398 [INFO] ThirdParty:1030 - CMSIS Pack Vendor :STMicroelectronics X-CUBE-AZRTOS-H7RS 1.1.0
2025-07-06 10:30:20,398 [INFO] ThirdParty:1030 - CMSIS Pack Vendor :STMicroelectronics STM32_WPAN 1.0.0
2025-07-06 10:30:20,399 [INFO] ThirdParty:1030 - CMSIS Pack Vendor :EmbeddedOffice I-CUBE-FS-RTOS 1.0.1
2025-07-06 10:30:20,399 [INFO] ThirdParty:1030 - CMSIS Pack Vendor :STMicroelectronics lwIP 2.0.3
2025-07-06 10:30:20,399 [INFO] ThirdParty:1030 - CMSIS Pack Vendor :Cesanta I-CUBE-Mongoose 7.13.0
2025-07-06 10:30:20,399 [INFO] ThirdParty:1030 - CMSIS Pack Vendor :STMicroelectronics USB_HOST 1.0.0
2025-07-06 10:30:20,399 [INFO] ThirdParty:1030 - CMSIS Pack Vendor :STMicroelectronics X-CUBE-AZRTOS-G4 2.0.0
2025-07-06 10:30:20,399 [INFO] ThirdParty:1030 - CMSIS Pack Vendor :STMicroelectronics X-CUBE-WB05N 2.0.0
2025-07-06 10:30:20,399 [INFO] ThirdParty:1030 - CMSIS Pack Vendor :STMicroelectronics PDM2PCM 3.1.0
2025-07-06 10:30:20,399 [INFO] ThirdParty:1030 - CMSIS Pack Vendor :Infineon AIROC-Wi-Fi-Bluetooth-STM32 1.5.1
2025-07-06 10:30:20,399 [INFO] ThirdParty:1030 - CMSIS Pack Vendor :STMicroelectronics X-CUBE-NFC7 2.0.0
2025-07-06 10:30:20,399 [INFO] ThirdParty:1030 - CMSIS Pack Vendor :RealThread X-CUBE-RT-Thread_Nano 4.1.1
2025-07-06 10:30:20,399 [INFO] ThirdParty:1030 - CMSIS Pack Vendor :STMicroelectronics FP-SNS-MOTENVWB1 1.3.1
2025-07-06 10:30:20,399 [INFO] ThirdParty:1030 - CMSIS Pack Vendor :STMicroelectronics FP-ATR-SIGFOX1 3.2.0
2025-07-06 10:30:20,399 [INFO] ThirdParty:1030 - CMSIS Pack Vendor :STMicroelectronics X-CUBE-ISPU 2.0.0
2025-07-06 10:30:20,399 [INFO] ThirdParty:1030 - CMSIS Pack Vendor :STMicroelectronics X-CUBE-EEPRMA1 5.1.0
2025-07-06 10:30:20,399 [INFO] ThirdParty:1030 - CMSIS Pack Vendor :STMicroelectronics MBEDTLS 2.16.2
2025-07-06 10:30:20,399 [INFO] ThirdParty:1030 - CMSIS Pack Vendor :STMicroelectronics X-CUBE-ALS 1.0.2
2025-07-06 10:30:20,399 [INFO] ThirdParty:1030 - CMSIS Pack Vendor :STMicroelectronics X-CUBE-MEMS1 10.0.0
2025-07-06 10:30:20,399 [INFO] ThirdParty:1030 - CMSIS Pack Vendor :STMicroelectronics X-CUBE-FREERTOS 1.1.0
2025-07-06 10:30:20,399 [INFO] ThirdParty:1030 - CMSIS Pack Vendor :STMicroelectronics X-CUBE-TOUCHGFX 4.24.1
2025-07-06 10:30:20,399 [INFO] ThirdParty:1030 - CMSIS Pack Vendor :wolfSSL I-CUBE-wolfTPM 3.4.0
2025-07-06 10:30:20,399 [INFO] ThirdParty:1030 - CMSIS Pack Vendor :portGmbH I-Cube-SoM-uGOAL 1.1.0
2025-07-06 10:30:20,399 [INFO] ThirdParty:1030 - CMSIS Pack Vendor :STMicroelectronics X-CUBE-ALS 1.0.1
2025-07-06 10:30:20,399 [INFO] ThirdParty:1030 - CMSIS Pack Vendor :STMicroelectronics ThreadX 1.0.0
2025-07-06 10:30:20,399 [INFO] ThirdParty:1030 - CMSIS Pack Vendor :SEGGER I-CUBE-embOS 1.3.1
2025-07-06 10:30:20,399 [INFO] ThirdParty:1030 - CMSIS Pack Vendor :STMicroelectronics X-CUBE-ALGOBUILD 1.4.0
2025-07-06 10:30:20,399 [INFO] ThirdParty:1030 - CMSIS Pack Vendor :STMicroelectronics X-CUBE-MEMS1 11.3.0
2025-07-06 10:30:20,399 [INFO] ThirdParty:1030 - CMSIS Pack Vendor :STMicroelectronics X-CUBE-AZRTOS-H7RS 1.0.0
2025-07-06 10:30:20,399 [INFO] ThirdParty:1030 - CMSIS Pack Vendor :STMicroelectronics FP-ATR-ASTRA1 2.0.0
2025-07-06 10:30:20,399 [INFO] ThirdParty:1030 - CMSIS Pack Vendor :STMicroelectronics X-CUBE-TOF1 3.4.2
2025-07-06 10:30:20,399 [INFO] ThirdParty:1030 - CMSIS Pack Vendor :STMicroelectronics X-CUBE-AI 9.1.0
2025-07-06 10:30:20,399 [INFO] ThirdParty:1030 - CMSIS Pack Vendor :STMicroelectronics X-CUBE-TOF1 3.4.0
2025-07-06 10:30:20,399 [INFO] ThirdParty:1030 - CMSIS Pack Vendor :STMicroelectronics X-CUBE-AZRTOS-H7 3.2.0
2025-07-06 10:30:20,399 [INFO] ThirdParty:1030 - CMSIS Pack Vendor :wolfSSL I-CUBE-wolfSSH 1.4.17
2025-07-06 10:30:20,400 [INFO] ThirdParty:841 - exiting critical section [change project]
2025-07-06 10:30:21,060 [INFO] PinOutPanel:1499 - setPackage(No Configuration,No Configuration)
2025-07-06 10:30:21,062 [INFO] PinOutPanel:1499 - setPackage(STM32G474RETx,LQFP64)
2025-07-06 10:30:21,751 [INFO] UtilMem:75 - Before build in PCC Used Memory: 297994008 Bytes (730857472)
2025-07-06 10:30:23,158 [INFO] UtilMem:75 - After build in PCC Used Memory: 447370952 Bytes (730857472)
2025-07-06 10:30:23,204 [INFO] IPUIPlugin:80 - create IPUIPlugin
2025-07-06 10:30:23,204 [INFO] IPUIPlugin:80 - create IPUIPlugin
2025-07-06 10:30:23,204 [INFO] IPUIPlugin:80 - create IPUIPlugin
2025-07-06 10:30:23,204 [INFO] IPUIPlugin:80 - create IPUIPlugin
2025-07-06 10:30:23,204 [INFO] IPUIPlugin:80 - create IPUIPlugin
2025-07-06 10:30:23,204 [INFO] IPUIPlugin:80 - create IPUIPlugin
2025-07-06 10:30:23,204 [INFO] IPUIPlugin:80 - create IPUIPlugin
2025-07-06 10:30:23,204 [INFO] IPUIPlugin:80 - create IPUIPlugin
2025-07-06 10:30:23,204 [INFO] IPUIPlugin:80 - create IPUIPlugin
2025-07-06 10:30:23,204 [INFO] IPUIPlugin:80 - create IPUIPlugin
2025-07-06 10:30:23,205 [INFO] IPUIPlugin:80 - create IPUIPlugin
2025-07-06 10:30:23,205 [INFO] IPUIPlugin:80 - create IPUIPlugin
2025-07-06 10:30:23,205 [INFO] IPUIPlugin:80 - create IPUIPlugin
2025-07-06 10:30:23,205 [INFO] IPUIPlugin:80 - create IPUIPlugin
2025-07-06 10:30:23,206 [INFO] IPUIPlugin:80 - create IPUIPlugin
2025-07-06 10:30:23,206 [INFO] IPUIPlugin:80 - create IPUIPlugin
2025-07-06 10:30:23,206 [INFO] IPUIPlugin:80 - create IPUIPlugin
2025-07-06 10:30:23,206 [INFO] IPUIPlugin:80 - create IPUIPlugin
2025-07-06 10:30:23,207 [INFO] IPUIPlugin:80 - create IPUIPlugin
2025-07-06 10:30:23,207 [INFO] IPUIPlugin:80 - create IPUIPlugin
2025-07-06 10:30:23,207 [INFO] IPUIPlugin:80 - create IPUIPlugin
2025-07-06 10:30:23,207 [INFO] IPUIPlugin:80 - create IPUIPlugin
2025-07-06 10:30:23,207 [INFO] IPUIPlugin:80 - create IPUIPlugin
2025-07-06 10:30:23,208 [INFO] IPUIPlugin:80 - create IPUIPlugin
2025-07-06 10:30:23,208 [INFO] IPUIPlugin:80 - create IPUIPlugin
2025-07-06 10:30:23,208 [INFO] IPUIPlugin:80 - create IPUIPlugin
2025-07-06 10:30:23,209 [INFO] IPUIPlugin:80 - create IPUIPlugin
2025-07-06 10:30:23,209 [INFO] IPUIPlugin:80 - create IPUIPlugin
2025-07-06 10:30:23,209 [INFO] IPUIPlugin:80 - create IPUIPlugin
2025-07-06 10:30:23,209 [INFO] IPUIPlugin:80 - create IPUIPlugin
2025-07-06 10:30:23,209 [INFO] IPUIPlugin:80 - create IPUIPlugin
2025-07-06 10:30:23,210 [INFO] IPUIPlugin:80 - create IPUIPlugin
2025-07-06 10:30:23,210 [INFO] IPUIPlugin:80 - create IPUIPlugin
2025-07-06 10:30:23,210 [INFO] IPUIPlugin:80 - create IPUIPlugin
2025-07-06 10:30:23,210 [INFO] IPUIPlugin:80 - create IPUIPlugin
2025-07-06 10:30:23,211 [INFO] IPUIPlugin:80 - create IPUIPlugin
2025-07-06 10:30:23,211 [INFO] IPUIPlugin:80 - create IPUIPlugin
2025-07-06 10:30:23,211 [INFO] IPUIPlugin:80 - create IPUIPlugin
2025-07-06 10:30:23,212 [INFO] IPUIPlugin:80 - create IPUIPlugin
2025-07-06 10:30:23,212 [INFO] IPUIPlugin:80 - create IPUIPlugin
2025-07-06 10:30:23,212 [INFO] IPUIPlugin:80 - create IPUIPlugin
2025-07-06 10:30:23,213 [INFO] IPUIPlugin:80 - create IPUIPlugin
2025-07-06 10:30:23,213 [INFO] IPUIPlugin:80 - create IPUIPlugin
2025-07-06 10:30:23,213 [INFO] IPUIPlugin:80 - create IPUIPlugin
2025-07-06 10:30:23,214 [INFO] IPUIPlugin:80 - create IPUIPlugin
2025-07-06 10:30:23,214 [INFO] IPUIPlugin:80 - create IPUIPlugin
2025-07-06 10:30:23,214 [INFO] IPUIPlugin:80 - create IPUIPlugin
2025-07-06 10:30:23,215 [INFO] IPUIPlugin:80 - create IPUIPlugin
2025-07-06 10:30:23,215 [INFO] IPUIPlugin:80 - create IPUIPlugin
2025-07-06 10:30:23,215 [INFO] IPUIPlugin:80 - create IPUIPlugin
2025-07-06 10:30:23,216 [INFO] IPUIPlugin:80 - create IPUIPlugin
2025-07-06 10:30:23,216 [INFO] IPUIPlugin:80 - create IPUIPlugin
2025-07-06 10:30:23,216 [INFO] IPUIPlugin:80 - create IPUIPlugin
2025-07-06 10:30:23,217 [INFO] IPUIPlugin:80 - create IPUIPlugin
2025-07-06 10:30:23,218 [INFO] IPUIPlugin:80 - create IPUIPlugin
2025-07-06 10:30:23,218 [INFO] IPUIPlugin:80 - create IPUIPlugin
2025-07-06 10:30:23,219 [INFO] IPUIPlugin:80 - create IPUIPlugin
2025-07-06 10:30:23,219 [INFO] IPUIPlugin:80 - create IPUIPlugin
2025-07-06 10:30:23,219 [INFO] IPUIPlugin:80 - create IPUIPlugin
2025-07-06 10:30:23,220 [INFO] IPUIPlugin:80 - create IPUIPlugin
2025-07-06 10:30:23,220 [INFO] IPUIPlugin:80 - create IPUIPlugin
2025-07-06 10:30:23,220 [INFO] IPUIPlugin:80 - create IPUIPlugin
2025-07-06 10:30:23,221 [INFO] IPUIPlugin:80 - create IPUIPlugin
2025-07-06 10:30:23,221 [INFO] IPUIPlugin:80 - create IPUIPlugin
2025-07-06 10:30:23,221 [INFO] IPUIPlugin:80 - create IPUIPlugin
2025-07-06 10:30:23,222 [INFO] IPUIPlugin:80 - create IPUIPlugin
2025-07-06 10:30:23,222 [INFO] IPUIPlugin:80 - create IPUIPlugin
2025-07-06 10:30:23,222 [INFO] IPUIPlugin:80 - create IPUIPlugin
2025-07-06 10:30:23,223 [INFO] IPUIPlugin:80 - create IPUIPlugin
2025-07-06 10:30:23,223 [INFO] IPUIPlugin:80 - create IPUIPlugin
2025-07-06 10:30:23,223 [INFO] IPUIPlugin:80 - create IPUIPlugin
2025-07-06 10:30:23,224 [INFO] IPUIPlugin:80 - create IPUIPlugin
2025-07-06 10:30:23,224 [INFO] IPUIPlugin:80 - create IPUIPlugin
2025-07-06 10:30:23,225 [INFO] IPUIPlugin:80 - create IPUIPlugin
2025-07-06 10:30:23,226 [INFO] IPUIPlugin:80 - create IPUIPlugin
2025-07-06 10:30:23,226 [INFO] IPUIPlugin:80 - create IPUIPlugin
2025-07-06 10:30:23,227 [INFO] IPUIPlugin:80 - create IPUIPlugin
2025-07-06 10:30:23,594 [INFO] CADModel:165 - CPN selected for project levelSTM32G474RET6
2025-07-06 10:30:23,595 [INFO] CADModel:114 - Register for checkConnection events
2025-07-06 10:30:23,651 [INFO] OpenFileManager:343 - Restore cursor
2025-07-06 10:30:31,457 [INFO] ADCParametersView:116 -                Rank 1 : false
2025-07-06 10:30:31,587 [INFO] ADCParametersView:116 -                Rank 1 : false
2025-07-06 10:30:31,588 [INFO] ADCParametersView:116 -                Rank 1 : false
2025-07-06 10:30:31,588 [INFO] ADCParametersView:116 -                Rank 1 : false
2025-07-06 10:30:31,589 [INFO] ADCParametersView:116 -                Rank 1 : false
2025-07-06 10:30:31,589 [INFO] ADCParametersView:116 -                Rank 1 : false
2025-07-06 10:30:31,589 [INFO] ADCParametersView:116 -                Rank 1 : false
2025-07-06 10:30:31,589 [INFO] ADCParametersView:116 -                Rank 1 : false
2025-07-06 10:30:31,590 [INFO] ADCParametersView:116 -                Rank 1 : false
2025-07-06 10:30:31,590 [INFO] ADCParametersView:116 -                Rank 1 : false
2025-07-06 10:30:31,590 [INFO] ADCParametersView:116 -                Rank 1 : false
2025-07-06 10:30:31,590 [INFO] ADCParametersView:116 -                Rank 1 : false
2025-07-06 10:30:31,590 [INFO] ADCParametersView:116 -                Rank 1 : false
2025-07-06 10:30:31,590 [INFO] ADCParametersView:116 -                Rank 1 : false
2025-07-06 10:30:31,591 [INFO] ADCParametersView:116 -                Rank 1 : false
2025-07-06 10:30:31,591 [INFO] ADCParametersView:116 -                Rank 1 : false
2025-07-06 10:30:31,591 [INFO] ADCParametersView:116 -                Rank 1 : false
2025-07-06 10:30:31,591 [INFO] ADCParametersView:116 -                Rank 1 : false
2025-07-06 10:30:31,591 [INFO] ADCParametersView:116 -                Rank 1 : false
2025-07-06 10:30:31,591 [INFO] ADCParametersView:116 -                Rank 1 : false
2025-07-06 10:30:31,592 [INFO] ADCParametersView:116 -                Rank 1 : false
2025-07-06 10:30:31,592 [INFO] ADCParametersView:116 -                Rank 1 : false
2025-07-06 10:30:31,611 [INFO] ADCParametersView:116 -                Rank 1 : false
2025-07-06 10:48:49,800 [INFO] MainUpdater:2873 - connection check result : 10
2025-07-06 10:48:49,800 [INFO] MainUpdater:2873 - connection check result : 10
2025-07-06 10:48:49,948 [INFO] MicroXplorer:468 - Change Database Path : 
2025-07-06 10:48:49,948 [INFO] MicroXplorer:498 - Change Database Version : DB.6.0.100
2025-07-06 10:48:49,960 [ERROR] ProjectManagerView:394 - 
java.lang.NullPointerException: Cannot invoke "javax.swing.JTextField.getText()" because the return value of "java.util.List.get(int)" is null
	at com.st.microxplorer.plugins.projectmanager.gui.ProjectChoiceTab$10.caretUpdate(ProjectChoiceTab.java:2493) ~[filemanager.jar:?]
	at javax.swing.text.JTextComponent.fireCaretUpdate(JTextComponent.java:412) ~[?:?]
	at javax.swing.text.JTextComponent$MutableCaretEvent.fire(JTextComponent.java:4491) ~[?:?]
	at javax.swing.text.JTextComponent$MutableCaretEvent.stateChanged(JTextComponent.java:4513) ~[?:?]
	at javax.swing.text.DefaultCaret.fireStateChanged(DefaultCaret.java:842) ~[?:?]
	at javax.swing.text.DefaultCaret.changeCaretPosition(DefaultCaret.java:1313) ~[?:?]
	at javax.swing.text.DefaultCaret.handleSetDot(DefaultCaret.java:1212) ~[?:?]
	at javax.swing.text.DefaultCaret.setDot(DefaultCaret.java:1193) ~[?:?]
	at javax.swing.text.DefaultCaret$Handler.insertUpdate(DefaultCaret.java:1789) ~[?:?]
	at javax.swing.text.AbstractDocument.fireInsertUpdate(AbstractDocument.java:226) ~[?:?]
	at javax.swing.text.AbstractDocument.handleInsertString(AbstractDocument.java:780) ~[?:?]
	at javax.swing.text.AbstractDocument.insertString(AbstractDocument.java:739) ~[?:?]
	at javax.swing.text.PlainDocument.insertString(PlainDocument.java:131) ~[?:?]
	at javax.swing.text.AbstractDocument.replace(AbstractDocument.java:698) ~[?:?]
	at javax.swing.text.JTextComponent.setText(JTextComponent.java:1729) ~[?:?]
	at com.st.microxplorer.plugins.projectmanager.gui.ProjectChoiceTab.createHeapStackFields(ProjectChoiceTab.java:933) ~[filemanager.jar:?]
	at com.st.microxplorer.plugins.projectmanager.gui.ProjectChoiceTab.buildLinkSettingsPanel(ProjectChoiceTab.java:3426) ~[filemanager.jar:?]
	at com.st.microxplorer.plugins.projectmanager.gui.ProjectChoiceTab.defineWindowsFields(ProjectChoiceTab.java:1813) ~[filemanager.jar:?]
	at com.st.microxplorer.plugins.projectmanager.gui.ProjectChoiceTab.updateSettings(ProjectChoiceTab.java:533) ~[filemanager.jar:?]
	at com.st.microxplorer.plugins.projectmanager.gui.ProjectSettingsPanel.UpdateDialog(ProjectSettingsPanel.java:244) ~[filemanager.jar:?]
	at com.st.microxplorer.plugins.projectmanager.ProjectManagerView.propertyChange(ProjectManagerView.java:391) ~[filemanager.jar:?]
	at java.beans.PropertyChangeSupport.fire(PropertyChangeSupport.java:343) ~[?:?]
	at java.beans.PropertyChangeSupport.firePropertyChange(PropertyChangeSupport.java:335) ~[?:?]
	at java.beans.PropertyChangeSupport.firePropertyChange(PropertyChangeSupport.java:268) ~[?:?]
	at com.st.microxplorer.util.MXPropertyChangeSupport.firePropertyChange(MXPropertyChangeSupport.java:54) ~[STM32CubeMX.jar:?]
	at com.st.microxplorer.mxsystem.MxSystem.closeConfig(MxSystem.java:900) ~[STM32CubeMX.jar:?]
	at com.st.microxplorer.maingui.MainPanel.closeConfig(MainPanel.java:776) ~[STM32CubeMX.jar:?]
	at com.st.microxplorer.plugins.filemanager.engine.OpenFileManager.loadConfigurationFile(OpenFileManager.java:245) ~[filemanager.jar:?]
	at com.st.microxplorer.plugins.filemanager.engine.MainFileManager.userLoadConfig(MainFileManager.java:290) ~[filemanager.jar:?]
	at com.st.microxplorer.plugins.filemanager.FileManagerView.getSpecificTask(FileManagerView.java:247) ~[filemanager.jar:?]
	at com.st.stm32cube.common.mx.editor.CubeMxEditor.getMxTabbedPaneInstance(CubeMxEditor.java:1184) ~[com.st.stm32cube.common.mx_6.10.0.202311202037/:?]
	at com.st.stm32cube.common.mx.editor.CubeMxEditor$12$1.createSwingComponent(CubeMxEditor.java:1065) ~[com.st.stm32cube.common.mx_6.10.0.202311202037/:?]
	at com.st.stm32cube.common.mx.oss.core.awtswtbridge.EmbeddedSwingComposite.doComponentCreation(EmbeddedSwingComposite.java:492) ~[com.st.stm32cube.common.mx.oss_6.10.0.202311202037/:?]
	at com.st.stm32cube.common.mx.oss.core.awtswtbridge.EmbeddedSwingComposite$4.run(EmbeddedSwingComposite.java:291) ~[com.st.stm32cube.common.mx.oss_6.10.0.202311202037/:?]
	at com.st.stm32cube.common.mx.oss.core.awtswtbridge.AwtEnvironment$2.run(AwtEnvironment.java:166) ~[com.st.stm32cube.common.mx.oss_6.10.0.202311202037/:?]
	at java.awt.event.InvocationEvent.dispatch(InvocationEvent.java:318) ~[?:?]
	at java.awt.EventQueue.dispatchEventImpl(EventQueue.java:773) ~[?:?]
	at java.awt.EventQueue$4.run(EventQueue.java:720) ~[?:?]
	at java.awt.EventQueue$4.run(EventQueue.java:714) ~[?:?]
	at java.security.AccessController.doPrivileged(AccessController.java:399) ~[?:?]
	at java.security.ProtectionDomain$JavaSecurityAccessImpl.doIntersectionPrivilege(ProtectionDomain.java:86) ~[?:?]
	at java.awt.EventQueue.dispatchEvent(EventQueue.java:742) ~[?:?]
	at java.awt.EventDispatchThread.pumpOneEventForFilters(EventDispatchThread.java:203) ~[?:?]
	at java.awt.EventDispatchThread.pumpEventsForFilter(EventDispatchThread.java:124) ~[?:?]
	at java.awt.EventDispatchThread.pumpEventsForHierarchy(EventDispatchThread.java:113) ~[?:?]
	at java.awt.EventDispatchThread.pumpEvents(EventDispatchThread.java:109) ~[?:?]
	at java.awt.EventDispatchThread.pumpEvents(EventDispatchThread.java:101) ~[?:?]
	at java.awt.EventDispatchThread.run(EventDispatchThread.java:90) ~[?:?]
2025-07-06 10:48:49,971 [WARN] ThirdParty:871 - waiting for thirdparty lock release [close project]
2025-07-06 10:48:49,971 [INFO] ThirdParty:873 - entering critical section [close project]
2025-07-06 10:48:49,971 [INFO] ThirdParty:883 - exiting critical section [close project]
2025-07-06 10:48:49,974 [INFO] PinOutPanel:1499 - setPackage(No Configuration,No Configuration)
2025-07-06 10:48:49,982 [INFO] UtilMem:75 - Begin LoadConfig() Used Memory: 542091400 Bytes (730857472)
2025-07-06 10:48:49,983 [INFO] MicroXplorer:468 - Change Database Path : 
2025-07-06 10:48:49,983 [INFO] MicroXplorer:498 - Change Database Version : DB.6.0.100
2025-07-06 10:48:49,983 [INFO] OpenFileManager:312 - Change cursor
2025-07-06 10:48:49,994 [INFO] Mcu:2016 - Initializing MCU STM32G474R(B-C-E)Tx STM32G474RETx STM32G474RET6
2025-07-06 10:48:53,329 [INFO] Context:659 - Trying to add GPIOservice into a context  which must be forbidden
2025-07-06 10:48:54,401 [INFO] RtosManager:555 - Registered RTOS mode: class=CMSIS, group=RTOS, mode=CMSIS_V1, owner=FREERTOS
2025-07-06 10:48:54,401 [INFO] RtosManager:555 - Registered RTOS mode: class=CMSIS, group=RTOS2, mode=CMSIS_V2, owner=FREERTOS
2025-07-06 10:48:54,401 [INFO] RtosManager:555 - Registered RTOS mode: class=RTOS, group=Core, mode=CMSIS_V1, owner=FREERTOS
2025-07-06 10:48:54,401 [INFO] RtosManager:555 - Registered RTOS mode: class=RTOS, group=Core, mode=CMSIS_V2, owner=FREERTOS
2025-07-06 10:48:54,401 [WARN] ModelIntegratedComponent:184 - Missing modes for component STMicroelectronics:FreeRTOS:0.0.1:STMicroelectronics:RTOS:FreeRTOS:Core:::10.2.0:
2025-07-06 10:48:54,403 [WARN] ModelIntegratedComponent:63 - No mode defined for component null
2025-07-06 10:48:54,403 [WARN] ModelIntegratedComponent:63 - No mode defined for component null
2025-07-06 10:48:54,403 [WARN] ModelIntegratedComponent:63 - No mode defined for component null
2025-07-06 10:48:54,403 [WARN] ModelIntegratedComponent:63 - No mode defined for component null
2025-07-06 10:48:54,403 [WARN] ModelIntegratedComponent:63 - No mode defined for component null
2025-07-06 10:48:54,403 [WARN] ModelIntegratedComponent:63 - No mode defined for component null
2025-07-06 10:48:54,403 [WARN] ModelIntegratedComponent:63 - No mode defined for component null
2025-07-06 10:48:54,403 [WARN] ModelIntegratedComponent:63 - No mode defined for component null
2025-07-06 10:48:54,403 [WARN] ModelIntegratedComponent:63 - No mode defined for component null
2025-07-06 10:48:54,403 [WARN] ModelIntegratedComponent:63 - No mode defined for component null
2025-07-06 10:48:54,403 [WARN] ModelIntegratedComponent:63 - No mode defined for component null
2025-07-06 10:48:54,403 [WARN] ModelIntegratedComponent:63 - No mode defined for component null
2025-07-06 10:48:54,403 [WARN] ModelIntegratedComponent:63 - No mode defined for component null
2025-07-06 10:48:54,403 [WARN] ModelIntegratedComponent:63 - No mode defined for component null
2025-07-06 10:48:54,403 [WARN] ModelIntegratedComponent:63 - No mode defined for component null
2025-07-06 10:48:54,403 [WARN] ModelIntegratedComponent:63 - No mode defined for component null
2025-07-06 10:48:54,403 [WARN] ModelIntegratedComponent:63 - No mode defined for component null
2025-07-06 10:48:54,403 [WARN] ModelIntegratedComponent:63 - No mode defined for component null
2025-07-06 10:48:54,403 [WARN] ModelIntegratedComponent:63 - No mode defined for component null
2025-07-06 10:48:54,403 [WARN] ModelIntegratedComponent:63 - No mode defined for component null
2025-07-06 10:48:54,403 [WARN] ModelIntegratedComponent:63 - No mode defined for component null
2025-07-06 10:48:54,403 [WARN] ModelIntegratedComponent:63 - No mode defined for component null
2025-07-06 10:48:54,403 [WARN] ModelIntegratedComponent:63 - No mode defined for component null
2025-07-06 10:48:54,403 [WARN] ModelIntegratedComponent:63 - No mode defined for component null
2025-07-06 10:48:54,403 [WARN] ModelIntegratedComponent:63 - No mode defined for component null
2025-07-06 10:48:54,403 [WARN] ModelIntegratedComponent:63 - No mode defined for component null
2025-07-06 10:48:54,403 [WARN] ModelIntegratedComponent:63 - No mode defined for component null
2025-07-06 10:48:54,403 [WARN] ModelIntegratedComponent:63 - No mode defined for component null
2025-07-06 10:48:54,403 [WARN] ModelIntegratedComponent:63 - No mode defined for component null
2025-07-06 10:48:54,404 [WARN] ModelIntegratedComponent:63 - No mode defined for component null
2025-07-06 10:48:54,404 [WARN] ModelIntegratedComponent:63 - No mode defined for component null
2025-07-06 10:48:54,404 [WARN] ModelIntegratedComponent:63 - No mode defined for component null
2025-07-06 10:48:54,404 [WARN] ModelIntegratedComponent:63 - No mode defined for component null
2025-07-06 10:48:54,569 [INFO] ThirdPartyModel:298 - Start build external matchings
2025-07-06 10:48:55,442 [INFO] ThirdPartyModel:316 - End build external matchings
2025-07-06 10:48:55,469 [INFO] ImportTextPane:194 - (OptionalMessage_ERROR) IP (ADC1) : Parameter (CommonPathInternal) has invalid value (null|null|null|null)
2025-07-06 10:48:55,726 [INFO] ApiDb:668 - CubeFinder database Data Model version=2.1
2025-07-06 10:48:55,727 [INFO] ApiDb:669 - CubeFinder database Configuration version=3.0.39
2025-07-06 10:48:55,727 [INFO] ApiDb:670 - CubeFinder database generation date=2025-06-16 (1750072209)
2025-07-06 10:48:55,727 [INFO] ApiDb:671 - CubeFinder database FW Pack versions=[FP-ATR-ASTRA1_V2.0.0, FP-SNS-FLIGHT1_V5.1.0, FP-SNS-MOTENV1_V5.0.0, FP-SNS-MOTENVWB1_V1.4.0, FP-SNS-SMARTAG2_V1.2.0, FP-SNS-STBOX1_V2.0.0, STM32Cube_FW_C0_V1.4.0, STM32Cube_FW_F4_V1.28.2, STM32Cube_FW_F7_V1.17.3, STM32Cube_FW_G0_V1.6.2, STM32Cube_FW_G4_V1.6.1, STM32Cube_FW_H5_V1.5.0, STM32Cube_FW_H7RS_V1.2.0, STM32Cube_FW_H7_V1.12.1, STM32Cube_FW_L0_V1.12.2, STM32Cube_FW_L4_V1.18.1, STM32Cube_FW_L5_V1.5.1, STM32Cube_FW_N6_V1.1.1, STM32Cube_FW_U0_V1.2.0, STM32Cube_FW_U3_V1.1.0, STM32Cube_FW_U5_V1.7.0, STM32Cube_FW_WB0_V1.2.0, STM32Cube_FW_WBA_V1.6.0, STM32Cube_FW_WB_V1.22.0, STM32Cube_FW_WL3_V1.1.0, STM32Cube_FW_WL_V1.3.1, X-CUBE-ALGOBUILD_V1.4.0, X-CUBE-ALS_V1.0.2, X-CUBE-AZRTOS-F4_V1.1.0, X-CUBE-AZRTOS-F7_V1.1.0, X-CUBE-AZRTOS-G0_V1.1.0, X-CUBE-AZRTOS-G4_V2.0.0, X-CUBE-AZRTOS-H7RS_V1.1.0, X-CUBE-AZRTOS-H7_V3.3.0, X-CUBE-AZRTOS-L4_V2.0.0, X-CUBE-AZRTOS-L5_V2.0.0, X-CUBE-AZRTOS-WB_V2.0.0, X-CUBE-AZRTOS-WL_V2.0.0, X-CUBE-BLE1_V7.1.0, X-CUBE-BLE2_V3.3.0, X-CUBE-BLEMGR_V4.0.0, X-CUBE-EEPRMA1_V5.1.0, X-CUBE-FREERTOS_V1.3.1, X-CUBE-GNSS1_V6.0.0, X-CUBE-MEMS1_V11.3.0, X-CUBE-NFC4_V3.0.0, X-CUBE-NFC7_V2.0.0, X-CUBE-SFXS2LP1_V4.0.0, X-CUBE-SUBG2_V5.0.0, X-CUBE-TOF1_V3.4.3]
2025-07-06 10:48:55,825 [INFO] DbBoardsSqlite:226 - include board P-NUCLEO-WB55-NUCLEO as a kit item of type 'Nucleo-64'
2025-07-06 10:48:55,825 [INFO] DbBoardsSqlite:226 - include board P-NUCLEO-WB55-USBDONGLE as a kit item of type 'Nucleo USB Dongle'
2025-07-06 10:48:55,826 [INFO] DbBoardsSqlite:226 - include board STEVAL-IDP005V1 as a kit item of type 'Evaluation Board'
2025-07-06 10:48:55,826 [INFO] DbBoardsSqlite:226 - include board STEVAL-IDP005V2 as a kit item of type 'Evaluation Board'
2025-07-06 10:48:56,315 [INFO] ApiDb:240 - Found 371 in-development CPN: [B-G473E-ZEST1S, B-WB1M-WPAN1, B-WL5M-SUBG1, NUCLEO-C031C6, NUCLEO-H503RB, NUCLEO-H563ZI, NUCLEO-U545RE-Q, NUCLEO-U5A5ZJ-Q, NUCLEO-WBA52CG, NUCLEO-WBA55CG, STEVAL-MKBOXPRO, STEVAL-PROTEUS1, STEVAL-STWINBX1, STM320518-EVAL, STM32C0116-DK, STM32C011D6Y3TR, STM32C011D6Y6TR, STM32C011F4P3, STM32C011F4P6, STM32C011F4U3, STM32C011F4U6TR, STM32C011F6P3, STM32C011F6P6, STM32C011F6U3, STM32C011F6U6TR, STM32C011J4M3, STM32C011J4M6, STM32C011J6M3, STM32C011J6M6, STM32C0316-DK, STM32C031C4T3, STM32C031C4T6, STM32C031C4U3, STM32C031C4U6, STM32C031C6T3, STM32C031C6T6, STM32C031C6U3, STM32C031C6U6, STM32C031F4P3, STM32C031F4P6, STM32C031F6P3, STM32C031F6P6, STM32C031G4U3, STM32C031G4U6, STM32C031G6U3, STM32C031G6U6, STM32C031K4T3, STM32C031K4T6, STM32C031K4U3, STM32C031K4U6, STM32C031K6T3, STM32C031K6T6, STM32C031K6U3, STM32C031K6U6, STM32G071K8TXN, STM32G071K8UXN, STM32G081GBU6N, STM32G081KBT6N, STM32G081KBUXN, STM32G0B1CCT6N, STM32G0B1KCT6, STM32G0B1NEY6TR, STM32G0B1RCT6N, STM32G0C1CCT6, STM32G0C1CCT6N, STM32G0C1CCU6N, STM32G0C1CET6N, STM32G0C1CEU6N, STM32G0C1KCT6, STM32G0C1NEY6TR, STM32G0C1RCI6N, STM32G0C1RCT6N, STM32G0C1REI6N, STM32G0C1RET6N, STM32G0C1VCI6, STM32G0C1VEI6, STM32G471CCT6, STM32G471CCU6, STM32G471CET3, STM32G471CET6, STM32G471CEU3, STM32G471CEU6, STM32G471MCT6, STM32G471MET3, STM32G471MET6, STM32G471MEY6TR, STM32G471QCT6, STM32G471QET3, STM32G471RCT6, STM32G471RET3, STM32G471RET6, STM32G471VCH6, STM32G471VCI6, STM32G471VCT6, STM32G471VEH3, STM32G471VEH6, STM32G471VEI3, STM32G471VEI6, STM32G471VET3, STM32G471VET6, STM32G474CCT6, STM32H503CBT6, STM32H503CBU6, STM32H503EBY6TR, STM32H503KBU6, STM32H503RBT6, STM32H562AGI6, STM32H562AII6, STM32H562IGK6, STM32H562IGT6, STM32H562IIK6, STM32H562IIT6, STM32H562RGT6, STM32H562RGV6, STM32H562RIT6, STM32H562RIV6, STM32H562VGT6, STM32H562VIT6, STM32H562ZGT6, STM32H562ZIT6, STM32H563AGI6, STM32H563AII3Q, STM32H563AII6, STM32H563IGK6, STM32H563IGT6, STM32H563IIK3Q, STM32H563IIK6, STM32H563IIT3Q, STM32H563IIT6, STM32H563MIY3QTR, STM32H563RGT6, STM32H563RGV6, STM32H563RIT6, STM32H563RIV6, STM32H563VGT6, STM32H563VIT3Q, STM32H563VIT6, STM32H563ZGT6, STM32H563ZIT3Q, STM32H563ZIT6, STM32H573AII3Q, STM32H573AII6, STM32H573I-DK, STM32H573IIK3Q, STM32H573IIK6, STM32H573IIT3Q, STM32H573IIT6, STM32H573MIY3QTR, STM32H573RIT6, STM32H573RIV6, STM32H573VIT3Q, STM32H573VIT6, STM32H573ZIT3Q, STM32H573ZIT6, STM32L4R5QGI6STR, STM32MP131AAE3, STM32MP131AAF3, STM32MP131AAG3, STM32MP131CAE3, STM32MP131CAF3, STM32MP131CAG3, STM32MP131DAE7, STM32MP131DAF7, STM32MP131DAG7, STM32MP131FAE7, STM32MP131FAF7, STM32MP131FAG7, STM32MP133AAE3, STM32MP133AAF3, STM32MP133AAG3, STM32MP133CAE3, STM32MP133CAF3, STM32MP133CAG3, STM32MP133DAE7, STM32MP133DAF7, STM32MP133DAG7, STM32MP133FAE7, STM32MP133FAF7, STM32MP133FAG7, STM32MP135AAE3, STM32MP135AAF3, STM32MP135AAG3, STM32MP135CAE3, STM32MP135CAF3, STM32MP135CAG3, STM32MP135DAE7, STM32MP135DAF7, STM32MP135DAG7, STM32MP135F-DK, STM32MP135FAE7, STM32MP135FAF7, STM32MP135FAF7T, STM32MP135FAF7U, STM32MP135FAG7, STM32U535CBT6, STM32U535CBT6Q, STM32U535CBU6, STM32U535CBU6Q, STM32U535CCT6, STM32U535CCT6Q, STM32U535CCU6, STM32U535CCU6Q, STM32U535CET6, STM32U535CET6Q, STM32U535CEU6, STM32U535CEU6Q, STM32U535JEY6QTR, STM32U535NCY6QTR, STM32U535NEY6QTR, STM32U535RBI6, STM32U535RBI6Q, STM32U535RBT6, STM32U535RBT6Q, STM32U535RCI6, STM32U535RCI6Q, STM32U535RCT6, STM32U535RCT6Q, STM32U535REI6, STM32U535REI6Q, STM32U535RET6, STM32U535RET6Q, STM32U535VCI6, STM32U535VCI6Q, STM32U535VCT6, STM32U535VCT6Q, STM32U535VEI6, STM32U535VEI6Q, STM32U535VET6, STM32U535VET6Q, STM32U545CET6, STM32U545CET6Q, STM32U545CEU6, STM32U545CEU6Q, STM32U545JEY6QTR, STM32U545NEY6QTR, STM32U545REI6, STM32U545REI6Q, STM32U545RET6, STM32U545RET6Q, STM32U545VEI6, STM32U545VEI6Q, STM32U545VET6, STM32U545VET6Q, STM32U595AIH6, STM32U595AIH6Q, STM32U595AJH6, STM32U595AJH6Q, STM32U595QII6, STM32U595QII6Q, STM32U595QJI6, STM32U595QJI6Q, STM32U595RIT6, STM32U595RIT6Q, STM32U595RJT6, STM32U595RJT6Q, STM32U595VIT6, STM32U595VIT6Q, STM32U595VJT6, STM32U595VJT6Q, STM32U595ZIT6, STM32U595ZIT6Q, STM32U595ZIY6QTR, STM32U595ZJT6, STM32U595ZJT6Q, STM32U595ZJY6QTR, STM32U599BJY6QTR, STM32U599NIH6Q, STM32U599NJH6Q, STM32U599VIT6Q, STM32U599VJT6, STM32U599VJT6Q, STM32U599ZIT6Q, STM32U599ZIY6QTR, STM32U599ZJT6Q, STM32U599ZJY6QTR, STM32U5A5AJH6, STM32U5A5AJH6Q, STM32U5A5QJI6, STM32U5A5QJI6Q, STM32U5A5RJT6, STM32U5A5RJT6Q, STM32U5A5VJT6, STM32U5A5VJT6Q, STM32U5A5ZJT6, STM32U5A5ZJT6Q, STM32U5A5ZJY6QTR, STM32U5A9BJY6QTR, STM32U5A9J-DK, STM32U5A9NJH6Q, STM32U5A9VJT6Q, STM32U5A9ZJT6Q, STM32U5A9ZJY6QTR, STM32U5F7VIT6, STM32U5F7VIT6Q, STM32U5F7VJT6, STM32U5F7VJT6Q, STM32U5F9BJY6QTR, STM32U5F9NJH6Q, STM32U5F9VIT6Q, STM32U5F9VJT6Q, STM32U5F9ZIJ6QTR, STM32U5F9ZIT6Q, STM32U5F9ZJJ6QTR, STM32U5F9ZJT6Q, STM32U5G7VJT6, STM32U5G7VJT6Q, STM32U5G9BJY6QTR, STM32U5G9J-DK1, STM32U5G9J-DK2, STM32U5G9NJH6Q, STM32U5G9VJT6Q, STM32U5G9ZJJ6QTR, STM32U5G9ZJT6Q, STM32WB1MMCH6, STM32WBA50KEU6, STM32WBA50KEU6TR, STM32WBA50KGU6, STM32WBA50KGU6TR, STM32WBA52CEU6, STM32WBA52CEU6TR, STM32WBA52CEU7, STM32WBA52CEU7TR, STM32WBA52CGU6, STM32WBA52CGU6TR, STM32WBA52CGU6U, STM32WBA52CGU7, STM32WBA52CGU7TR, STM32WBA52KEU6, STM32WBA52KEU6TR, STM32WBA52KGU6, STM32WBA52KGU6TR, STM32WBA54CEU6, STM32WBA54CEU6TR, STM32WBA54CEU7, STM32WBA54CEU7TR, STM32WBA54CGU6, STM32WBA54CGU6TR, STM32WBA54CGU7, STM32WBA54CGU7TR, STM32WBA54KEU6, STM32WBA54KEU6TR, STM32WBA54KEU7, STM32WBA54KEU7TR, STM32WBA54KGU6, STM32WBA54KGU6TR, STM32WBA54KGU7, STM32WBA54KGU7TR, STM32WBA55CEU6, STM32WBA55CEU6TR, STM32WBA55CEU7, STM32WBA55CEU7TR, STM32WBA55CGU6, STM32WBA55CGU6TR, STM32WBA55CGU6U, STM32WBA55CGU7, STM32WBA55CGU7TR, STM32WBA55G-DK1, STM32WBA55HEF6, STM32WBA55HEF7, STM32WBA55HGF6, STM32WBA55HGF7, STM32WBA55UEI6, STM32WBA55UEI6TR, STM32WBA55UEI7, STM32WBA55UEI7TR, STM32WBA55UGI6, STM32WBA55UGI6TR, STM32WBA55UGI7, STM32WBA55UGI7TR, STM32WL5MOCH6, STM32WL5MOCH6TR]
2025-07-06 10:48:56,327 [INFO] BoardInfo:889 - No configuration file found for board B-WBA5M-WPAN
2025-07-06 10:48:56,327 [INFO] DbBoards:161 - Board is not supported: B-WBA5M-WPAN
2025-07-06 10:48:56,329 [INFO] BoardInfo:889 - No configuration file found for board NUCLEO-C051C8
2025-07-06 10:48:56,329 [INFO] DbBoards:161 - Board is not supported: NUCLEO-C051C8
2025-07-06 10:48:56,330 [INFO] BoardInfo:889 - No configuration file found for board NUCLEO-C071RB
2025-07-06 10:48:56,330 [INFO] DbBoards:161 - Board is not supported: NUCLEO-C071RB
2025-07-06 10:48:56,331 [INFO] BoardInfo:889 - No configuration file found for board NUCLEO-C092RC
2025-07-06 10:48:56,331 [INFO] DbBoards:161 - Board is not supported: NUCLEO-C092RC
2025-07-06 10:48:56,355 [INFO] BoardInfo:889 - No configuration file found for board NUCLEO-H533RE
2025-07-06 10:48:56,355 [INFO] DbBoards:161 - Board is not supported: NUCLEO-H533RE
2025-07-06 10:48:56,361 [INFO] BoardInfo:889 - No configuration file found for board NUCLEO-H7S3L8
2025-07-06 10:48:56,361 [INFO] DbBoards:161 - Board is not supported: NUCLEO-H7S3L8
2025-07-06 10:48:56,374 [INFO] BoardInfo:889 - No configuration file found for board NUCLEO-N657X0-Q
2025-07-06 10:48:56,374 [INFO] DbBoards:161 - Board is not supported: NUCLEO-N657X0-Q
2025-07-06 10:48:56,375 [INFO] BoardInfo:889 - No configuration file found for board NUCLEO-U031R8
2025-07-06 10:48:56,375 [INFO] DbBoards:161 - Board is not supported: NUCLEO-U031R8
2025-07-06 10:48:56,375 [INFO] BoardInfo:889 - No configuration file found for board NUCLEO-U083RC
2025-07-06 10:48:56,376 [INFO] DbBoards:161 - Board is not supported: NUCLEO-U083RC
2025-07-06 10:48:56,376 [INFO] BoardInfo:889 - No configuration file found for board NUCLEO-U385RG-Q
2025-07-06 10:48:56,376 [INFO] DbBoards:161 - Board is not supported: NUCLEO-U385RG-Q
2025-07-06 10:48:56,379 [INFO] BoardInfo:889 - No configuration file found for board NUCLEO-WB05KZ
2025-07-06 10:48:56,379 [INFO] DbBoards:161 - Board is not supported: NUCLEO-WB05KZ
2025-07-06 10:48:56,380 [INFO] BoardInfo:889 - No configuration file found for board NUCLEO-WB07CC
2025-07-06 10:48:56,380 [INFO] DbBoards:161 - Board is not supported: NUCLEO-WB07CC
2025-07-06 10:48:56,381 [INFO] BoardInfo:889 - No configuration file found for board NUCLEO-WB09KE
2025-07-06 10:48:56,381 [INFO] DbBoards:161 - Board is not supported: NUCLEO-WB09KE
2025-07-06 10:48:56,384 [INFO] BoardInfo:889 - No configuration file found for board NUCLEO-WBA65RI
2025-07-06 10:48:56,385 [INFO] DbBoards:161 - Board is not supported: NUCLEO-WBA65RI
2025-07-06 10:48:56,385 [INFO] BoardInfo:889 - No configuration file found for board NUCLEO-WL33CC1
2025-07-06 10:48:56,385 [INFO] DbBoards:161 - Board is not supported: NUCLEO-WL33CC1
2025-07-06 10:48:56,386 [INFO] BoardInfo:889 - No configuration file found for board NUCLEO-WL33CC2
2025-07-06 10:48:56,386 [INFO] DbBoards:161 - Board is not supported: NUCLEO-WL33CC2
2025-07-06 10:48:56,389 [INFO] BoardInfo:889 - No configuration file found for board P-NUCLEO-WB55
2025-07-06 10:48:56,389 [INFO] DbBoards:161 - Kit is not supported: P-NUCLEO-WB55
2025-07-06 10:48:56,392 [INFO] BoardInfo:889 - No configuration file found for board STEVAL-BFA001V1B
2025-07-06 10:48:56,392 [INFO] DbBoards:161 - Kit is not supported: STEVAL-BFA001V1B
2025-07-06 10:48:56,393 [INFO] BoardInfo:889 - No configuration file found for board STEVAL-BFA001V2B
2025-07-06 10:48:56,393 [INFO] DbBoards:161 - Kit is not supported: STEVAL-BFA001V2B
2025-07-06 10:48:56,441 [INFO] BoardInfo:889 - No configuration file found for board STM32H7S78-DK
2025-07-06 10:48:56,441 [INFO] DbBoards:161 - Board is not supported: STM32H7S78-DK
2025-07-06 10:48:56,454 [INFO] BoardInfo:889 - No configuration file found for board STM32MP257F-DK
2025-07-06 10:48:56,455 [INFO] DbBoards:161 - Board is not supported: STM32MP257F-DK
2025-07-06 10:48:56,455 [INFO] BoardInfo:889 - No configuration file found for board STM32MP257F-EV1
2025-07-06 10:48:56,455 [INFO] DbBoards:161 - Board is not supported: STM32MP257F-EV1
2025-07-06 10:48:56,456 [INFO] BoardInfo:889 - No configuration file found for board STM32N6570-DK
2025-07-06 10:48:56,456 [INFO] DbBoards:161 - Board is not supported: STM32N6570-DK
2025-07-06 10:48:56,457 [INFO] BoardInfo:889 - No configuration file found for board STM32U083C-DK
2025-07-06 10:48:56,457 [INFO] DbBoards:161 - Board is not supported: STM32U083C-DK
2025-07-06 10:48:56,462 [INFO] BoardInfo:889 - No configuration file found for board STM32WBA65I-DK1
2025-07-06 10:48:56,462 [INFO] DbBoards:161 - Board is not supported: STM32WBA65I-DK1
2025-07-06 10:48:56,463 [INFO] DbBoards:168 - Found 211 boards, 186 are supported
2025-07-06 10:48:56,463 [INFO] DbBoards:169 - Found 211 boards, 3 of them is supported for  Bsp
2025-07-06 10:48:56,467 [INFO] ApiDb:423 - Load user favorites file C:\Users\abhim/.stm32cubeide/favorites.boards.txt: 0 item(s)
2025-07-06 10:48:56,467 [INFO] ApiDb:427 - User favorites Boards=[]
2025-07-06 10:48:56,467 [INFO] DbBoards:198 - Set 0 / 0 favorites Boards
2025-07-06 10:48:56,503 [INFO] UtilMem:75 - End LoadConfig() Used Memory: 579371104 Bytes (1073741824)
2025-07-06 10:48:56,519 [INFO] MicroXplorer:468 - Change Database Path : 
2025-07-06 10:48:56,519 [INFO] MicroXplorer:498 - Change Database Version : DB.6.0.100
2025-07-06 10:48:56,520 [WARN] ThirdParty:833 - waiting for thirdparty lock release [change project]
2025-07-06 10:48:56,520 [INFO] ThirdParty:835 - entering critical section [change project]
2025-07-06 10:48:56,520 [INFO] ThirdParty:1030 - CMSIS Pack Vendor :STMicroelectronics X-CUBE-PM33A1 1.0.0
2025-07-06 10:48:56,520 [INFO] ThirdParty:1030 - CMSIS Pack Vendor :STMicroelectronics USBPD 4.1
2025-07-06 10:48:56,520 [INFO] ThirdParty:1030 - CMSIS Pack Vendor :STMicroelectronics X-CUBE-GNSS1 6.0.0
2025-07-06 10:48:56,520 [INFO] ThirdParty:1030 - CMSIS Pack Vendor :STMicroelectronics USB_HOST 2.0.0
2025-07-06 10:48:56,520 [INFO] ThirdParty:1030 - CMSIS Pack Vendor :STMicroelectronics FP-SNS-MOTENVWB1 1.4.0
2025-07-06 10:48:56,520 [INFO] ThirdParty:1030 - CMSIS Pack Vendor :STMicroelectronics X-CUBE-AZRTOS-F4 1.1.0
2025-07-06 10:48:56,520 [INFO] ThirdParty:1030 - CMSIS Pack Vendor :STMicroelectronics LIBJPEG 8.0.0
2025-07-06 10:48:56,520 [INFO] ThirdParty:1030 - CMSIS Pack Vendor :STMicroelectronics FP-ATR-ASTRA1 2.0.2
2025-07-06 10:48:56,520 [INFO] ThirdParty:1030 - CMSIS Pack Vendor :STMicroelectronics X-CUBE-SMBUS 2.1.0
2025-07-06 10:48:56,520 [INFO] ThirdParty:1030 - CMSIS Pack Vendor :STMicroelectronics X-CUBE-WB05N 1.1.0
2025-07-06 10:48:56,520 [INFO] ThirdParty:1030 - CMSIS Pack Vendor :STMicroelectronics X-CUBE-ISPU 2.1.0
2025-07-06 10:48:56,520 [INFO] ThirdParty:1030 - CMSIS Pack Vendor :STMicroelectronics X-CUBE-FREERTOS 1.2.0
2025-07-06 10:48:56,520 [INFO] ThirdParty:1030 - CMSIS Pack Vendor :wolfSSL I-CUBE-wolfSSL 5.6.6
2025-07-06 10:48:56,520 [INFO] ThirdParty:1030 - CMSIS Pack Vendor :STMicroelectronics X-CUBE-TOUCHGFX 4.23.0
2025-07-06 10:48:56,520 [INFO] ThirdParty:1030 - CMSIS Pack Vendor :STMicroelectronics X-CUBE-AZRTOS-F7 1.1.0
2025-07-06 10:48:56,520 [INFO] ThirdParty:1030 - CMSIS Pack Vendor :STMicroelectronics X-CUBE-AZRTOS-L5 2.0.0
2025-07-06 10:48:56,520 [INFO] ThirdParty:1030 - CMSIS Pack Vendor :STMicroelectronics USB_DEVICE 2.0.0
2025-07-06 10:48:56,520 [INFO] ThirdParty:1030 - CMSIS Pack Vendor :STMicroelectronics X-CUBE-NFC6 3.1.0
2025-07-06 10:48:56,521 [INFO] ThirdParty:1030 - CMSIS Pack Vendor :ITTIA_DB I-CUBE-ITTIADB 8.8.0
2025-07-06 10:48:56,521 [INFO] ThirdParty:1030 - CMSIS Pack Vendor :STMicroelectronics FP-SNS-MOTENV1 4.3.2
2025-07-06 10:48:56,521 [INFO] ThirdParty:1030 - CMSIS Pack Vendor :STMicroelectronics X-CUBE-MEMS1 11.0.0
2025-07-06 10:48:56,521 [INFO] ThirdParty:1030 - CMSIS Pack Vendor :STMicroelectronics FreeRTOS 0.0.1
2025-07-06 10:48:56,521 [INFO] ThirdParty:1030 - CMSIS Pack Vendor :STMicroelectronics X-CUBE-DPower 1.2.0
2025-07-06 10:48:56,521 [INFO] ThirdParty:1030 - CMSIS Pack Vendor :STMicroelectronics FP-SNS-FLIGHT1 5.0.2
2025-07-06 10:48:56,521 [INFO] ThirdParty:1030 - CMSIS Pack Vendor :STMicroelectronics PDM2PCM 3.3.0
2025-07-06 10:48:56,521 [INFO] ThirdParty:1030 - CMSIS Pack Vendor :STMicroelectronics X-CUBE-DISPLAY 3.0.0
2025-07-06 10:48:56,521 [INFO] ThirdParty:1030 - CMSIS Pack Vendor :STMicroelectronics X-CUBE-BLE1 7.0.0
2025-07-06 10:48:56,521 [INFO] ThirdParty:1030 - CMSIS Pack Vendor :STMicroelectronics X-CUBE-NFC10 1.0.0
2025-07-06 10:48:56,521 [INFO] ThirdParty:1030 - CMSIS Pack Vendor :STMicroelectronics X-CUBE-BLEMGR 4.0.0
2025-07-06 10:48:56,521 [INFO] ThirdParty:1030 - CMSIS Pack Vendor :STMicroelectronics X-CUBE-FREERTOS 1.3.1
2025-07-06 10:48:56,521 [INFO] ThirdParty:1030 - CMSIS Pack Vendor :STMicroelectronics HAL Drivers 0.0.0
2025-07-06 10:48:56,521 [INFO] ThirdParty:1030 - CMSIS Pack Vendor :emotas I-CUBE-CANOPEN 1.3.0
2025-07-06 10:48:56,521 [INFO] ThirdParty:1030 - CMSIS Pack Vendor :STMicroelectronics X-CUBE-FREERTOS 1.3.0
2025-07-06 10:48:56,521 [INFO] ThirdParty:1030 - CMSIS Pack Vendor :STMicroelectronics X-CUBE-NFC7 1.0.1
2025-07-06 10:48:56,521 [INFO] ThirdParty:1030 - CMSIS Pack Vendor :STMicroelectronics MBEDTLS 2.14.1
2025-07-06 10:48:56,521 [INFO] ThirdParty:1030 - CMSIS Pack Vendor :STMicroelectronics X-CUBE-NFC6 3.0.0
2025-07-06 10:48:56,521 [INFO] ThirdParty:1030 - CMSIS Pack Vendor :quantropi X-CUBE-qispace-sdk-base 2.0.0
2025-07-06 10:48:56,521 [INFO] ThirdParty:1030 - CMSIS Pack Vendor :STMicroelectronics X-CUBE-BLEMGR 3.1.0
2025-07-06 10:48:56,521 [INFO] ThirdParty:1030 - CMSIS Pack Vendor :STMicroelectronics X-CUBE-AI 10.0.0
2025-07-06 10:48:56,521 [INFO] ThirdParty:1030 - CMSIS Pack Vendor :STMicroelectronics FP-SNS-SMARTAG2 1.2.0
2025-07-06 10:48:56,521 [INFO] ThirdParty:1030 - CMSIS Pack Vendor :STMicroelectronics X-CUBE-MEMS1 11.1.0
2025-07-06 10:48:56,521 [INFO] ThirdParty:1030 - CMSIS Pack Vendor :STMicroelectronics X-CUBE-AZRTOS-WL 2.0.0
2025-07-06 10:48:56,521 [INFO] ThirdParty:1030 - CMSIS Pack Vendor :STMicroelectronics X-CUBE-DPower 1.3.0
2025-07-06 10:48:56,521 [INFO] ThirdParty:1030 - CMSIS Pack Vendor :STMicroelectronics FP-SNS-MOTENV1 5.0.0
2025-07-06 10:48:56,521 [INFO] ThirdParty:1030 - CMSIS Pack Vendor :STMicroelectronics USB_DEVICE 1.0.0
2025-07-06 10:48:56,521 [INFO] ThirdParty:1030 - CMSIS Pack Vendor :STMicroelectronics X-CUBE-AI 8.1.0
2025-07-06 10:48:56,521 [INFO] ThirdParty:1030 - CMSIS Pack Vendor :wolfSSL I-CUBE-wolfMQTT 1.19.0
2025-07-06 10:48:56,521 [INFO] ThirdParty:1030 - CMSIS Pack Vendor :STMicroelectronics X-CUBE-AZRTOS-L4 2.0.0
2025-07-06 10:48:56,521 [INFO] ThirdParty:1030 - CMSIS Pack Vendor :STMicroelectronics ThreadX 0.0.2
2025-07-06 10:48:56,521 [INFO] ThirdParty:1030 - CMSIS Pack Vendor :WES I-CUBE-Cesium 1.3.0
2025-07-06 10:48:56,521 [INFO] ThirdParty:1030 - CMSIS Pack Vendor :STMicroelectronics lwIP 2.1.2
2025-07-06 10:48:56,521 [INFO] ThirdParty:1030 - CMSIS Pack Vendor :STMicroelectronics X-CUBE-SFXS2LP1 4.0.0
2025-07-06 10:48:56,521 [INFO] ThirdParty:1030 - CMSIS Pack Vendor :STMicroelectronics X-CUBE-BLE2 3.3.0
2025-07-06 10:48:56,522 [INFO] ThirdParty:1030 - CMSIS Pack Vendor :STMicroelectronics PDM2PCM 3.2.0
2025-07-06 10:48:56,522 [INFO] ThirdParty:1030 - CMSIS Pack Vendor :STMicroelectronics X-CUBE-AZRTOS-H7 3.3.0
2025-07-06 10:48:56,522 [INFO] ThirdParty:1030 - CMSIS Pack Vendor :STMicroelectronics X-CUBE-NFC9 1.0.0
2025-07-06 10:48:56,522 [INFO] ThirdParty:1030 - CMSIS Pack Vendor :STMicroelectronics X-CUBE-BLE1 7.1.0
2025-07-06 10:48:56,522 [INFO] ThirdParty:1030 - CMSIS Pack Vendor :STMicroelectronics USB_DEVICE 3.0.0
2025-07-06 10:48:56,522 [INFO] ThirdParty:1030 - CMSIS Pack Vendor :STMicroelectronics X-CUBE-TCPP 4.1.0
2025-07-06 10:48:56,522 [INFO] ThirdParty:1030 - CMSIS Pack Vendor :STMicroelectronics X-CUBE-IPS 3.0.0
2025-07-06 10:48:56,522 [INFO] ThirdParty:1030 - CMSIS Pack Vendor :STMicroelectronics X-CUBE-AZRTOS-WB 2.0.0
2025-07-06 10:48:56,522 [INFO] ThirdParty:1030 - CMSIS Pack Vendor :STMicroelectronics X-CUBE-GNSS1 7.0.0
2025-07-06 10:48:56,522 [INFO] ThirdParty:1030 - CMSIS Pack Vendor :STMicroelectronics X-CUBE-GNSS1 7.0.1
2025-07-06 10:48:56,522 [INFO] ThirdParty:1030 - CMSIS Pack Vendor :STMicroelectronics X-CUBE-TOUCHGFX 4.25.0
2025-07-06 10:48:56,522 [INFO] ThirdParty:1030 - CMSIS Pack Vendor :STMicroelectronics X-CUBE-AI 10.1.0
2025-07-06 10:48:56,522 [INFO] ThirdParty:1030 - CMSIS Pack Vendor :STMicroelectronics FP-SNS-STBOX1 2.0.0
2025-07-06 10:48:56,522 [INFO] ThirdParty:1030 - CMSIS Pack Vendor :STMicroelectronics X-CUBE-ALGOBUILD 1.3.0
2025-07-06 10:48:56,522 [INFO] ThirdParty:1030 - CMSIS Pack Vendor :STMicroelectronics X-CUBE-MEMS1 11.2.0
2025-07-06 10:48:56,522 [INFO] ThirdParty:1030 - CMSIS Pack Vendor :STMicroelectronics X-CUBE-AZRTOS-G0 1.1.0
2025-07-06 10:48:56,522 [INFO] ThirdParty:1030 - CMSIS Pack Vendor :STMicroelectronics X-CUBE-SAFEA1 1.2.2
2025-07-06 10:48:56,522 [INFO] ThirdParty:1030 - CMSIS Pack Vendor :STMicroelectronics X-CUBE-NFC4 3.0.0
2025-07-06 10:48:56,522 [INFO] ThirdParty:1030 - CMSIS Pack Vendor :STMicroelectronics X-CUBE-SUBG2 5.0.0
2025-07-06 10:48:56,522 [INFO] ThirdParty:1030 - CMSIS Pack Vendor :STMicroelectronics X-CUBE-AZRTOS-H7RS 1.1.0
2025-07-06 10:48:56,522 [INFO] ThirdParty:1030 - CMSIS Pack Vendor :STMicroelectronics STM32_WPAN 1.0.0
2025-07-06 10:48:56,522 [INFO] ThirdParty:1030 - CMSIS Pack Vendor :EmbeddedOffice I-CUBE-FS-RTOS 1.0.1
2025-07-06 10:48:56,522 [INFO] ThirdParty:1030 - CMSIS Pack Vendor :STMicroelectronics lwIP 2.0.3
2025-07-06 10:48:56,522 [INFO] ThirdParty:1030 - CMSIS Pack Vendor :Cesanta I-CUBE-Mongoose 7.13.0
2025-07-06 10:48:56,522 [INFO] ThirdParty:1030 - CMSIS Pack Vendor :STMicroelectronics USB_HOST 1.0.0
2025-07-06 10:48:56,522 [INFO] ThirdParty:1030 - CMSIS Pack Vendor :STMicroelectronics X-CUBE-AZRTOS-G4 2.0.0
2025-07-06 10:48:56,522 [INFO] ThirdParty:1030 - CMSIS Pack Vendor :STMicroelectronics X-CUBE-WB05N 2.0.0
2025-07-06 10:48:56,522 [INFO] ThirdParty:1030 - CMSIS Pack Vendor :STMicroelectronics PDM2PCM 3.1.0
2025-07-06 10:48:56,522 [INFO] ThirdParty:1030 - CMSIS Pack Vendor :Infineon AIROC-Wi-Fi-Bluetooth-STM32 1.5.1
2025-07-06 10:48:56,522 [INFO] ThirdParty:1030 - CMSIS Pack Vendor :STMicroelectronics X-CUBE-NFC7 2.0.0
2025-07-06 10:48:56,522 [INFO] ThirdParty:1030 - CMSIS Pack Vendor :RealThread X-CUBE-RT-Thread_Nano 4.1.1
2025-07-06 10:48:56,522 [INFO] ThirdParty:1030 - CMSIS Pack Vendor :STMicroelectronics FP-SNS-MOTENVWB1 1.3.1
2025-07-06 10:48:56,522 [INFO] ThirdParty:1030 - CMSIS Pack Vendor :STMicroelectronics FP-ATR-SIGFOX1 3.2.0
2025-07-06 10:48:56,522 [INFO] ThirdParty:1030 - CMSIS Pack Vendor :STMicroelectronics X-CUBE-ISPU 2.0.0
2025-07-06 10:48:56,522 [INFO] ThirdParty:1030 - CMSIS Pack Vendor :STMicroelectronics X-CUBE-EEPRMA1 5.1.0
2025-07-06 10:48:56,522 [INFO] ThirdParty:1030 - CMSIS Pack Vendor :STMicroelectronics MBEDTLS 2.16.2
2025-07-06 10:48:56,522 [INFO] ThirdParty:1030 - CMSIS Pack Vendor :STMicroelectronics X-CUBE-ALS 1.0.2
2025-07-06 10:48:56,522 [INFO] ThirdParty:1030 - CMSIS Pack Vendor :STMicroelectronics X-CUBE-MEMS1 10.0.0
2025-07-06 10:48:56,522 [INFO] ThirdParty:1030 - CMSIS Pack Vendor :STMicroelectronics X-CUBE-FREERTOS 1.1.0
2025-07-06 10:48:56,522 [INFO] ThirdParty:1030 - CMSIS Pack Vendor :STMicroelectronics X-CUBE-TOUCHGFX 4.24.1
2025-07-06 10:48:56,522 [INFO] ThirdParty:1030 - CMSIS Pack Vendor :wolfSSL I-CUBE-wolfTPM 3.4.0
2025-07-06 10:48:56,523 [INFO] ThirdParty:1030 - CMSIS Pack Vendor :portGmbH I-Cube-SoM-uGOAL 1.1.0
2025-07-06 10:48:56,523 [INFO] ThirdParty:1030 - CMSIS Pack Vendor :STMicroelectronics X-CUBE-ALS 1.0.1
2025-07-06 10:48:56,523 [INFO] ThirdParty:1030 - CMSIS Pack Vendor :STMicroelectronics ThreadX 1.0.0
2025-07-06 10:48:56,523 [INFO] ThirdParty:1030 - CMSIS Pack Vendor :SEGGER I-CUBE-embOS 1.3.1
2025-07-06 10:48:56,523 [INFO] ThirdParty:1030 - CMSIS Pack Vendor :STMicroelectronics X-CUBE-ALGOBUILD 1.4.0
2025-07-06 10:48:56,523 [INFO] ThirdParty:1030 - CMSIS Pack Vendor :STMicroelectronics X-CUBE-MEMS1 11.3.0
2025-07-06 10:48:56,523 [INFO] ThirdParty:1030 - CMSIS Pack Vendor :STMicroelectronics X-CUBE-AZRTOS-H7RS 1.0.0
2025-07-06 10:48:56,523 [INFO] ThirdParty:1030 - CMSIS Pack Vendor :STMicroelectronics FP-ATR-ASTRA1 2.0.0
2025-07-06 10:48:56,523 [INFO] ThirdParty:1030 - CMSIS Pack Vendor :STMicroelectronics X-CUBE-TOF1 3.4.2
2025-07-06 10:48:56,523 [INFO] ThirdParty:1030 - CMSIS Pack Vendor :STMicroelectronics X-CUBE-AI 9.1.0
2025-07-06 10:48:56,523 [INFO] ThirdParty:1030 - CMSIS Pack Vendor :STMicroelectronics X-CUBE-TOF1 3.4.0
2025-07-06 10:48:56,523 [INFO] ThirdParty:1030 - CMSIS Pack Vendor :STMicroelectronics X-CUBE-AZRTOS-H7 3.2.0
2025-07-06 10:48:56,523 [INFO] ThirdParty:1030 - CMSIS Pack Vendor :wolfSSL I-CUBE-wolfSSH 1.4.17
2025-07-06 10:48:56,523 [INFO] ThirdParty:841 - exiting critical section [change project]
2025-07-06 10:48:56,724 [INFO] PinOutPanel:1499 - setPackage(No Configuration,No Configuration)
2025-07-06 10:48:56,724 [INFO] PinOutPanel:1499 - setPackage(STM32G474RETx,LQFP64)
2025-07-06 10:48:56,931 [INFO] UtilMem:75 - Before build in PCC Used Memory: 383690944 Bytes (1073741824)
2025-07-06 10:48:57,261 [INFO] UtilMem:75 - After build in PCC Used Memory: 481730752 Bytes (1073741824)
2025-07-06 10:48:57,284 [INFO] IPUIPlugin:80 - create IPUIPlugin
2025-07-06 10:48:57,285 [INFO] IPUIPlugin:80 - create IPUIPlugin
2025-07-06 10:48:57,285 [INFO] IPUIPlugin:80 - create IPUIPlugin
2025-07-06 10:48:57,285 [INFO] IPUIPlugin:80 - create IPUIPlugin
2025-07-06 10:48:57,285 [INFO] IPUIPlugin:80 - create IPUIPlugin
2025-07-06 10:48:57,285 [INFO] IPUIPlugin:80 - create IPUIPlugin
2025-07-06 10:48:57,285 [INFO] IPUIPlugin:80 - create IPUIPlugin
2025-07-06 10:48:57,285 [INFO] IPUIPlugin:80 - create IPUIPlugin
2025-07-06 10:48:57,285 [INFO] IPUIPlugin:80 - create IPUIPlugin
2025-07-06 10:48:57,285 [INFO] IPUIPlugin:80 - create IPUIPlugin
2025-07-06 10:48:57,285 [INFO] IPUIPlugin:80 - create IPUIPlugin
2025-07-06 10:48:57,285 [INFO] IPUIPlugin:80 - create IPUIPlugin
2025-07-06 10:48:57,285 [INFO] IPUIPlugin:80 - create IPUIPlugin
2025-07-06 10:48:57,285 [INFO] IPUIPlugin:80 - create IPUIPlugin
2025-07-06 10:48:57,285 [INFO] IPUIPlugin:80 - create IPUIPlugin
2025-07-06 10:48:57,285 [INFO] IPUIPlugin:80 - create IPUIPlugin
2025-07-06 10:48:57,286 [INFO] IPUIPlugin:80 - create IPUIPlugin
2025-07-06 10:48:57,286 [INFO] IPUIPlugin:80 - create IPUIPlugin
2025-07-06 10:48:57,286 [INFO] IPUIPlugin:80 - create IPUIPlugin
2025-07-06 10:48:57,286 [INFO] IPUIPlugin:80 - create IPUIPlugin
2025-07-06 10:48:57,286 [INFO] IPUIPlugin:80 - create IPUIPlugin
2025-07-06 10:48:57,286 [INFO] IPUIPlugin:80 - create IPUIPlugin
2025-07-06 10:48:57,286 [INFO] IPUIPlugin:80 - create IPUIPlugin
2025-07-06 10:48:57,286 [INFO] IPUIPlugin:80 - create IPUIPlugin
2025-07-06 10:48:57,286 [INFO] IPUIPlugin:80 - create IPUIPlugin
2025-07-06 10:48:57,286 [INFO] IPUIPlugin:80 - create IPUIPlugin
2025-07-06 10:48:57,286 [INFO] IPUIPlugin:80 - create IPUIPlugin
2025-07-06 10:48:57,287 [INFO] IPUIPlugin:80 - create IPUIPlugin
2025-07-06 10:48:57,287 [INFO] IPUIPlugin:80 - create IPUIPlugin
2025-07-06 10:48:57,287 [INFO] IPUIPlugin:80 - create IPUIPlugin
2025-07-06 10:48:57,287 [INFO] IPUIPlugin:80 - create IPUIPlugin
2025-07-06 10:48:57,287 [INFO] IPUIPlugin:80 - create IPUIPlugin
2025-07-06 10:48:57,287 [INFO] IPUIPlugin:80 - create IPUIPlugin
2025-07-06 10:48:57,287 [INFO] IPUIPlugin:80 - create IPUIPlugin
2025-07-06 10:48:57,287 [INFO] IPUIPlugin:80 - create IPUIPlugin
2025-07-06 10:48:57,288 [INFO] IPUIPlugin:80 - create IPUIPlugin
2025-07-06 10:48:57,288 [INFO] IPUIPlugin:80 - create IPUIPlugin
2025-07-06 10:48:57,288 [INFO] IPUIPlugin:80 - create IPUIPlugin
2025-07-06 10:48:57,288 [INFO] IPUIPlugin:80 - create IPUIPlugin
2025-07-06 10:48:57,288 [INFO] IPUIPlugin:80 - create IPUIPlugin
2025-07-06 10:48:57,288 [INFO] IPUIPlugin:80 - create IPUIPlugin
2025-07-06 10:48:57,289 [INFO] IPUIPlugin:80 - create IPUIPlugin
2025-07-06 10:48:57,289 [INFO] IPUIPlugin:80 - create IPUIPlugin
2025-07-06 10:48:57,289 [INFO] IPUIPlugin:80 - create IPUIPlugin
2025-07-06 10:48:57,289 [INFO] IPUIPlugin:80 - create IPUIPlugin
2025-07-06 10:48:57,289 [INFO] IPUIPlugin:80 - create IPUIPlugin
2025-07-06 10:48:57,289 [INFO] IPUIPlugin:80 - create IPUIPlugin
2025-07-06 10:48:57,290 [INFO] IPUIPlugin:80 - create IPUIPlugin
2025-07-06 10:48:57,290 [INFO] IPUIPlugin:80 - create IPUIPlugin
2025-07-06 10:48:57,290 [INFO] IPUIPlugin:80 - create IPUIPlugin
2025-07-06 10:48:57,290 [INFO] IPUIPlugin:80 - create IPUIPlugin
2025-07-06 10:48:57,291 [INFO] IPUIPlugin:80 - create IPUIPlugin
2025-07-06 10:48:57,291 [INFO] IPUIPlugin:80 - create IPUIPlugin
2025-07-06 10:48:57,292 [INFO] IPUIPlugin:80 - create IPUIPlugin
2025-07-06 10:48:57,292 [INFO] IPUIPlugin:80 - create IPUIPlugin
2025-07-06 10:48:57,292 [INFO] IPUIPlugin:80 - create IPUIPlugin
2025-07-06 10:48:57,292 [INFO] IPUIPlugin:80 - create IPUIPlugin
2025-07-06 10:48:57,292 [INFO] IPUIPlugin:80 - create IPUIPlugin
2025-07-06 10:48:57,292 [INFO] IPUIPlugin:80 - create IPUIPlugin
2025-07-06 10:48:57,292 [INFO] IPUIPlugin:80 - create IPUIPlugin
2025-07-06 10:48:57,293 [INFO] IPUIPlugin:80 - create IPUIPlugin
2025-07-06 10:48:57,293 [INFO] IPUIPlugin:80 - create IPUIPlugin
2025-07-06 10:48:57,293 [INFO] IPUIPlugin:80 - create IPUIPlugin
2025-07-06 10:48:57,293 [INFO] IPUIPlugin:80 - create IPUIPlugin
2025-07-06 10:48:57,293 [INFO] IPUIPlugin:80 - create IPUIPlugin
2025-07-06 10:48:57,293 [INFO] IPUIPlugin:80 - create IPUIPlugin
2025-07-06 10:48:57,294 [INFO] IPUIPlugin:80 - create IPUIPlugin
2025-07-06 10:48:57,294 [INFO] IPUIPlugin:80 - create IPUIPlugin
2025-07-06 10:48:57,294 [INFO] IPUIPlugin:80 - create IPUIPlugin
2025-07-06 10:48:57,294 [INFO] IPUIPlugin:80 - create IPUIPlugin
2025-07-06 10:48:57,294 [INFO] IPUIPlugin:80 - create IPUIPlugin
2025-07-06 10:48:57,295 [INFO] IPUIPlugin:80 - create IPUIPlugin
2025-07-06 10:48:57,295 [INFO] IPUIPlugin:80 - create IPUIPlugin
2025-07-06 10:48:57,295 [INFO] IPUIPlugin:80 - create IPUIPlugin
2025-07-06 10:48:57,295 [INFO] IPUIPlugin:80 - create IPUIPlugin
2025-07-06 10:48:57,295 [INFO] IPUIPlugin:80 - create IPUIPlugin
2025-07-06 10:48:57,296 [INFO] IPUIPlugin:80 - create IPUIPlugin
2025-07-06 10:48:57,349 [INFO] CADModel:165 - CPN selected for project levelSTM32G474RET6
2025-07-06 10:48:57,349 [INFO] CADModel:114 - Register for checkConnection events
2025-07-06 10:48:57,405 [INFO] OpenFileManager:343 - Restore cursor
2025-07-06 10:49:01,890 [INFO] ADCParametersView:116 -                Rank 1 : false
2025-07-06 10:49:01,920 [INFO] ADCParametersView:116 -                Rank 1 : false
2025-07-06 10:49:01,920 [INFO] ADCParametersView:116 -                Rank 1 : false
2025-07-06 10:49:01,920 [INFO] ADCParametersView:116 -                Rank 1 : false
2025-07-06 10:49:01,920 [INFO] ADCParametersView:116 -                Rank 1 : false
2025-07-06 10:49:01,921 [INFO] ADCParametersView:116 -                Rank 1 : false
2025-07-06 10:49:01,921 [INFO] ADCParametersView:116 -                Rank 1 : false
2025-07-06 10:49:01,921 [INFO] ADCParametersView:116 -                Rank 1 : false
2025-07-06 10:49:01,921 [INFO] ADCParametersView:116 -                Rank 1 : false
2025-07-06 10:49:01,921 [INFO] ADCParametersView:116 -                Rank 1 : false
2025-07-06 10:49:01,921 [INFO] ADCParametersView:116 -                Rank 1 : false
2025-07-06 10:49:01,921 [INFO] ADCParametersView:116 -                Rank 1 : false
2025-07-06 10:49:01,921 [INFO] ADCParametersView:116 -                Rank 1 : false
2025-07-06 10:49:01,921 [INFO] ADCParametersView:116 -                Rank 1 : false
2025-07-06 10:49:01,921 [INFO] ADCParametersView:116 -                Rank 1 : false
2025-07-06 10:49:01,921 [INFO] ADCParametersView:116 -                Rank 1 : false
2025-07-06 10:49:01,922 [INFO] ADCParametersView:116 -                Rank 1 : false
2025-07-06 10:49:01,922 [INFO] ADCParametersView:116 -                Rank 1 : false
2025-07-06 10:49:01,922 [INFO] ADCParametersView:116 -                Rank 1 : false
2025-07-06 10:49:01,922 [INFO] ADCParametersView:116 -                Rank 1 : false
2025-07-06 10:49:01,922 [INFO] ADCParametersView:116 -                Rank 1 : false
2025-07-06 10:49:01,922 [INFO] ADCParametersView:116 -                Rank 1 : false
2025-07-06 10:49:01,935 [INFO] ADCParametersView:116 -                Rank 1 : false
2025-07-06 10:49:04,285 [INFO] ADCParametersView:116 -                Rank 1 : false
2025-07-06 10:49:04,285 [INFO] ADCParametersView:116 -                Rank 1 : false
2025-07-06 10:49:04,285 [INFO] ADCParametersView:116 -                Rank 1 : false
2025-07-06 10:49:04,285 [INFO] ADCParametersView:116 -                Rank 1 : false
2025-07-06 10:49:04,285 [INFO] ADCParametersView:116 -                Rank 1 : false
2025-07-06 10:49:04,285 [INFO] ADCParametersView:116 -                Rank 1 : false
2025-07-06 10:49:04,285 [INFO] ADCParametersView:116 -                Rank 1 : false
2025-07-06 10:49:04,285 [INFO] ADCParametersView:116 -                Rank 1 : false
2025-07-06 10:49:04,285 [INFO] ADCParametersView:116 -                Rank 1 : false
2025-07-06 10:49:04,285 [INFO] ADCParametersView:116 -                Rank 1 : false
2025-07-06 10:49:04,285 [INFO] ADCParametersView:116 -                Rank 1 : false
2025-07-06 10:49:04,285 [INFO] ADCParametersView:116 -                Rank 1 : false
2025-07-06 10:49:04,285 [INFO] ADCParametersView:116 -                Rank 1 : false
2025-07-06 10:49:04,286 [INFO] ADCParametersView:116 -                Rank 1 : false
2025-07-06 10:49:04,286 [INFO] ADCParametersView:116 -                Rank 1 : false
2025-07-06 10:49:04,286 [INFO] ADCParametersView:116 -                Rank 1 : false
2025-07-06 10:49:04,286 [INFO] ADCParametersView:116 -                Rank 1 : false
2025-07-06 10:49:04,286 [INFO] ADCParametersView:116 -                Rank 1 : false
2025-07-06 10:49:04,286 [INFO] ADCParametersView:116 -                Rank 1 : false
2025-07-06 10:49:04,286 [INFO] ADCParametersView:116 -                Rank 1 : false
2025-07-06 10:49:04,286 [INFO] ADCParametersView:116 -                Rank 1 : false
2025-07-06 10:49:04,294 [INFO] ADCParametersView:116 -                Rank 1 : false
2025-07-06 10:50:03,122 [INFO] MainUpdater:2873 - connection check result : 10
2025-07-06 10:50:03,122 [INFO] MainUpdater:2873 - connection check result : 10
2025-07-06 10:50:03,168 [INFO] MicroXplorer:468 - Change Database Path : 
2025-07-06 10:50:03,168 [INFO] MicroXplorer:498 - Change Database Version : DB.6.0.100
2025-07-06 10:50:03,174 [ERROR] ProjectManagerView:394 - 
java.lang.NullPointerException: Cannot invoke "javax.swing.JTextField.getText()" because the return value of "java.util.List.get(int)" is null
	at com.st.microxplorer.plugins.projectmanager.gui.ProjectChoiceTab$10.caretUpdate(ProjectChoiceTab.java:2493) ~[filemanager.jar:?]
	at javax.swing.text.JTextComponent.fireCaretUpdate(JTextComponent.java:412) ~[?:?]
	at javax.swing.text.JTextComponent$MutableCaretEvent.fire(JTextComponent.java:4491) ~[?:?]
	at javax.swing.text.JTextComponent$MutableCaretEvent.stateChanged(JTextComponent.java:4513) ~[?:?]
	at javax.swing.text.DefaultCaret.fireStateChanged(DefaultCaret.java:842) ~[?:?]
	at javax.swing.text.DefaultCaret.changeCaretPosition(DefaultCaret.java:1313) ~[?:?]
	at javax.swing.text.DefaultCaret.handleSetDot(DefaultCaret.java:1212) ~[?:?]
	at javax.swing.text.DefaultCaret.setDot(DefaultCaret.java:1193) ~[?:?]
	at javax.swing.text.DefaultCaret$Handler.insertUpdate(DefaultCaret.java:1789) ~[?:?]
	at javax.swing.text.AbstractDocument.fireInsertUpdate(AbstractDocument.java:226) ~[?:?]
	at javax.swing.text.AbstractDocument.handleInsertString(AbstractDocument.java:780) ~[?:?]
	at javax.swing.text.AbstractDocument.insertString(AbstractDocument.java:739) ~[?:?]
	at javax.swing.text.PlainDocument.insertString(PlainDocument.java:131) ~[?:?]
	at javax.swing.text.AbstractDocument.replace(AbstractDocument.java:698) ~[?:?]
	at javax.swing.text.JTextComponent.setText(JTextComponent.java:1729) ~[?:?]
	at com.st.microxplorer.plugins.projectmanager.gui.ProjectChoiceTab.createHeapStackFields(ProjectChoiceTab.java:933) ~[filemanager.jar:?]
	at com.st.microxplorer.plugins.projectmanager.gui.ProjectChoiceTab.buildLinkSettingsPanel(ProjectChoiceTab.java:3426) ~[filemanager.jar:?]
	at com.st.microxplorer.plugins.projectmanager.gui.ProjectChoiceTab.defineWindowsFields(ProjectChoiceTab.java:1813) ~[filemanager.jar:?]
	at com.st.microxplorer.plugins.projectmanager.gui.ProjectChoiceTab.updateSettings(ProjectChoiceTab.java:533) ~[filemanager.jar:?]
	at com.st.microxplorer.plugins.projectmanager.gui.ProjectSettingsPanel.UpdateDialog(ProjectSettingsPanel.java:244) ~[filemanager.jar:?]
	at com.st.microxplorer.plugins.projectmanager.ProjectManagerView.propertyChange(ProjectManagerView.java:391) ~[filemanager.jar:?]
	at java.beans.PropertyChangeSupport.fire(PropertyChangeSupport.java:343) ~[?:?]
	at java.beans.PropertyChangeSupport.firePropertyChange(PropertyChangeSupport.java:335) ~[?:?]
	at java.beans.PropertyChangeSupport.firePropertyChange(PropertyChangeSupport.java:268) ~[?:?]
	at com.st.microxplorer.util.MXPropertyChangeSupport.firePropertyChange(MXPropertyChangeSupport.java:54) ~[STM32CubeMX.jar:?]
	at com.st.microxplorer.mxsystem.MxSystem.closeConfig(MxSystem.java:900) ~[STM32CubeMX.jar:?]
	at com.st.microxplorer.maingui.MainPanel.closeConfig(MainPanel.java:776) ~[STM32CubeMX.jar:?]
	at com.st.microxplorer.plugins.filemanager.engine.OpenFileManager.loadConfigurationFile(OpenFileManager.java:245) ~[filemanager.jar:?]
	at com.st.microxplorer.plugins.filemanager.engine.MainFileManager.userLoadConfig(MainFileManager.java:290) ~[filemanager.jar:?]
	at com.st.microxplorer.plugins.filemanager.FileManagerView.getSpecificTask(FileManagerView.java:247) ~[filemanager.jar:?]
	at com.st.stm32cube.common.mx.editor.CubeMxEditor.getMxTabbedPaneInstance(CubeMxEditor.java:1184) ~[com.st.stm32cube.common.mx_6.10.0.202311202037/:?]
	at com.st.stm32cube.common.mx.editor.CubeMxEditor$12$1.createSwingComponent(CubeMxEditor.java:1065) ~[com.st.stm32cube.common.mx_6.10.0.202311202037/:?]
	at com.st.stm32cube.common.mx.oss.core.awtswtbridge.EmbeddedSwingComposite.doComponentCreation(EmbeddedSwingComposite.java:492) ~[com.st.stm32cube.common.mx.oss_6.10.0.202311202037/:?]
	at com.st.stm32cube.common.mx.oss.core.awtswtbridge.EmbeddedSwingComposite$4.run(EmbeddedSwingComposite.java:291) ~[com.st.stm32cube.common.mx.oss_6.10.0.202311202037/:?]
	at com.st.stm32cube.common.mx.oss.core.awtswtbridge.AwtEnvironment$2.run(AwtEnvironment.java:166) ~[com.st.stm32cube.common.mx.oss_6.10.0.202311202037/:?]
	at java.awt.event.InvocationEvent.dispatch(InvocationEvent.java:318) ~[?:?]
	at java.awt.EventQueue.dispatchEventImpl(EventQueue.java:773) ~[?:?]
	at java.awt.EventQueue$4.run(EventQueue.java:720) ~[?:?]
	at java.awt.EventQueue$4.run(EventQueue.java:714) ~[?:?]
	at java.security.AccessController.doPrivileged(AccessController.java:399) ~[?:?]
	at java.security.ProtectionDomain$JavaSecurityAccessImpl.doIntersectionPrivilege(ProtectionDomain.java:86) ~[?:?]
	at java.awt.EventQueue.dispatchEvent(EventQueue.java:742) ~[?:?]
	at java.awt.EventDispatchThread.pumpOneEventForFilters(EventDispatchThread.java:203) ~[?:?]
	at java.awt.EventDispatchThread.pumpEventsForFilter(EventDispatchThread.java:124) ~[?:?]
	at java.awt.EventDispatchThread.pumpEventsForHierarchy(EventDispatchThread.java:113) ~[?:?]
	at java.awt.EventDispatchThread.pumpEvents(EventDispatchThread.java:109) ~[?:?]
	at java.awt.EventDispatchThread.pumpEvents(EventDispatchThread.java:101) ~[?:?]
	at java.awt.EventDispatchThread.run(EventDispatchThread.java:90) ~[?:?]
2025-07-06 10:50:03,174 [WARN] ThirdParty:871 - waiting for thirdparty lock release [close project]
2025-07-06 10:50:03,174 [INFO] ThirdParty:873 - entering critical section [close project]
2025-07-06 10:50:03,174 [INFO] ThirdParty:883 - exiting critical section [close project]
2025-07-06 10:50:03,176 [INFO] PinOutPanel:1499 - setPackage(No Configuration,No Configuration)
2025-07-06 10:50:03,179 [INFO] UtilMem:75 - Begin LoadConfig() Used Memory: 386294176 Bytes (1073741824)
2025-07-06 10:50:03,180 [INFO] MicroXplorer:468 - Change Database Path : 
2025-07-06 10:50:03,180 [INFO] MicroXplorer:498 - Change Database Version : DB.6.0.100
2025-07-06 10:50:03,180 [INFO] OpenFileManager:312 - Change cursor
2025-07-06 10:50:03,186 [INFO] Mcu:2016 - Initializing MCU STM32G474R(B-C-E)Tx STM32G474RETx STM32G474RET6
2025-07-06 10:50:05,832 [INFO] Context:659 - Trying to add GPIOservice into a context  which must be forbidden
2025-07-06 10:50:06,731 [INFO] RtosManager:555 - Registered RTOS mode: class=CMSIS, group=RTOS, mode=CMSIS_V1, owner=FREERTOS
2025-07-06 10:50:06,731 [INFO] RtosManager:555 - Registered RTOS mode: class=CMSIS, group=RTOS2, mode=CMSIS_V2, owner=FREERTOS
2025-07-06 10:50:06,731 [INFO] RtosManager:555 - Registered RTOS mode: class=RTOS, group=Core, mode=CMSIS_V1, owner=FREERTOS
2025-07-06 10:50:06,731 [INFO] RtosManager:555 - Registered RTOS mode: class=RTOS, group=Core, mode=CMSIS_V2, owner=FREERTOS
2025-07-06 10:50:06,731 [WARN] ModelIntegratedComponent:184 - Missing modes for component STMicroelectronics:FreeRTOS:0.0.1:STMicroelectronics:RTOS:FreeRTOS:Core:::10.2.0:
2025-07-06 10:50:06,732 [WARN] ModelIntegratedComponent:63 - No mode defined for component null
2025-07-06 10:50:06,732 [WARN] ModelIntegratedComponent:63 - No mode defined for component null
2025-07-06 10:50:06,732 [WARN] ModelIntegratedComponent:63 - No mode defined for component null
2025-07-06 10:50:06,732 [WARN] ModelIntegratedComponent:63 - No mode defined for component null
2025-07-06 10:50:06,732 [WARN] ModelIntegratedComponent:63 - No mode defined for component null
2025-07-06 10:50:06,732 [WARN] ModelIntegratedComponent:63 - No mode defined for component null
2025-07-06 10:50:06,732 [WARN] ModelIntegratedComponent:63 - No mode defined for component null
2025-07-06 10:50:06,732 [WARN] ModelIntegratedComponent:63 - No mode defined for component null
2025-07-06 10:50:06,732 [WARN] ModelIntegratedComponent:63 - No mode defined for component null
2025-07-06 10:50:06,732 [WARN] ModelIntegratedComponent:63 - No mode defined for component null
2025-07-06 10:50:06,732 [WARN] ModelIntegratedComponent:63 - No mode defined for component null
2025-07-06 10:50:06,732 [WARN] ModelIntegratedComponent:63 - No mode defined for component null
2025-07-06 10:50:06,732 [WARN] ModelIntegratedComponent:63 - No mode defined for component null
2025-07-06 10:50:06,733 [WARN] ModelIntegratedComponent:63 - No mode defined for component null
2025-07-06 10:50:06,733 [WARN] ModelIntegratedComponent:63 - No mode defined for component null
2025-07-06 10:50:06,733 [WARN] ModelIntegratedComponent:63 - No mode defined for component null
2025-07-06 10:50:06,733 [WARN] ModelIntegratedComponent:63 - No mode defined for component null
2025-07-06 10:50:06,733 [WARN] ModelIntegratedComponent:63 - No mode defined for component null
2025-07-06 10:50:06,733 [WARN] ModelIntegratedComponent:63 - No mode defined for component null
2025-07-06 10:50:06,733 [WARN] ModelIntegratedComponent:63 - No mode defined for component null
2025-07-06 10:50:06,733 [WARN] ModelIntegratedComponent:63 - No mode defined for component null
2025-07-06 10:50:06,733 [WARN] ModelIntegratedComponent:63 - No mode defined for component null
2025-07-06 10:50:06,733 [WARN] ModelIntegratedComponent:63 - No mode defined for component null
2025-07-06 10:50:06,733 [WARN] ModelIntegratedComponent:63 - No mode defined for component null
2025-07-06 10:50:06,733 [WARN] ModelIntegratedComponent:63 - No mode defined for component null
2025-07-06 10:50:06,733 [WARN] ModelIntegratedComponent:63 - No mode defined for component null
2025-07-06 10:50:06,733 [WARN] ModelIntegratedComponent:63 - No mode defined for component null
2025-07-06 10:50:06,733 [WARN] ModelIntegratedComponent:63 - No mode defined for component null
2025-07-06 10:50:06,733 [WARN] ModelIntegratedComponent:63 - No mode defined for component null
2025-07-06 10:50:06,733 [WARN] ModelIntegratedComponent:63 - No mode defined for component null
2025-07-06 10:50:06,733 [WARN] ModelIntegratedComponent:63 - No mode defined for component null
2025-07-06 10:50:06,733 [WARN] ModelIntegratedComponent:63 - No mode defined for component null
2025-07-06 10:50:06,733 [WARN] ModelIntegratedComponent:63 - No mode defined for component null
2025-07-06 10:50:06,899 [INFO] ThirdPartyModel:298 - Start build external matchings
2025-07-06 10:50:07,802 [INFO] ThirdPartyModel:316 - End build external matchings
2025-07-06 10:50:07,824 [INFO] ImportTextPane:194 - (OptionalMessage_ERROR) IP (ADC1) : Parameter (CommonPathInternal) has invalid value (null|null|null|null)
2025-07-06 10:50:08,106 [INFO] UtilMem:75 - End LoadConfig() Used Memory: 506903592 Bytes (1073741824)
2025-07-06 10:50:08,148 [INFO] MicroXplorer:468 - Change Database Path : 
2025-07-06 10:50:08,148 [INFO] MicroXplorer:498 - Change Database Version : DB.6.0.100
2025-07-06 10:50:08,150 [WARN] ThirdParty:833 - waiting for thirdparty lock release [change project]
2025-07-06 10:50:08,150 [INFO] ThirdParty:835 - entering critical section [change project]
2025-07-06 10:50:08,150 [INFO] ThirdParty:1030 - CMSIS Pack Vendor :STMicroelectronics X-CUBE-PM33A1 1.0.0
2025-07-06 10:50:08,150 [INFO] ThirdParty:1030 - CMSIS Pack Vendor :STMicroelectronics USBPD 4.1
2025-07-06 10:50:08,150 [INFO] ThirdParty:1030 - CMSIS Pack Vendor :STMicroelectronics X-CUBE-GNSS1 6.0.0
2025-07-06 10:50:08,150 [INFO] ThirdParty:1030 - CMSIS Pack Vendor :STMicroelectronics USB_HOST 2.0.0
2025-07-06 10:50:08,150 [INFO] ThirdParty:1030 - CMSIS Pack Vendor :STMicroelectronics FP-SNS-MOTENVWB1 1.4.0
2025-07-06 10:50:08,150 [INFO] ThirdParty:1030 - CMSIS Pack Vendor :STMicroelectronics X-CUBE-AZRTOS-F4 1.1.0
2025-07-06 10:50:08,150 [INFO] ThirdParty:1030 - CMSIS Pack Vendor :STMicroelectronics LIBJPEG 8.0.0
2025-07-06 10:50:08,150 [INFO] ThirdParty:1030 - CMSIS Pack Vendor :STMicroelectronics FP-ATR-ASTRA1 2.0.2
2025-07-06 10:50:08,150 [INFO] ThirdParty:1030 - CMSIS Pack Vendor :STMicroelectronics X-CUBE-SMBUS 2.1.0
2025-07-06 10:50:08,150 [INFO] ThirdParty:1030 - CMSIS Pack Vendor :STMicroelectronics X-CUBE-WB05N 1.1.0
2025-07-06 10:50:08,150 [INFO] ThirdParty:1030 - CMSIS Pack Vendor :STMicroelectronics X-CUBE-ISPU 2.1.0
2025-07-06 10:50:08,150 [INFO] ThirdParty:1030 - CMSIS Pack Vendor :STMicroelectronics X-CUBE-FREERTOS 1.2.0
2025-07-06 10:50:08,150 [INFO] ThirdParty:1030 - CMSIS Pack Vendor :wolfSSL I-CUBE-wolfSSL 5.6.6
2025-07-06 10:50:08,150 [INFO] ThirdParty:1030 - CMSIS Pack Vendor :STMicroelectronics X-CUBE-TOUCHGFX 4.23.0
2025-07-06 10:50:08,150 [INFO] ThirdParty:1030 - CMSIS Pack Vendor :STMicroelectronics X-CUBE-AZRTOS-F7 1.1.0
2025-07-06 10:50:08,150 [INFO] ThirdParty:1030 - CMSIS Pack Vendor :STMicroelectronics X-CUBE-AZRTOS-L5 2.0.0
2025-07-06 10:50:08,150 [INFO] ThirdParty:1030 - CMSIS Pack Vendor :STMicroelectronics USB_DEVICE 2.0.0
2025-07-06 10:50:08,150 [INFO] ThirdParty:1030 - CMSIS Pack Vendor :STMicroelectronics X-CUBE-NFC6 3.1.0
2025-07-06 10:50:08,150 [INFO] ThirdParty:1030 - CMSIS Pack Vendor :ITTIA_DB I-CUBE-ITTIADB 8.8.0
2025-07-06 10:50:08,150 [INFO] ThirdParty:1030 - CMSIS Pack Vendor :STMicroelectronics FP-SNS-MOTENV1 4.3.2
2025-07-06 10:50:08,151 [INFO] ThirdParty:1030 - CMSIS Pack Vendor :STMicroelectronics X-CUBE-MEMS1 11.0.0
2025-07-06 10:50:08,151 [INFO] ThirdParty:1030 - CMSIS Pack Vendor :STMicroelectronics FreeRTOS 0.0.1
2025-07-06 10:50:08,151 [INFO] ThirdParty:1030 - CMSIS Pack Vendor :STMicroelectronics X-CUBE-DPower 1.2.0
2025-07-06 10:50:08,151 [INFO] ThirdParty:1030 - CMSIS Pack Vendor :STMicroelectronics FP-SNS-FLIGHT1 5.0.2
2025-07-06 10:50:08,151 [INFO] ThirdParty:1030 - CMSIS Pack Vendor :STMicroelectronics PDM2PCM 3.3.0
2025-07-06 10:50:08,151 [INFO] ThirdParty:1030 - CMSIS Pack Vendor :STMicroelectronics X-CUBE-DISPLAY 3.0.0
2025-07-06 10:50:08,151 [INFO] ThirdParty:1030 - CMSIS Pack Vendor :STMicroelectronics X-CUBE-BLE1 7.0.0
2025-07-06 10:50:08,151 [INFO] ThirdParty:1030 - CMSIS Pack Vendor :STMicroelectronics X-CUBE-NFC10 1.0.0
2025-07-06 10:50:08,151 [INFO] ThirdParty:1030 - CMSIS Pack Vendor :STMicroelectronics X-CUBE-BLEMGR 4.0.0
2025-07-06 10:50:08,151 [INFO] ThirdParty:1030 - CMSIS Pack Vendor :STMicroelectronics X-CUBE-FREERTOS 1.3.1
2025-07-06 10:50:08,151 [INFO] ThirdParty:1030 - CMSIS Pack Vendor :STMicroelectronics HAL Drivers 0.0.0
2025-07-06 10:50:08,151 [INFO] ThirdParty:1030 - CMSIS Pack Vendor :emotas I-CUBE-CANOPEN 1.3.0
2025-07-06 10:50:08,151 [INFO] ThirdParty:1030 - CMSIS Pack Vendor :STMicroelectronics X-CUBE-FREERTOS 1.3.0
2025-07-06 10:50:08,151 [INFO] ThirdParty:1030 - CMSIS Pack Vendor :STMicroelectronics X-CUBE-NFC7 1.0.1
2025-07-06 10:50:08,151 [INFO] ThirdParty:1030 - CMSIS Pack Vendor :STMicroelectronics MBEDTLS 2.14.1
2025-07-06 10:50:08,151 [INFO] ThirdParty:1030 - CMSIS Pack Vendor :STMicroelectronics X-CUBE-NFC6 3.0.0
2025-07-06 10:50:08,151 [INFO] ThirdParty:1030 - CMSIS Pack Vendor :quantropi X-CUBE-qispace-sdk-base 2.0.0
2025-07-06 10:50:08,151 [INFO] ThirdParty:1030 - CMSIS Pack Vendor :STMicroelectronics X-CUBE-BLEMGR 3.1.0
2025-07-06 10:50:08,151 [INFO] ThirdParty:1030 - CMSIS Pack Vendor :STMicroelectronics X-CUBE-AI 10.0.0
2025-07-06 10:50:08,151 [INFO] ThirdParty:1030 - CMSIS Pack Vendor :STMicroelectronics FP-SNS-SMARTAG2 1.2.0
2025-07-06 10:50:08,151 [INFO] ThirdParty:1030 - CMSIS Pack Vendor :STMicroelectronics X-CUBE-MEMS1 11.1.0
2025-07-06 10:50:08,151 [INFO] ThirdParty:1030 - CMSIS Pack Vendor :STMicroelectronics X-CUBE-AZRTOS-WL 2.0.0
2025-07-06 10:50:08,151 [INFO] ThirdParty:1030 - CMSIS Pack Vendor :STMicroelectronics X-CUBE-DPower 1.3.0
2025-07-06 10:50:08,151 [INFO] ThirdParty:1030 - CMSIS Pack Vendor :STMicroelectronics FP-SNS-MOTENV1 5.0.0
2025-07-06 10:50:08,151 [INFO] ThirdParty:1030 - CMSIS Pack Vendor :STMicroelectronics USB_DEVICE 1.0.0
2025-07-06 10:50:08,151 [INFO] ThirdParty:1030 - CMSIS Pack Vendor :STMicroelectronics X-CUBE-AI 8.1.0
2025-07-06 10:50:08,151 [INFO] ThirdParty:1030 - CMSIS Pack Vendor :wolfSSL I-CUBE-wolfMQTT 1.19.0
2025-07-06 10:50:08,151 [INFO] ThirdParty:1030 - CMSIS Pack Vendor :STMicroelectronics X-CUBE-AZRTOS-L4 2.0.0
2025-07-06 10:50:08,152 [INFO] ThirdParty:1030 - CMSIS Pack Vendor :STMicroelectronics ThreadX 0.0.2
2025-07-06 10:50:08,152 [INFO] ThirdParty:1030 - CMSIS Pack Vendor :WES I-CUBE-Cesium 1.3.0
2025-07-06 10:50:08,152 [INFO] ThirdParty:1030 - CMSIS Pack Vendor :STMicroelectronics lwIP 2.1.2
2025-07-06 10:50:08,152 [INFO] ThirdParty:1030 - CMSIS Pack Vendor :STMicroelectronics X-CUBE-SFXS2LP1 4.0.0
2025-07-06 10:50:08,152 [INFO] ThirdParty:1030 - CMSIS Pack Vendor :STMicroelectronics X-CUBE-BLE2 3.3.0
2025-07-06 10:50:08,152 [INFO] ThirdParty:1030 - CMSIS Pack Vendor :STMicroelectronics PDM2PCM 3.2.0
2025-07-06 10:50:08,152 [INFO] ThirdParty:1030 - CMSIS Pack Vendor :STMicroelectronics X-CUBE-AZRTOS-H7 3.3.0
2025-07-06 10:50:08,152 [INFO] ThirdParty:1030 - CMSIS Pack Vendor :STMicroelectronics X-CUBE-NFC9 1.0.0
2025-07-06 10:50:08,152 [INFO] ThirdParty:1030 - CMSIS Pack Vendor :STMicroelectronics X-CUBE-BLE1 7.1.0
2025-07-06 10:50:08,152 [INFO] ThirdParty:1030 - CMSIS Pack Vendor :STMicroelectronics USB_DEVICE 3.0.0
2025-07-06 10:50:08,152 [INFO] ThirdParty:1030 - CMSIS Pack Vendor :STMicroelectronics X-CUBE-TCPP 4.1.0
2025-07-06 10:50:08,152 [INFO] ThirdParty:1030 - CMSIS Pack Vendor :STMicroelectronics X-CUBE-IPS 3.0.0
2025-07-06 10:50:08,152 [INFO] ThirdParty:1030 - CMSIS Pack Vendor :STMicroelectronics X-CUBE-AZRTOS-WB 2.0.0
2025-07-06 10:50:08,152 [INFO] ThirdParty:1030 - CMSIS Pack Vendor :STMicroelectronics X-CUBE-GNSS1 7.0.0
2025-07-06 10:50:08,152 [INFO] ThirdParty:1030 - CMSIS Pack Vendor :STMicroelectronics X-CUBE-GNSS1 7.0.1
2025-07-06 10:50:08,152 [INFO] ThirdParty:1030 - CMSIS Pack Vendor :STMicroelectronics X-CUBE-TOUCHGFX 4.25.0
2025-07-06 10:50:08,152 [INFO] ThirdParty:1030 - CMSIS Pack Vendor :STMicroelectronics X-CUBE-AI 10.1.0
2025-07-06 10:50:08,152 [INFO] ThirdParty:1030 - CMSIS Pack Vendor :STMicroelectronics FP-SNS-STBOX1 2.0.0
2025-07-06 10:50:08,152 [INFO] ThirdParty:1030 - CMSIS Pack Vendor :STMicroelectronics X-CUBE-ALGOBUILD 1.3.0
2025-07-06 10:50:08,152 [INFO] ThirdParty:1030 - CMSIS Pack Vendor :STMicroelectronics X-CUBE-MEMS1 11.2.0
2025-07-06 10:50:08,152 [INFO] ThirdParty:1030 - CMSIS Pack Vendor :STMicroelectronics X-CUBE-AZRTOS-G0 1.1.0
2025-07-06 10:50:08,152 [INFO] ThirdParty:1030 - CMSIS Pack Vendor :STMicroelectronics X-CUBE-SAFEA1 1.2.2
2025-07-06 10:50:08,152 [INFO] ThirdParty:1030 - CMSIS Pack Vendor :STMicroelectronics X-CUBE-NFC4 3.0.0
2025-07-06 10:50:08,152 [INFO] ThirdParty:1030 - CMSIS Pack Vendor :STMicroelectronics X-CUBE-SUBG2 5.0.0
2025-07-06 10:50:08,152 [INFO] ThirdParty:1030 - CMSIS Pack Vendor :STMicroelectronics X-CUBE-AZRTOS-H7RS 1.1.0
2025-07-06 10:50:08,152 [INFO] ThirdParty:1030 - CMSIS Pack Vendor :STMicroelectronics STM32_WPAN 1.0.0
2025-07-06 10:50:08,152 [INFO] ThirdParty:1030 - CMSIS Pack Vendor :EmbeddedOffice I-CUBE-FS-RTOS 1.0.1
2025-07-06 10:50:08,152 [INFO] ThirdParty:1030 - CMSIS Pack Vendor :STMicroelectronics lwIP 2.0.3
2025-07-06 10:50:08,152 [INFO] ThirdParty:1030 - CMSIS Pack Vendor :Cesanta I-CUBE-Mongoose 7.13.0
2025-07-06 10:50:08,152 [INFO] ThirdParty:1030 - CMSIS Pack Vendor :STMicroelectronics USB_HOST 1.0.0
2025-07-06 10:50:08,152 [INFO] ThirdParty:1030 - CMSIS Pack Vendor :STMicroelectronics X-CUBE-AZRTOS-G4 2.0.0
2025-07-06 10:50:08,152 [INFO] ThirdParty:1030 - CMSIS Pack Vendor :STMicroelectronics X-CUBE-WB05N 2.0.0
2025-07-06 10:50:08,152 [INFO] ThirdParty:1030 - CMSIS Pack Vendor :STMicroelectronics PDM2PCM 3.1.0
2025-07-06 10:50:08,152 [INFO] ThirdParty:1030 - CMSIS Pack Vendor :Infineon AIROC-Wi-Fi-Bluetooth-STM32 1.5.1
2025-07-06 10:50:08,152 [INFO] ThirdParty:1030 - CMSIS Pack Vendor :STMicroelectronics X-CUBE-NFC7 2.0.0
2025-07-06 10:50:08,152 [INFO] ThirdParty:1030 - CMSIS Pack Vendor :RealThread X-CUBE-RT-Thread_Nano 4.1.1
2025-07-06 10:50:08,152 [INFO] ThirdParty:1030 - CMSIS Pack Vendor :STMicroelectronics FP-SNS-MOTENVWB1 1.3.1
2025-07-06 10:50:08,152 [INFO] ThirdParty:1030 - CMSIS Pack Vendor :STMicroelectronics FP-ATR-SIGFOX1 3.2.0
2025-07-06 10:50:08,152 [INFO] ThirdParty:1030 - CMSIS Pack Vendor :STMicroelectronics X-CUBE-ISPU 2.0.0
2025-07-06 10:50:08,152 [INFO] ThirdParty:1030 - CMSIS Pack Vendor :STMicroelectronics X-CUBE-EEPRMA1 5.1.0
2025-07-06 10:50:08,153 [INFO] ThirdParty:1030 - CMSIS Pack Vendor :STMicroelectronics MBEDTLS 2.16.2
2025-07-06 10:50:08,153 [INFO] ThirdParty:1030 - CMSIS Pack Vendor :STMicroelectronics X-CUBE-ALS 1.0.2
2025-07-06 10:50:08,153 [INFO] ThirdParty:1030 - CMSIS Pack Vendor :STMicroelectronics X-CUBE-MEMS1 10.0.0
2025-07-06 10:50:08,153 [INFO] ThirdParty:1030 - CMSIS Pack Vendor :STMicroelectronics X-CUBE-FREERTOS 1.1.0
2025-07-06 10:50:08,153 [INFO] ThirdParty:1030 - CMSIS Pack Vendor :STMicroelectronics X-CUBE-TOUCHGFX 4.24.1
2025-07-06 10:50:08,153 [INFO] ThirdParty:1030 - CMSIS Pack Vendor :wolfSSL I-CUBE-wolfTPM 3.4.0
2025-07-06 10:50:08,153 [INFO] ThirdParty:1030 - CMSIS Pack Vendor :portGmbH I-Cube-SoM-uGOAL 1.1.0
2025-07-06 10:50:08,153 [INFO] ThirdParty:1030 - CMSIS Pack Vendor :STMicroelectronics X-CUBE-ALS 1.0.1
2025-07-06 10:50:08,153 [INFO] ThirdParty:1030 - CMSIS Pack Vendor :STMicroelectronics ThreadX 1.0.0
2025-07-06 10:50:08,153 [INFO] ThirdParty:1030 - CMSIS Pack Vendor :SEGGER I-CUBE-embOS 1.3.1
2025-07-06 10:50:08,153 [INFO] ThirdParty:1030 - CMSIS Pack Vendor :STMicroelectronics X-CUBE-ALGOBUILD 1.4.0
2025-07-06 10:50:08,153 [INFO] ThirdParty:1030 - CMSIS Pack Vendor :STMicroelectronics X-CUBE-MEMS1 11.3.0
2025-07-06 10:50:08,153 [INFO] ThirdParty:1030 - CMSIS Pack Vendor :STMicroelectronics X-CUBE-AZRTOS-H7RS 1.0.0
2025-07-06 10:50:08,153 [INFO] ThirdParty:1030 - CMSIS Pack Vendor :STMicroelectronics FP-ATR-ASTRA1 2.0.0
2025-07-06 10:50:08,153 [INFO] ThirdParty:1030 - CMSIS Pack Vendor :STMicroelectronics X-CUBE-TOF1 3.4.2
2025-07-06 10:50:08,153 [INFO] ThirdParty:1030 - CMSIS Pack Vendor :STMicroelectronics X-CUBE-AI 9.1.0
2025-07-06 10:50:08,153 [INFO] ThirdParty:1030 - CMSIS Pack Vendor :STMicroelectronics X-CUBE-TOF1 3.4.0
2025-07-06 10:50:08,153 [INFO] ThirdParty:1030 - CMSIS Pack Vendor :STMicroelectronics X-CUBE-AZRTOS-H7 3.2.0
2025-07-06 10:50:08,153 [INFO] ThirdParty:1030 - CMSIS Pack Vendor :wolfSSL I-CUBE-wolfSSH 1.4.17
2025-07-06 10:50:08,153 [INFO] ThirdParty:841 - exiting critical section [change project]
2025-07-06 10:50:08,297 [INFO] PinOutPanel:1499 - setPackage(No Configuration,No Configuration)
2025-07-06 10:50:08,297 [INFO] PinOutPanel:1499 - setPackage(STM32G474RETx,LQFP64)
2025-07-06 10:50:08,426 [INFO] UtilMem:75 - Before build in PCC Used Memory: 726123672 Bytes (1073741824)
2025-07-06 10:50:08,581 [INFO] UtilMem:75 - After build in PCC Used Memory: 824689816 Bytes (1073741824)
2025-07-06 10:50:08,597 [INFO] IPUIPlugin:80 - create IPUIPlugin
2025-07-06 10:50:08,597 [INFO] IPUIPlugin:80 - create IPUIPlugin
2025-07-06 10:50:08,598 [INFO] IPUIPlugin:80 - create IPUIPlugin
2025-07-06 10:50:08,598 [INFO] IPUIPlugin:80 - create IPUIPlugin
2025-07-06 10:50:08,598 [INFO] IPUIPlugin:80 - create IPUIPlugin
2025-07-06 10:50:08,598 [INFO] IPUIPlugin:80 - create IPUIPlugin
2025-07-06 10:50:08,598 [INFO] IPUIPlugin:80 - create IPUIPlugin
2025-07-06 10:50:08,598 [INFO] IPUIPlugin:80 - create IPUIPlugin
2025-07-06 10:50:08,598 [INFO] IPUIPlugin:80 - create IPUIPlugin
2025-07-06 10:50:08,598 [INFO] IPUIPlugin:80 - create IPUIPlugin
2025-07-06 10:50:08,598 [INFO] IPUIPlugin:80 - create IPUIPlugin
2025-07-06 10:50:08,598 [INFO] IPUIPlugin:80 - create IPUIPlugin
2025-07-06 10:50:08,598 [INFO] IPUIPlugin:80 - create IPUIPlugin
2025-07-06 10:50:08,598 [INFO] IPUIPlugin:80 - create IPUIPlugin
2025-07-06 10:50:08,598 [INFO] IPUIPlugin:80 - create IPUIPlugin
2025-07-06 10:50:08,598 [INFO] IPUIPlugin:80 - create IPUIPlugin
2025-07-06 10:50:08,598 [INFO] IPUIPlugin:80 - create IPUIPlugin
2025-07-06 10:50:08,598 [INFO] IPUIPlugin:80 - create IPUIPlugin
2025-07-06 10:50:08,598 [INFO] IPUIPlugin:80 - create IPUIPlugin
2025-07-06 10:50:08,598 [INFO] IPUIPlugin:80 - create IPUIPlugin
2025-07-06 10:50:08,598 [INFO] IPUIPlugin:80 - create IPUIPlugin
2025-07-06 10:50:08,598 [INFO] IPUIPlugin:80 - create IPUIPlugin
2025-07-06 10:50:08,598 [INFO] IPUIPlugin:80 - create IPUIPlugin
2025-07-06 10:50:08,599 [INFO] IPUIPlugin:80 - create IPUIPlugin
2025-07-06 10:50:08,599 [INFO] IPUIPlugin:80 - create IPUIPlugin
2025-07-06 10:50:08,599 [INFO] IPUIPlugin:80 - create IPUIPlugin
2025-07-06 10:50:08,599 [INFO] IPUIPlugin:80 - create IPUIPlugin
2025-07-06 10:50:08,599 [INFO] IPUIPlugin:80 - create IPUIPlugin
2025-07-06 10:50:08,599 [INFO] IPUIPlugin:80 - create IPUIPlugin
2025-07-06 10:50:08,599 [INFO] IPUIPlugin:80 - create IPUIPlugin
2025-07-06 10:50:08,599 [INFO] IPUIPlugin:80 - create IPUIPlugin
2025-07-06 10:50:08,599 [INFO] IPUIPlugin:80 - create IPUIPlugin
2025-07-06 10:50:08,599 [INFO] IPUIPlugin:80 - create IPUIPlugin
2025-07-06 10:50:08,599 [INFO] IPUIPlugin:80 - create IPUIPlugin
2025-07-06 10:50:08,599 [INFO] IPUIPlugin:80 - create IPUIPlugin
2025-07-06 10:50:08,599 [INFO] IPUIPlugin:80 - create IPUIPlugin
2025-07-06 10:50:08,599 [INFO] IPUIPlugin:80 - create IPUIPlugin
2025-07-06 10:50:08,600 [INFO] IPUIPlugin:80 - create IPUIPlugin
2025-07-06 10:50:08,600 [INFO] IPUIPlugin:80 - create IPUIPlugin
2025-07-06 10:50:08,600 [INFO] IPUIPlugin:80 - create IPUIPlugin
2025-07-06 10:50:08,600 [INFO] IPUIPlugin:80 - create IPUIPlugin
2025-07-06 10:50:08,600 [INFO] IPUIPlugin:80 - create IPUIPlugin
2025-07-06 10:50:08,600 [INFO] IPUIPlugin:80 - create IPUIPlugin
2025-07-06 10:50:08,600 [INFO] IPUIPlugin:80 - create IPUIPlugin
2025-07-06 10:50:08,600 [INFO] IPUIPlugin:80 - create IPUIPlugin
2025-07-06 10:50:08,600 [INFO] IPUIPlugin:80 - create IPUIPlugin
2025-07-06 10:50:08,600 [INFO] IPUIPlugin:80 - create IPUIPlugin
2025-07-06 10:50:08,601 [INFO] IPUIPlugin:80 - create IPUIPlugin
2025-07-06 10:50:08,601 [INFO] IPUIPlugin:80 - create IPUIPlugin
2025-07-06 10:50:08,601 [INFO] IPUIPlugin:80 - create IPUIPlugin
2025-07-06 10:50:08,601 [INFO] IPUIPlugin:80 - create IPUIPlugin
2025-07-06 10:50:08,601 [INFO] IPUIPlugin:80 - create IPUIPlugin
2025-07-06 10:50:08,601 [INFO] IPUIPlugin:80 - create IPUIPlugin
2025-07-06 10:50:08,602 [INFO] IPUIPlugin:80 - create IPUIPlugin
2025-07-06 10:50:08,602 [INFO] IPUIPlugin:80 - create IPUIPlugin
2025-07-06 10:50:08,602 [INFO] IPUIPlugin:80 - create IPUIPlugin
2025-07-06 10:50:08,602 [INFO] IPUIPlugin:80 - create IPUIPlugin
2025-07-06 10:50:08,603 [INFO] IPUIPlugin:80 - create IPUIPlugin
2025-07-06 10:50:08,603 [INFO] IPUIPlugin:80 - create IPUIPlugin
2025-07-06 10:50:08,603 [INFO] IPUIPlugin:80 - create IPUIPlugin
2025-07-06 10:50:08,603 [INFO] IPUIPlugin:80 - create IPUIPlugin
2025-07-06 10:50:08,603 [INFO] IPUIPlugin:80 - create IPUIPlugin
2025-07-06 10:50:08,603 [INFO] IPUIPlugin:80 - create IPUIPlugin
2025-07-06 10:50:08,604 [INFO] IPUIPlugin:80 - create IPUIPlugin
2025-07-06 10:50:08,604 [INFO] IPUIPlugin:80 - create IPUIPlugin
2025-07-06 10:50:08,604 [INFO] IPUIPlugin:80 - create IPUIPlugin
2025-07-06 10:50:08,604 [INFO] IPUIPlugin:80 - create IPUIPlugin
2025-07-06 10:50:08,604 [INFO] IPUIPlugin:80 - create IPUIPlugin
2025-07-06 10:50:08,604 [INFO] IPUIPlugin:80 - create IPUIPlugin
2025-07-06 10:50:08,605 [INFO] IPUIPlugin:80 - create IPUIPlugin
2025-07-06 10:50:08,605 [INFO] IPUIPlugin:80 - create IPUIPlugin
2025-07-06 10:50:08,605 [INFO] IPUIPlugin:80 - create IPUIPlugin
2025-07-06 10:50:08,605 [INFO] IPUIPlugin:80 - create IPUIPlugin
2025-07-06 10:50:08,605 [INFO] IPUIPlugin:80 - create IPUIPlugin
2025-07-06 10:50:08,606 [INFO] IPUIPlugin:80 - create IPUIPlugin
2025-07-06 10:50:08,606 [INFO] IPUIPlugin:80 - create IPUIPlugin
2025-07-06 10:50:08,606 [INFO] IPUIPlugin:80 - create IPUIPlugin
2025-07-06 10:50:08,649 [INFO] CADModel:165 - CPN selected for project levelSTM32G474RET6
2025-07-06 10:50:08,649 [INFO] CADModel:114 - Register for checkConnection events
2025-07-06 10:50:08,697 [INFO] OpenFileManager:343 - Restore cursor
2025-07-06 10:50:25,703 [INFO] ADCParametersView:116 -                Rank 1 : false
2025-07-06 10:50:25,726 [INFO] ADCParametersView:116 -                Rank 1 : false
2025-07-06 10:50:25,726 [INFO] ADCParametersView:116 -                Rank 1 : false
2025-07-06 10:50:25,726 [INFO] ADCParametersView:116 -                Rank 1 : false
2025-07-06 10:50:25,726 [INFO] ADCParametersView:116 -                Rank 1 : false
2025-07-06 10:50:25,726 [INFO] ADCParametersView:116 -                Rank 1 : false
2025-07-06 10:50:25,726 [INFO] ADCParametersView:116 -                Rank 1 : false
2025-07-06 10:50:25,726 [INFO] ADCParametersView:116 -                Rank 1 : false
2025-07-06 10:50:25,726 [INFO] ADCParametersView:116 -                Rank 1 : false
2025-07-06 10:50:25,726 [INFO] ADCParametersView:116 -                Rank 1 : false
2025-07-06 10:50:25,726 [INFO] ADCParametersView:116 -                Rank 1 : false
2025-07-06 10:50:25,726 [INFO] ADCParametersView:116 -                Rank 1 : false
2025-07-06 10:50:25,726 [INFO] ADCParametersView:116 -                Rank 1 : false
2025-07-06 10:50:25,726 [INFO] ADCParametersView:116 -                Rank 1 : false
2025-07-06 10:50:25,726 [INFO] ADCParametersView:116 -                Rank 1 : false
2025-07-06 10:50:25,726 [INFO] ADCParametersView:116 -                Rank 1 : false
2025-07-06 10:50:25,726 [INFO] ADCParametersView:116 -                Rank 1 : false
2025-07-06 10:50:25,726 [INFO] ADCParametersView:116 -                Rank 1 : false
2025-07-06 10:50:25,726 [INFO] ADCParametersView:116 -                Rank 1 : false
2025-07-06 10:50:25,726 [INFO] ADCParametersView:116 -                Rank 1 : false
2025-07-06 10:50:25,726 [INFO] ADCParametersView:116 -                Rank 1 : false
2025-07-06 10:50:25,726 [INFO] ADCParametersView:116 -                Rank 1 : false
2025-07-06 10:50:25,736 [INFO] ADCParametersView:116 -                Rank 1 : false
