2025-08-18 11:58:54,771 [INFO] Activator:176 - 


2025-08-18 11:58:54,771 [INFO] Activator:177 - !SESSION log4j initialized
2025-08-18 11:59:00,106 [INFO] LogOutputStream:77 - [STDOUT_REDIRECT] 
2025-08-18 11:59:05,043 [INFO] ApplicationProperties:184 - Using Application install path: D:\Program Files\STM32CubeIDE_1.14.1\STM32CubeIDE\plugins\com.st.stm32cube.common.mx_6.10.0.202311202037
2025-08-18 11:59:05,060 [INFO] DbMcusXml:78 - Set database path to: D:\Program Files\STM32CubeIDE_1.14.1\STM32CubeIDE\plugins\com.st.stm32cube.common.mx_6.10.0.202311202037\\db\/mcu/
2025-08-18 11:59:05,061 [INFO] ApiDb:274 - Set plugin database path to: D:\Program Files\STM32CubeIDE_1.14.1\STM32CubeIDE\plugins\com.st.stm32cube.common.mx_6.10.0.202311202037\\db\/plugins/boardmanager/
2025-08-18 11:59:05,061 [WARN] ApiDb:259 - Overriding images path with different value:  => D:\Program Files\STM32CubeIDE_1.14.1\STM32CubeIDE\plugins\com.st.stm32cube.common.mx_6.10.0.202311202037\\db\/plugins/mcufinder/images/
2025-08-18 11:59:05,069 [INFO] ApiDb:250 - Set database path to: C:\Users\abhim\.stmcufinder\plugins\mcufinder//mcu/
2025-08-18 11:59:05,071 [INFO] DbMcusAds:125 - Set database path to: C:\Users\abhim\.stmcufinder\plugins\mcufinder//mcu/
2025-08-18 11:59:05,073 [INFO] CrossReferenceDbSqlite:203 - Set database path to: C:\Users\abhim\.stmcufinder\plugins\mcufinder//mcu/cs/
2025-08-18 11:59:05,195 [INFO] RulesReader:64 - Compatibility file has been processed (297 Rules)
2025-08-18 11:59:05,277 [INFO] DbMcusXml:78 - Set database path to: D:\Program Files\STM32CubeIDE_1.14.1\STM32CubeIDE\plugins\com.st.stm32cube.common.mx_6.10.0.202311202037\\db\/mcu/
2025-08-18 11:59:05,277 [INFO] ApiDb:274 - Set plugin database path to: D:\Program Files\STM32CubeIDE_1.14.1\STM32CubeIDE\plugins\com.st.stm32cube.common.mx_6.10.0.202311202037\\db\/plugins/boardmanager/
2025-08-18 11:59:05,277 [INFO] ApiDb:261 - Set plugin images path to: D:\Program Files\STM32CubeIDE_1.14.1\STM32CubeIDE\plugins\com.st.stm32cube.common.mx_6.10.0.202311202037\\db\/plugins/mcufinder/images/
2025-08-18 11:59:05,277 [WARN] DbFile:41 - Overriding database path with different value: C:\Users\abhim\.stmcufinder\plugins\mcufinder/ => C:\Users\abhim\.stmcufinder\plugins\mcufinder
2025-08-18 11:59:05,277 [INFO] ApiDb:250 - Set database path to: C:\Users\abhim\.stmcufinder\plugins\mcufinder//mcu/
2025-08-18 11:59:05,277 [WARN] DbFile:41 - Overriding database path with different value: C:\Users\abhim\.stmcufinder\plugins\mcufinder/ => C:\Users\abhim\.stmcufinder\plugins\mcufinder
2025-08-18 11:59:05,278 [INFO] DbMcusAds:125 - Set database path to: C:\Users\abhim\.stmcufinder\plugins\mcufinder//mcu/
2025-08-18 11:59:05,278 [WARN] DbFile:41 - Overriding database path with different value: C:\Users\abhim\.stmcufinder\plugins\mcufinder/ => C:\Users\abhim\.stmcufinder\plugins\mcufinder
2025-08-18 11:59:05,278 [WARN] DbFile:41 - Overriding database path with different value: C:\Users\abhim\.stmcufinder\plugins\mcufinder/ => C:\Users\abhim\.stmcufinder\plugins\mcufinder
2025-08-18 11:59:05,278 [INFO] CrossReferenceDbSqlite:203 - Set database path to: C:\Users\abhim\.stmcufinder\plugins\mcufinder//mcu/cs/
2025-08-18 11:59:05,353 [INFO] MainPanel:264 - HeapMemory: 268435456
2025-08-18 11:59:05,435 [INFO] DbMcusXml:78 - Set database path to: D:\Program Files\STM32CubeIDE_1.14.1\STM32CubeIDE\plugins\com.st.stm32cube.common.mx_6.10.0.202311202037\\db\/mcu/
2025-08-18 11:59:05,435 [INFO] ApiDb:274 - Set plugin database path to: D:\Program Files\STM32CubeIDE_1.14.1\STM32CubeIDE\plugins\com.st.stm32cube.common.mx_6.10.0.202311202037\\db\/plugins/boardmanager/
2025-08-18 11:59:05,435 [INFO] ApiDb:261 - Set plugin images path to: D:\Program Files\STM32CubeIDE_1.14.1\STM32CubeIDE\plugins\com.st.stm32cube.common.mx_6.10.0.202311202037\\db\/plugins/mcufinder/images/
2025-08-18 11:59:05,435 [WARN] DbFile:41 - Overriding database path with different value: C:\Users\abhim\.stmcufinder\plugins\mcufinder/ => C:\Users\abhim\.stmcufinder\plugins\mcufinder
2025-08-18 11:59:05,435 [INFO] ApiDb:250 - Set database path to: C:\Users\abhim\.stmcufinder\plugins\mcufinder//mcu/
2025-08-18 11:59:05,436 [WARN] DbFile:41 - Overriding database path with different value: C:\Users\abhim\.stmcufinder\plugins\mcufinder/ => C:\Users\abhim\.stmcufinder\plugins\mcufinder
2025-08-18 11:59:05,436 [INFO] DbMcusAds:125 - Set database path to: C:\Users\abhim\.stmcufinder\plugins\mcufinder//mcu/
2025-08-18 11:59:05,436 [WARN] DbFile:41 - Overriding database path with different value: C:\Users\abhim\.stmcufinder\plugins\mcufinder/ => C:\Users\abhim\.stmcufinder\plugins\mcufinder
2025-08-18 11:59:05,436 [WARN] DbFile:41 - Overriding database path with different value: C:\Users\abhim\.stmcufinder\plugins\mcufinder/ => C:\Users\abhim\.stmcufinder\plugins\mcufinder
2025-08-18 11:59:05,436 [INFO] CrossReferenceDbSqlite:203 - Set database path to: C:\Users\abhim\.stmcufinder\plugins\mcufinder//mcu/cs/
2025-08-18 11:59:05,452 [INFO] ApplicationProperties:184 - Using Application install path: D:\Program Files\STM32CubeIDE_1.14.1\STM32CubeIDE\plugins\com.st.stm32cube.common.mx_6.10.0.202311202037
2025-08-18 11:59:05,453 [INFO] PluginManage:196 - Search for loadable plugins [exclusion list=, ]
2025-08-18 11:59:05,455 [INFO] PluginManage:310 - Check plugin analytics
2025-08-18 11:59:05,608 [INFO] AnalyticsPlugin:253 - Accepted Software Licenses: 
2025-08-18 11:59:05,608 [INFO] AnalyticsPlugin:255 - Accepted CMSIS Pack Licenses: 
2025-08-18 11:59:05,608 [INFO] AnalyticsPlugin:257 - Accepted Firmware Licenses: FW.G4.1.5.0
2025-08-18 11:59:05,610 [INFO] PluginManage:359 - Loaded plugin analytics (category:tool,tabindex:-1)
2025-08-18 11:59:05,611 [INFO] PluginManage:310 - Check plugin cadmodel
2025-08-18 11:59:05,631 [INFO] CADModel:105 - Init CAD model plugin
2025-08-18 11:59:05,632 [INFO] PluginManage:359 - Loaded plugin cadmodel (category:power,tabindex:5)
2025-08-18 11:59:05,632 [INFO] PluginManage:310 - Check plugin clock
2025-08-18 11:59:05,652 [INFO] PluginManage:359 - Loaded plugin clock (category:base,tabindex:2)
2025-08-18 11:59:05,653 [INFO] PluginManage:310 - Check plugin ddr
2025-08-18 11:59:05,654 [INFO] PluginManage:359 - Loaded plugin ddr (category:tool,tabindex:6)
2025-08-18 11:59:05,655 [INFO] PluginManage:310 - Check plugin filemanager
2025-08-18 11:59:05,773 [INFO] PluginManage:359 - Loaded plugin filemanager (category:base,tabindex:10)
2025-08-18 11:59:05,773 [INFO] PluginManage:310 - Check plugin ipmanager
2025-08-18 11:59:05,779 [INFO] PluginManage:359 - Loaded plugin ipmanager (category:base,tabindex:5)
2025-08-18 11:59:05,779 [INFO] PluginManage:310 - Check plugin lpbam
2025-08-18 11:59:05,796 [INFO] PluginManage:359 - Loaded plugin lpbam (category:base,tabindex:0)
2025-08-18 11:59:05,796 [INFO] PluginManage:310 - Check plugin memorymap
2025-08-18 11:59:05,818 [INFO] PluginManage:359 - Loaded plugin memorymap (category:base,tabindex:4)
2025-08-18 11:59:05,818 [INFO] PluginManage:310 - Check plugin pinoutandconfiguration
2025-08-18 11:59:05,834 [INFO] PluginManage:359 - Loaded plugin pinoutandconfiguration (category:base,tabindex:1)
2025-08-18 11:59:05,834 [INFO] PluginManage:310 - Check plugin pinoutconfig
2025-08-18 11:59:05,924 [WARN] SupportedApi:132 - Cannot load RTOS API schema: s4s-elt-must-match.1: The content of 'definitions' must match (annotation?, (simpleType | complexType)?, (unique | key | keyref)*)). A problem was found starting at: attribute.
2025-08-18 11:59:06,033 [INFO] PluginManage:359 - Loaded plugin pinoutconfig (category:base,tabindex:0)
2025-08-18 11:59:06,033 [INFO] PluginManage:310 - Check plugin power
2025-08-18 11:59:06,055 [INFO] PluginManage:359 - Loaded plugin power (category:power,tabindex:4)
2025-08-18 11:59:06,055 [INFO] PluginManage:310 - Check plugin projectmanager
2025-08-18 11:59:06,069 [INFO] PluginManage:359 - Loaded plugin projectmanager (category:projectmanager,tabindex:3)
2025-08-18 11:59:06,069 [INFO] PluginManage:310 - Check plugin thirdparty
2025-08-18 11:59:06,346 [INFO] PluginManage:359 - Loaded plugin thirdparty (category:base,tabindex:-1)
2025-08-18 11:59:06,346 [WARN] IntegrityCheckThread:84 - waiting for thirdparty lock release [integrity check]
2025-08-18 11:59:06,346 [INFO] PluginManage:310 - Check plugin tools
2025-08-18 11:59:06,346 [INFO] IntegrityCheckThread:86 - entering critical section [integrity check]
2025-08-18 11:59:06,346 [INFO] ThirdPartyUpdaterWithRetryManager:70 - Updater plugin not ready yet. [1/15]
2025-08-18 11:59:06,383 [INFO] PluginManage:359 - Loaded plugin tools (category:base,tabindex:7)
2025-08-18 11:59:06,383 [INFO] PluginManage:310 - Check plugin tutovideos
2025-08-18 11:59:06,547 [INFO] PluginManage:359 - Loaded plugin tutovideos (category:base,tabindex:-1)
2025-08-18 11:59:06,547 [INFO] PluginManage:310 - Check plugin updater
2025-08-18 11:59:06,558 [INFO] PluginManage:359 - Loaded plugin updater (category:base,tabindex:12)
2025-08-18 11:59:06,558 [INFO] PluginManage:310 - Check plugin userauth
2025-08-18 11:59:06,564 [INFO] UserAuth:114 - Init User Auth plugin
2025-08-18 11:59:06,564 [INFO] PluginManage:359 - Loaded plugin userauth (category:base,tabindex:14)
2025-08-18 11:59:06,564 [INFO] PluginManage:283 - PluginManage : Loaded plugins [17]
2025-08-18 11:59:06,743 [INFO] PinOutPanel:1499 - setPackage(No Configuration,No Configuration)
2025-08-18 11:59:06,806 [INFO] CADModel:165 - CPN selected for project level
2025-08-18 11:59:06,806 [INFO] CADModel:114 - Register for checkConnection events
2025-08-18 11:59:06,830 [INFO] IPUIPlugin:80 - create IPUIPlugin
2025-08-18 11:59:06,830 [INFO] PluginManager:220 - loadIPPluginJar : add adc
2025-08-18 11:59:06,866 [INFO] IPUIPlugin:80 - create IPUIPlugin
2025-08-18 11:59:06,866 [INFO] PluginManager:220 - loadIPPluginJar : add aes
2025-08-18 11:59:06,907 [INFO] IPUIPlugin:80 - create IPUIPlugin
2025-08-18 11:59:06,907 [INFO] PluginManager:220 - loadIPPluginJar : add can
2025-08-18 11:59:06,934 [INFO] IPUIPlugin:80 - create IPUIPlugin
2025-08-18 11:59:06,934 [INFO] PluginManager:220 - loadIPPluginJar : add comp
2025-08-18 11:59:06,968 [INFO] IPUIPlugin:80 - create IPUIPlugin
2025-08-18 11:59:06,968 [INFO] PluginManager:220 - loadIPPluginJar : add cryp
2025-08-18 11:59:07,000 [INFO] IPUIPlugin:80 - create IPUIPlugin
2025-08-18 11:59:07,000 [INFO] PluginManager:220 - loadIPPluginJar : add dfsdm
2025-08-18 11:59:07,015 [INFO] IPUIPlugin:80 - create IPUIPlugin
2025-08-18 11:59:07,015 [INFO] PluginManager:220 - loadIPPluginJar : add dma
2025-08-18 11:59:07,060 [INFO] IPUIPlugin:80 - create IPUIPlugin
2025-08-18 11:59:07,060 [INFO] PluginManager:220 - loadIPPluginJar : add dma3
2025-08-18 11:59:07,083 [INFO] IPUIPlugin:80 - create IPUIPlugin
2025-08-18 11:59:07,083 [INFO] PluginManager:220 - loadIPPluginJar : add fatfs
2025-08-18 11:59:07,130 [INFO] IPUIPlugin:80 - create IPUIPlugin
2025-08-18 11:59:07,130 [INFO] PluginManager:220 - loadIPPluginJar : add fmc
2025-08-18 11:59:07,145 [INFO] IPUIPlugin:80 - create IPUIPlugin
2025-08-18 11:59:07,146 [INFO] PluginManager:220 - loadIPPluginJar : add freertos
2025-08-18 11:59:07,168 [INFO] IPUIPlugin:80 - create IPUIPlugin
2025-08-18 11:59:07,168 [INFO] PluginManager:220 - loadIPPluginJar : add genericplugin
2025-08-18 11:59:07,261 [INFO] IPUIPlugin:80 - create IPUIPlugin
2025-08-18 11:59:07,261 [INFO] PluginManager:220 - loadIPPluginJar : add gfxmmu
2025-08-18 11:59:07,386 [INFO] IPUIPlugin:80 - create IPUIPlugin
2025-08-18 11:59:07,386 [INFO] PluginManager:220 - loadIPPluginJar : add gic
2025-08-18 11:59:07,402 [INFO] IPUIPlugin:80 - create IPUIPlugin
2025-08-18 11:59:07,402 [INFO] PluginManager:220 - loadIPPluginJar : add gpio
2025-08-18 11:59:07,487 [INFO] IPUIPlugin:80 - create IPUIPlugin
2025-08-18 11:59:07,487 [INFO] PluginManager:220 - loadIPPluginJar : add gtzc
2025-08-18 11:59:07,521 [INFO] IPUIPlugin:80 - create IPUIPlugin
2025-08-18 11:59:07,521 [INFO] PluginManager:220 - loadIPPluginJar : add hash
2025-08-18 11:59:07,573 [INFO] IPUIPlugin:80 - create IPUIPlugin
2025-08-18 11:59:07,574 [INFO] PluginManager:220 - loadIPPluginJar : add i2c
2025-08-18 11:59:07,612 [INFO] IPUIPlugin:80 - create IPUIPlugin
2025-08-18 11:59:07,613 [INFO] PluginManager:220 - loadIPPluginJar : add i2s
2025-08-18 11:59:07,657 [INFO] IPUIPlugin:80 - create IPUIPlugin
2025-08-18 11:59:07,658 [INFO] PluginManager:220 - loadIPPluginJar : add i3c
2025-08-18 11:59:07,751 [INFO] IPUIPlugin:80 - create IPUIPlugin
2025-08-18 11:59:07,751 [INFO] PluginManager:220 - loadIPPluginJar : add ipddr
2025-08-18 11:59:07,840 [INFO] IPUIPlugin:80 - create IPUIPlugin
2025-08-18 11:59:07,840 [INFO] PluginManager:220 - loadIPPluginJar : add linkedlist
2025-08-18 11:59:07,876 [INFO] IPUIPlugin:80 - create IPUIPlugin
2025-08-18 11:59:07,877 [INFO] PluginManager:220 - loadIPPluginJar : add lorawan
2025-08-18 11:59:07,914 [INFO] IPUIPlugin:80 - create IPUIPlugin
2025-08-18 11:59:07,914 [INFO] PluginManager:220 - loadIPPluginJar : add ltdc
2025-08-18 11:59:07,928 [INFO] IPUIPlugin:80 - create IPUIPlugin
2025-08-18 11:59:07,928 [INFO] PluginManager:220 - loadIPPluginJar : add mdma
2025-08-18 11:59:07,941 [INFO] IPUIPlugin:80 - create IPUIPlugin
2025-08-18 11:59:07,942 [INFO] PluginManager:220 - loadIPPluginJar : add nvic
2025-08-18 11:59:07,980 [INFO] IPUIPlugin:80 - create IPUIPlugin
2025-08-18 11:59:07,980 [INFO] PluginManager:220 - loadIPPluginJar : add opamp
2025-08-18 11:59:08,041 [INFO] IPUIPlugin:80 - create IPUIPlugin
2025-08-18 11:59:08,041 [INFO] PluginManager:220 - loadIPPluginJar : add openamp
2025-08-18 11:59:08,088 [INFO] IPUIPlugin:80 - create IPUIPlugin
2025-08-18 11:59:08,088 [INFO] PluginManager:220 - loadIPPluginJar : add pdm2pcm
2025-08-18 11:59:08,103 [INFO] IPUIPlugin:80 - create IPUIPlugin
2025-08-18 11:59:08,104 [INFO] PluginManager:220 - loadIPPluginJar : add plateformsettings
2025-08-18 11:59:08,130 [INFO] IPUIPlugin:80 - create IPUIPlugin
2025-08-18 11:59:08,130 [INFO] PluginManager:220 - loadIPPluginJar : add quadspi
2025-08-18 11:59:08,144 [INFO] IPUIPlugin:80 - create IPUIPlugin
2025-08-18 11:59:08,144 [INFO] PluginManager:220 - loadIPPluginJar : add resmgrutility
2025-08-18 11:59:08,190 [INFO] IPUIPlugin:80 - create IPUIPlugin
2025-08-18 11:59:08,190 [INFO] PluginManager:220 - loadIPPluginJar : add sai
2025-08-18 11:59:08,227 [INFO] IPUIPlugin:80 - create IPUIPlugin
2025-08-18 11:59:08,227 [INFO] PluginManager:220 - loadIPPluginJar : add spi
2025-08-18 11:59:08,291 [INFO] IPUIPlugin:80 - create IPUIPlugin
2025-08-18 11:59:08,291 [INFO] PluginManager:220 - loadIPPluginJar : add stm32_wpan
2025-08-18 11:59:08,321 [INFO] IPUIPlugin:80 - create IPUIPlugin
2025-08-18 11:59:08,321 [INFO] PluginManager:220 - loadIPPluginJar : add tim
2025-08-18 11:59:08,374 [INFO] IPUIPlugin:80 - create IPUIPlugin
2025-08-18 11:59:08,375 [INFO] PluginManager:220 - loadIPPluginJar : add touchsensing
2025-08-18 11:59:08,402 [INFO] IPUIPlugin:80 - create IPUIPlugin
2025-08-18 11:59:08,402 [INFO] PluginManager:220 - loadIPPluginJar : add tracer_emb
2025-08-18 11:59:08,428 [INFO] IPUIPlugin:80 - create IPUIPlugin
2025-08-18 11:59:08,428 [INFO] PluginManager:220 - loadIPPluginJar : add ts
2025-08-18 11:59:08,453 [INFO] IPUIPlugin:80 - create IPUIPlugin
2025-08-18 11:59:08,453 [INFO] PluginManager:220 - loadIPPluginJar : add tsc
2025-08-18 11:59:08,483 [INFO] IPUIPlugin:80 - create IPUIPlugin
2025-08-18 11:59:08,483 [INFO] PluginManager:220 - loadIPPluginJar : add ucpd
2025-08-18 11:59:08,533 [INFO] IPUIPlugin:80 - create IPUIPlugin
2025-08-18 11:59:08,533 [INFO] PluginManager:220 - loadIPPluginJar : add usart
2025-08-18 11:59:08,575 [INFO] IPUIPlugin:80 - create IPUIPlugin
2025-08-18 11:59:08,575 [INFO] PluginManager:220 - loadIPPluginJar : add usbx
2025-08-18 11:59:08,690 [INFO] CADModel:165 - CPN selected for project level
2025-08-18 11:59:08,690 [INFO] CADModel:114 - Register for checkConnection events
2025-08-18 11:59:08,691 [FATAL] Updater:308 - Updater called before beeing initialized
2025-08-18 11:59:08,691 [ERROR] CADModel:125 - Updater not yet initialized, retry later 
2025-08-18 11:59:08,802 [INFO] CADModel:165 - CPN selected for project level
2025-08-18 11:59:08,803 [INFO] CADModel:114 - Register for checkConnection events
2025-08-18 11:59:08,803 [FATAL] Updater:308 - Updater called before beeing initialized
2025-08-18 11:59:08,803 [ERROR] CADModel:125 - Updater not yet initialized, retry later 
2025-08-18 11:59:08,806 [FATAL] Updater:308 - Updater called before beeing initialized
2025-08-18 11:59:08,895 [FATAL] Updater:308 - Updater called before beeing initialized
2025-08-18 11:59:08,906 [INFO] DbMcusAds:53 - JSON generation date=Thu Jun 19 10:32:37 CEST 2025 (1750321957418)
2025-08-18 11:59:08,906 [FATAL] Updater:308 - Updater called before beeing initialized
2025-08-18 11:59:08,979 [WARN] DetailPanel:346 - Failed to get advertising image, set to default
2025-08-18 11:59:09,065 [FATAL] Updater:308 - Updater called before beeing initialized
2025-08-18 11:59:09,066 [FATAL] Updater:308 - Updater called before beeing initialized
2025-08-18 11:59:09,066 [FATAL] Updater:308 - Updater called before beeing initialized
2025-08-18 11:59:09,066 [WARN] DetailPanel:346 - Failed to get advertising image, set to default
2025-08-18 11:59:09,067 [FATAL] Updater:308 - Updater called before beeing initialized
2025-08-18 11:59:09,138 [ERROR] Updater:1120 - MainUpdater not yet initialized. External WinMGr cannot be set.
2025-08-18 11:59:09,151 [INFO] Updater:1056 - Updater Version found : 6.10.0
2025-08-18 11:59:09,165 [INFO] ApplicationProperties:184 - Using Application install path: D:\Program Files\STM32CubeIDE_1.14.1\STM32CubeIDE\plugins\com.st.stm32cube.common.mx_6.10.0.202311202037
2025-08-18 11:59:09,348 [INFO] ThirdPartyUpdaterWithRetryManager:70 - Updater plugin not ready yet. [2/15]
2025-08-18 11:59:10,746 [ERROR] LogOutputStream:75 - [STDERR_REDIRECT] Aug 18, 2025 11:59:10 AM java.util.prefs.WindowsPreferences <init>
2025-08-18 11:59:10,747 [ERROR] LogOutputStream:75 - [STDERR_REDIRECT] WARNING: Could not open/create prefs root node Software\JavaSoft\Prefs at root 0xffffffff80000002. Windows RegCreateKeyEx(...) returned error code 5.
2025-08-18 11:59:10,747 [ERROR] LogOutputStream:75 - [STDERR_REDIRECT] 
2025-08-18 11:59:10,972 [INFO] MainUpdater:2873 - connection check result : 10
2025-08-18 11:59:10,972 [INFO] MainUpdater:3567 - Updater definition file requires update
2025-08-18 11:59:10,973 [INFO] MainUpdater:290 - Updater Check For Update Now.
2025-08-18 11:59:10,974 [INFO] MicroXplorer:498 - Change Database Version : DB.6.0.100
2025-08-18 11:59:10,995 [INFO] McuFinderGlobals:63 - Set McuFinder mode to 2 (CubeIDE integrated)
2025-08-18 11:59:11,036 [INFO] ServerAccessManage:473 - Download File updaters.zip
2025-08-18 11:59:11,119 [INFO] FileExtend:240 - Unzip File : updaters.zip
2025-08-18 11:59:11,119 [INFO] FileExtend:255 - Standard Zip Deflate
2025-08-18 11:59:11,258 [INFO] UserAuth:404 - Internet connection configuration mode: 1
2025-08-18 11:59:11,342 [INFO] JxBrowserEngine:152 - Initiate JxBrowser Engine with user profile folder
2025-08-18 11:59:11,774 [INFO] ServerAccessManage:473 - Download File PacksControlFlags.xml
2025-08-18 11:59:11,896 [INFO] ServerAccessManage:473 - Download File cubemx.pidx
2025-08-18 11:59:12,143 [INFO] LoadServerUpdatesThread:375 - End of LoadServerUpdate Thread
2025-08-18 11:59:12,352 [WARN] MainUpdater:1194 - Updater busy. Cannot search thirdparties
2025-08-18 11:59:12,352 [INFO] ThirdPartyUpdaterWithRetryManager:96 - Updater plugin is busy. [1/15]
2025-08-18 11:59:12,482 [INFO] CheckServerUpdateThread:120 - End of CheckServer Thread
2025-08-18 11:59:15,284 [INFO] WebApp:161 - Instantiating new browser for Auth
2025-08-18 11:59:15,725 [WARN] PackLoader:240 - Cannot read IP mode file for STMicroelectronics.FP-SNS-MOTENVWB1.1.4.0
2025-08-18 11:59:15,749 [WARN] PackLoader:240 - Cannot read IP mode file for STMicroelectronics.FP-ATR-ASTRA1.2.0.2
2025-08-18 11:59:15,770 [WARN] PackLoader:240 - Cannot read IP mode file for STMicroelectronics.X-CUBE-SMBUS.2.1.0
2025-08-18 11:59:15,790 [WARN] PackLoader:240 - Cannot read IP mode file for STMicroelectronics.X-CUBE-WB05N.1.1.0
2025-08-18 11:59:15,815 [WARN] PackLoader:240 - Cannot read IP mode file for STMicroelectronics.X-CUBE-TOUCHGFX.4.23.0
2025-08-18 11:59:15,867 [WARN] PackLoader:240 - Cannot read IP mode file for STMicroelectronics.X-CUBE-AZRTOS-F7.1.1.0
2025-08-18 11:59:15,891 [WARN] PackLoader:240 - Cannot read IP mode file for STMicroelectronics.FP-SNS-MOTENV1.4.3.2
2025-08-18 11:59:15,992 [WARN] PackLoader:240 - Cannot read IP mode file for STMicroelectronics.X-CUBE-MEMS1.11.0.0
2025-08-18 11:59:16,151 [WARN] PackLoader:240 - Cannot read IP mode file for STMicroelectronics.FP-SNS-FLIGHT1.5.0.2
2025-08-18 11:59:16,191 [WARN] PackLoader:240 - Cannot read IP mode file for STMicroelectronics.X-CUBE-AZRTOS-H7.3.4.0
2025-08-18 11:59:16,204 [INFO] WebApp:780 - Register for checkConnection events
2025-08-18 11:59:16,205 [INFO] WebApp:414 - Apply proxy settings
2025-08-18 11:59:16,205 [INFO] WebApp:499 - Chromium requires no authentication
2025-08-18 11:59:16,216 [INFO] WebApp:442 - Direct internet connection detected
2025-08-18 11:59:16,218 [WARN] PackLoader:240 - Cannot read IP mode file for STMicroelectronics.X-CUBE-DISPLAY.3.0.0
2025-08-18 11:59:16,242 [WARN] PackLoader:240 - Cannot read IP mode file for STMicroelectronics.X-CUBE-BLE1.7.0.0
2025-08-18 11:59:16,265 [WARN] PackLoader:240 - Cannot read IP mode file for STMicroelectronics.X-CUBE-NFC10.1.0.0
2025-08-18 11:59:16,290 [WARN] PackLoader:240 - Cannot read IP mode file for STMicroelectronics.X-CUBE-BLEMGR.4.0.0
2025-08-18 11:59:16,315 [WARN] PackLoader:240 - Cannot read IP mode file for emotas.I-CUBE-CANOPEN.1.3.0
2025-08-18 11:59:16,347 [WARN] ConditionMgr:438 - getConditionDescription Invalid condition id : Cortex-A Device cause : null
2025-08-18 11:59:16,382 [WARN] ConditionMgr:1039 - genDependencies : Invalid condition id : Cortex-A Device cause : null
2025-08-18 11:59:16,383 [WARN] ConditionMgr:1039 - genDependencies : Invalid condition id : Cortex-A Device cause : null
2025-08-18 11:59:16,383 [WARN] ConditionMgr:1039 - genDependencies : Invalid condition id : Cortex-A Device cause : null
2025-08-18 11:59:16,406 [WARN] PackLoader:240 - Cannot read IP mode file for STMicroelectronics.X-CUBE-BLEMGR.3.1.0
2025-08-18 11:59:16,429 [WARN] PackLoader:240 - Cannot read IP mode file for STMicroelectronics.X-CUBE-AI.10.0.0
2025-08-18 11:59:16,450 [ERROR] Engine:466 - C:\Users\abhim\.stm32cubemx\thirdparties\pdsc\STMicroelectronics.FP-SNS-STBOX1.2.1.0.pdsc: PDSC version is not supported
2025-08-18 11:59:16,469 [WARN] PackLoader:240 - Cannot read IP mode file for STMicroelectronics.FP-SNS-SMARTAG2.1.2.0
2025-08-18 11:59:16,485 [ERROR] Engine:466 - C:\Users\abhim\.stm32cubemx\thirdparties\pdsc\STMicroelectronics.FP-SNS-FLIGHT1.5.1.0.pdsc: PDSC version is not supported
2025-08-18 11:59:16,521 [INFO] WebApp:192 - Starting web application
2025-08-18 11:59:16,521 [INFO] WebApp:544 - Web application path used D:\Program Files\STM32CubeIDE_1.14.1\STM32CubeIDE\plugins\com.st.stm32cube.common.mx_6.10.0.202311202037\db\plugins\mcufinder\reactClient1\index.html
2025-08-18 11:59:16,551 [WARN] PackLoader:240 - Cannot read IP mode file for STMicroelectronics.X-CUBE-MEMS1.11.1.0
2025-08-18 11:59:16,666 [INFO] LogOutputStream:77 - [STDOUT_REDIRECT] 1 : Invalid condition id : UX_CORESTACK_Condition cause : null
2025-08-18 11:59:16,666 [INFO] LogOutputStream:77 - [STDOUT_REDIRECT] 1 : Invalid condition id : UX_CORESTACK_Condition cause : null
2025-08-18 11:59:16,668 [INFO] LogOutputStream:77 - [STDOUT_REDIRECT] 1 : Invalid condition id : UX_CORESTACK_Condition cause : null
2025-08-18 11:59:16,669 [INFO] LogOutputStream:77 - [STDOUT_REDIRECT] 1 : Invalid condition id : UX_CORESTACK_Condition cause : null
2025-08-18 11:59:16,670 [INFO] LogOutputStream:77 - [STDOUT_REDIRECT] 1 : Invalid condition id : UX_CORESTACK_Condition cause : null
2025-08-18 11:59:16,672 [WARN] PackLoader:240 - Cannot read IP mode file for STMicroelectronics.X-CUBE-AZRTOS-WL.2.0.0
2025-08-18 11:59:16,691 [WARN] PackLoader:240 - Cannot read IP mode file for STMicroelectronics.FP-SNS-MOTENV1.5.0.0
2025-08-18 11:59:16,710 [WARN] PackLoader:240 - Cannot read IP mode file for wolfSSL.I-CUBE-wolfMQTT.1.19.0
2025-08-18 11:59:16,735 [WARN] PackLoader:240 - Cannot read IP mode file for WES.I-CUBE-Cesium.1.3.0
2025-08-18 11:59:16,755 [WARN] PackLoader:240 - Cannot read IP mode file for STMicroelectronics.X-CUBE-BLE2.3.3.0
2025-08-18 11:59:16,780 [WARN] PackLoader:240 - Cannot read IP mode file for STMicroelectronics.X-CUBE-NFC9.1.0.0
2025-08-18 11:59:16,801 [WARN] PackLoader:240 - Cannot read IP mode file for STMicroelectronics.X-CUBE-BLE1.7.1.0
2025-08-18 11:59:16,824 [WARN] PackLoader:240 - Cannot read IP mode file for STMicroelectronics.X-CUBE-TCPP.4.1.0
2025-08-18 11:59:16,852 [WARN] PackLoader:240 - Cannot read IP mode file for STMicroelectronics.X-CUBE-EEPRMA1.5.2.0
2025-08-18 11:59:16,872 [WARN] PackLoader:240 - Cannot read IP mode file for STMicroelectronics.X-CUBE-AI.10.1.0
2025-08-18 11:59:16,890 [WARN] PackLoader:240 - Cannot read IP mode file for STMicroelectronics.X-CUBE-ALGOBUILD.1.3.0
2025-08-18 11:59:16,937 [WARN] PackLoader:240 - Cannot read IP mode file for STMicroelectronics.X-CUBE-MEMS1.11.2.0
2025-08-18 11:59:17,053 [WARN] PackLoader:240 - Cannot read IP mode file for STMicroelectronics.X-CUBE-AZRTOS-G0.1.1.0
2025-08-18 11:59:17,072 [WARN] PackLoader:240 - Cannot read IP mode file for STMicroelectronics.X-CUBE-SAFEA1.1.2.2
2025-08-18 11:59:17,088 [WARN] PackLoader:240 - Cannot read IP mode file for STMicroelectronics.X-CUBE-NFC4.3.0.0
2025-08-18 11:59:17,107 [WARN] PackLoader:240 - Cannot read IP mode file for EmbeddedOffice.I-CUBE-FS-RTOS.1.0.1
2025-08-18 11:59:17,107 [ERROR] ConditionMgr:805 - Attr not supported : Dmpu
2025-08-18 11:59:17,107 [ERROR] ConditionMgr:805 - Attr not supported : Dmpu
2025-08-18 11:59:17,107 [ERROR] ConditionMgr:805 - Attr not supported : Dmpu
2025-08-18 11:59:17,108 [ERROR] ConditionMgr:805 - Attr not supported : Dmpu
2025-08-18 11:59:17,108 [ERROR] ConditionMgr:805 - Attr not supported : Dmpu
2025-08-18 11:59:17,108 [ERROR] ConditionMgr:805 - Attr not supported : Dmpu
2025-08-18 11:59:17,108 [ERROR] ConditionMgr:805 - Attr not supported : Dmpu
2025-08-18 11:59:17,108 [ERROR] ConditionMgr:805 - Attr not supported : Dmpu
2025-08-18 11:59:17,108 [ERROR] ConditionMgr:805 - Attr not supported : Dmpu
2025-08-18 11:59:17,108 [ERROR] ConditionMgr:805 - Attr not supported : Dmpu
2025-08-18 11:59:17,108 [ERROR] ConditionMgr:805 - Attr not supported : Dmpu
2025-08-18 11:59:17,108 [ERROR] ConditionMgr:805 - Attr not supported : Dmpu
2025-08-18 11:59:17,108 [ERROR] ConditionMgr:805 - Attr not supported : Dmpu
2025-08-18 11:59:17,108 [ERROR] ConditionMgr:805 - Attr not supported : Dmpu
2025-08-18 11:59:17,108 [ERROR] ConditionMgr:805 - Attr not supported : Dmpu
2025-08-18 11:59:17,108 [ERROR] ConditionMgr:805 - Attr not supported : Dmpu
2025-08-18 11:59:17,108 [ERROR] ConditionMgr:805 - Attr not supported : Dmpu
2025-08-18 11:59:17,108 [ERROR] ConditionMgr:805 - Attr not supported : Dmpu
2025-08-18 11:59:17,108 [ERROR] ConditionMgr:805 - Attr not supported : Dmpu
2025-08-18 11:59:17,108 [ERROR] ConditionMgr:805 - Attr not supported : Dmpu
2025-08-18 11:59:17,109 [ERROR] ConditionMgr:805 - Attr not supported : Dmpu
2025-08-18 11:59:17,109 [ERROR] ConditionMgr:805 - Attr not supported : Dmpu
2025-08-18 11:59:17,109 [ERROR] ConditionMgr:805 - Attr not supported : Dmpu
2025-08-18 11:59:17,109 [ERROR] ConditionMgr:805 - Attr not supported : Dmpu
2025-08-18 11:59:17,109 [ERROR] ConditionMgr:805 - Attr not supported : Dmpu
2025-08-18 11:59:17,109 [ERROR] ConditionMgr:805 - Attr not supported : Dmpu
2025-08-18 11:59:17,109 [ERROR] ConditionMgr:805 - Attr not supported : Dmpu
2025-08-18 11:59:17,109 [ERROR] ConditionMgr:805 - Attr not supported : Dmpu
2025-08-18 11:59:17,109 [ERROR] ConditionMgr:805 - Attr not supported : Dmpu
2025-08-18 11:59:17,109 [ERROR] ConditionMgr:805 - Attr not supported : Dmpu
2025-08-18 11:59:17,109 [ERROR] ConditionMgr:805 - Attr not supported : Dmpu
2025-08-18 11:59:17,109 [ERROR] ConditionMgr:805 - Attr not supported : Dmpu
2025-08-18 11:59:17,109 [ERROR] ConditionMgr:805 - Attr not supported : Dmpu
2025-08-18 11:59:17,109 [ERROR] ConditionMgr:805 - Attr not supported : Dmpu
2025-08-18 11:59:17,109 [ERROR] ConditionMgr:805 - Attr not supported : Dmpu
2025-08-18 11:59:17,109 [ERROR] ConditionMgr:805 - Attr not supported : Dmpu
2025-08-18 11:59:17,109 [ERROR] ConditionMgr:805 - Attr not supported : Dmpu
2025-08-18 11:59:17,110 [ERROR] ConditionMgr:805 - Attr not supported : Dmpu
2025-08-18 11:59:17,110 [ERROR] ConditionMgr:805 - Attr not supported : Dmpu
2025-08-18 11:59:17,110 [ERROR] ConditionMgr:805 - Attr not supported : Dmpu
2025-08-18 11:59:17,110 [ERROR] ConditionMgr:805 - Attr not supported : Dmpu
2025-08-18 11:59:17,110 [ERROR] ConditionMgr:805 - Attr not supported : Dmpu
2025-08-18 11:59:17,110 [ERROR] ConditionMgr:805 - Attr not supported : Dmpu
2025-08-18 11:59:17,110 [ERROR] ConditionMgr:805 - Attr not supported : Dmpu
2025-08-18 11:59:17,110 [ERROR] ConditionMgr:805 - Attr not supported : Dmpu
2025-08-18 11:59:17,110 [ERROR] ConditionMgr:805 - Attr not supported : Dmpu
2025-08-18 11:59:17,111 [ERROR] ConditionMgr:805 - Attr not supported : Dmpu
2025-08-18 11:59:17,111 [ERROR] ConditionMgr:805 - Attr not supported : Dmpu
2025-08-18 11:59:17,111 [ERROR] ConditionMgr:805 - Attr not supported : Dmpu
2025-08-18 11:59:17,111 [ERROR] ConditionMgr:805 - Attr not supported : Dmpu
2025-08-18 11:59:17,111 [ERROR] ConditionMgr:805 - Attr not supported : Dmpu
2025-08-18 11:59:17,111 [ERROR] ConditionMgr:805 - Attr not supported : Dmpu
2025-08-18 11:59:17,111 [ERROR] ConditionMgr:805 - Attr not supported : Dmpu
2025-08-18 11:59:17,111 [ERROR] ConditionMgr:805 - Attr not supported : Dmpu
2025-08-18 11:59:17,111 [ERROR] ConditionMgr:805 - Attr not supported : Dmpu
2025-08-18 11:59:17,112 [ERROR] ConditionMgr:805 - Attr not supported : Dmpu
2025-08-18 11:59:17,112 [ERROR] ConditionMgr:805 - Attr not supported : Dmpu
2025-08-18 11:59:17,112 [ERROR] ConditionMgr:805 - Attr not supported : Dmpu
2025-08-18 11:59:17,112 [ERROR] ConditionMgr:805 - Attr not supported : Dmpu
2025-08-18 11:59:17,112 [ERROR] ConditionMgr:805 - Attr not supported : Dmpu
2025-08-18 11:59:17,112 [ERROR] ConditionMgr:805 - Attr not supported : Dmpu
2025-08-18 11:59:17,112 [ERROR] ConditionMgr:805 - Attr not supported : Dmpu
2025-08-18 11:59:17,112 [ERROR] ConditionMgr:805 - Attr not supported : Dmpu
2025-08-18 11:59:17,112 [ERROR] ConditionMgr:805 - Attr not supported : Dmpu
2025-08-18 11:59:17,131 [WARN] PackLoader:240 - Cannot read IP mode file for STMicroelectronics.X-CUBE-WB05N.2.0.0
2025-08-18 11:59:17,147 [ERROR] Engine:466 - C:\Users\abhim\.stm32cubemx\thirdparties\pdsc\STMicroelectronics.X-CUBE-TCPP.4.2.0.pdsc: PDSC version is not supported
2025-08-18 11:59:17,163 [WARN] PackLoader:240 - Cannot read IP mode file for RealThread.X-CUBE-RT-Thread_Nano.4.1.1
2025-08-18 11:59:17,180 [WARN] PackLoader:240 - Cannot read IP mode file for STMicroelectronics.FP-ATR-SIGFOX1.3.2.0
2025-08-18 11:59:17,198 [WARN] PackLoader:240 - Cannot read IP mode file for STMicroelectronics.X-CUBE-EEPRMA1.5.1.0
2025-08-18 11:59:17,210 [ERROR] Engine:466 - C:\Users\abhim\.stm32cubemx\thirdparties\pdsc\STMicroelectronics.X-CUBE-ST67W61.1.0.0.pdsc: PDSC version is not supported
2025-08-18 11:59:17,222 [WARN] PackLoader:240 - Cannot read IP mode file for STMicroelectronics.X-CUBE-AI.10.2.0
2025-08-18 11:59:17,254 [WARN] PackLoader:240 - Cannot read IP mode file for SEGGER.I-CUBE-embOS.1.3.1
2025-08-18 11:59:17,293 [WARN] PackLoader:240 - Cannot read IP mode file for STMicroelectronics.X-CUBE-ALGOBUILD.1.4.0
2025-08-18 11:59:17,342 [WARN] PackLoader:240 - Cannot read IP mode file for STMicroelectronics.X-CUBE-MEMS1.11.3.0
2025-08-18 11:59:17,422 [WARN] PackLoader:240 - Cannot read IP mode file for STMicroelectronics.X-CUBE-AI.9.1.0
2025-08-18 11:59:17,438 [WARN] PackLoader:240 - Cannot read IP mode file for STMicroelectronics.X-CUBE-PM33A1.1.0.0
2025-08-18 11:59:17,455 [WARN] PackLoader:240 - Cannot read IP mode file for STMicroelectronics.X-CUBE-GNSS1.6.0.0
2025-08-18 11:59:17,492 [WARN] PackLoader:240 - Cannot read IP mode file for STMicroelectronics.X-CUBE-AZRTOS-F4.1.1.0
2025-08-18 11:59:17,513 [ERROR] Engine:466 - C:\Users\abhim\.stm32cubemx\thirdparties\pdsc\Avnet-IotConnect.X-CUBE-IoTC-DA16k-PMOD.1.0.0.pdsc: PDSC version is not supported
2025-08-18 11:59:17,532 [WARN] PackLoader:240 - Cannot read IP mode file for STMicroelectronics.X-CUBE-ISPU.2.1.0
2025-08-18 11:59:17,551 [WARN] PackLoader:240 - Cannot read IP mode file for STMicroelectronics.X-CUBE-FREERTOS.1.2.0
2025-08-18 11:59:17,571 [WARN] PackLoader:240 - Cannot read IP mode file for wolfSSL.I-CUBE-wolfSSL.5.6.6
2025-08-18 11:59:17,592 [WARN] PackLoader:240 - Cannot read IP mode file for STMicroelectronics.X-CUBE-NFC12.1.0.0
2025-08-18 11:59:17,620 [WARN] PackLoader:240 - Cannot read IP mode file for STMicroelectronics.X-CUBE-AZRTOS-L5.2.0.0
2025-08-18 11:59:17,637 [WARN] PackLoader:240 - Cannot read IP mode file for STMicroelectronics.X-CUBE-NFC6.3.1.0
2025-08-18 11:59:17,653 [WARN] PackLoader:240 - Cannot read IP mode file for ITTIA_DB.I-CUBE-ITTIADB.8.8.0
2025-08-18 11:59:17,668 [WARN] PackLoader:240 - Cannot read IP mode file for STMicroelectronics.X-CUBE-DPower.1.2.0
2025-08-18 11:59:17,683 [WARN] PackLoader:240 - Cannot read IP mode file for STMicroelectronics.X-CUBE-FREERTOS.1.3.1
2025-08-18 11:59:17,698 [WARN] PackLoader:240 - Cannot read IP mode file for STMicroelectronics.X-CUBE-FREERTOS.1.3.0
2025-08-18 11:59:17,713 [WARN] PackLoader:240 - Cannot read IP mode file for STMicroelectronics.X-CUBE-NFC7.1.0.1
2025-08-18 11:59:17,727 [WARN] PackLoader:240 - Cannot read IP mode file for STMicroelectronics.X-CUBE-NFC6.3.0.0
2025-08-18 11:59:17,741 [ERROR] Engine:466 - C:\Users\abhim\.stm32cubemx\thirdparties\pdsc\STMicroelectronics.FP-SNS-STAIOTCFT.1.0.0.pdsc: PDSC version is not supported
2025-08-18 11:59:17,754 [WARN] PackLoader:240 - Cannot read IP mode file for STMicroelectronics.X-CUBE-DPower.1.3.0
2025-08-18 11:59:17,768 [WARN] PackLoader:240 - Cannot read IP mode file for STMicroelectronics.X-CUBE-AI.8.1.0
2025-08-18 11:59:17,791 [WARN] ConditionMgr:438 - getConditionDescription Invalid condition id : LAN8742 Phy interface Condition cause : null
2025-08-18 11:59:17,791 [WARN] PackLoader:240 - Cannot read IP mode file for STMicroelectronics.X-CUBE-AZRTOS-L4.2.0.0
2025-08-18 11:59:17,792 [WARN] ConditionMgr:1039 - genDependencies : Invalid condition id : LAN8742 Phy interface Condition cause : null
2025-08-18 11:59:17,792 [WARN] ConditionMgr:1039 - genDependencies : Invalid condition id : LAN8742 Phy interface Condition cause : null
2025-08-18 11:59:17,792 [WARN] ConditionMgr:1039 - genDependencies : Invalid condition id : LAN8742 Phy interface Condition cause : null
2025-08-18 11:59:17,806 [WARN] PackLoader:240 - Cannot read IP mode file for STMicroelectronics.X-CUBE-SFXS2LP1.4.0.0
2025-08-18 11:59:17,833 [WARN] PackLoader:240 - Cannot read IP mode file for STMicroelectronics.X-CUBE-AZRTOS-H7.3.3.0
2025-08-18 11:59:17,849 [ERROR] Engine:466 - C:\Users\abhim\.stm32cubemx\thirdparties\pdsc\STMicroelectronics.X-CUBE-BLEMGR.4.1.0.pdsc: PDSC version is not supported
2025-08-18 11:59:17,866 [WARN] PackLoader:240 - Cannot read IP mode file for STMicroelectronics.X-CUBE-IPS.3.0.0
2025-08-18 11:59:17,904 [WARN] ConditionMgr:438 - getConditionDescription Invalid condition id : UX DEVICE CLASS RTOS Condition cause : null
2025-08-18 11:59:17,905 [WARN] ConditionMgr:438 - getConditionDescription Invalid condition id : UX DEVICE CLASS RTOS Condition cause : null
2025-08-18 11:59:17,906 [WARN] PackLoader:240 - Cannot read IP mode file for STMicroelectronics.X-CUBE-AZRTOS-WB.2.0.0
2025-08-18 11:59:17,906 [WARN] ConditionMgr:1039 - genDependencies : Invalid condition id : UX DEVICE CLASS RTOS Condition cause : null
2025-08-18 11:59:17,906 [WARN] ConditionMgr:1039 - genDependencies : Invalid condition id : UX DEVICE CLASS RTOS Condition cause : null
2025-08-18 11:59:17,906 [WARN] ConditionMgr:1039 - genDependencies : Invalid condition id : UX DEVICE CLASS RTOS Condition cause : null
2025-08-18 11:59:17,906 [WARN] ConditionMgr:1039 - genDependencies : Invalid condition id : UX DEVICE CLASS RTOS Condition cause : null
2025-08-18 11:59:17,906 [WARN] ConditionMgr:1039 - genDependencies : Invalid condition id : UX DEVICE CLASS RTOS Condition cause : null
2025-08-18 11:59:17,923 [WARN] PackLoader:240 - Cannot read IP mode file for STMicroelectronics.X-CUBE-GNSS1.7.0.0
2025-08-18 11:59:17,938 [WARN] PackLoader:240 - Cannot read IP mode file for STMicroelectronics.X-CUBE-GNSS1.7.0.1
2025-08-18 11:59:17,953 [WARN] PackLoader:240 - Cannot read IP mode file for STMicroelectronics.X-CUBE-TOUCHGFX.4.25.0
2025-08-18 11:59:17,969 [WARN] PackLoader:240 - Cannot read IP mode file for STMicroelectronics.FP-SNS-STBOX1.2.0.0
2025-08-18 11:59:17,990 [WARN] PackLoader:240 - Cannot read IP mode file for STMicroelectronics.X-CUBE-SUBG2.5.0.0
2025-08-18 11:59:18,016 [WARN] PackLoader:240 - Cannot read IP mode file for STMicroelectronics.X-CUBE-AZRTOS-H7RS.1.1.0
2025-08-18 11:59:18,032 [WARN] PackLoader:240 - Cannot read IP mode file for Cesanta.I-CUBE-Mongoose.7.13.0
2025-08-18 11:59:18,053 [WARN] PackLoader:240 - Cannot read IP mode file for STMicroelectronics.X-CUBE-AZRTOS-G4.2.0.0
2025-08-18 11:59:18,072 [WARN] PackLoader:240 - Cannot read IP mode file for Infineon.AIROC-Wi-Fi-Bluetooth-STM32.1.5.1
2025-08-18 11:59:18,086 [WARN] PackLoader:240 - Cannot read IP mode file for STMicroelectronics.X-CUBE-NFC7.2.0.0
2025-08-18 11:59:18,098 [WARN] PackLoader:240 - Cannot read IP mode file for STMicroelectronics.FP-SNS-MOTENVWB1.1.3.1
2025-08-18 11:59:18,109 [WARN] PackLoader:240 - Cannot read IP mode file for STMicroelectronics.X-CUBE-ISPU.2.0.0
2025-08-18 11:59:18,121 [ERROR] Engine:466 - C:\Users\abhim\.stm32cubemx\thirdparties\pdsc\STMicroelectronics.X-CUBE-IPS.3.1.0.pdsc: PDSC version is not supported
2025-08-18 11:59:18,134 [WARN] PackLoader:240 - Cannot read IP mode file for STMicroelectronics.X-CUBE-ALS.1.0.2
2025-08-18 11:59:18,165 [WARN] PackLoader:240 - Cannot read IP mode file for STMicroelectronics.X-CUBE-MEMS1.10.0.0
2025-08-18 11:59:18,244 [WARN] PackLoader:240 - Cannot read IP mode file for STMicroelectronics.X-CUBE-FREERTOS.1.1.0
2025-08-18 11:59:18,256 [WARN] PackLoader:240 - Cannot read IP mode file for STMicroelectronics.X-CUBE-TOUCHGFX.4.24.1
2025-08-18 11:59:18,269 [WARN] PackLoader:240 - Cannot read IP mode file for wolfSSL.I-CUBE-wolfTPM.3.4.0
2025-08-18 11:59:18,283 [WARN] PackLoader:240 - Cannot read IP mode file for portGmbH.I-Cube-SoM-uGOAL.1.1.0
2025-08-18 11:59:18,294 [WARN] PackLoader:240 - Cannot read IP mode file for STMicroelectronics.X-CUBE-ALS.1.0.1
2025-08-18 11:59:18,317 [WARN] PackLoader:240 - Cannot read IP mode file for STMicroelectronics.X-CUBE-AZRTOS-H7RS.1.0.0
2025-08-18 11:59:18,331 [WARN] PackLoader:240 - Cannot read IP mode file for STMicroelectronics.FP-ATR-ASTRA1.2.0.0
2025-08-18 11:59:18,348 [WARN] PackLoader:240 - Cannot read IP mode file for STMicroelectronics.X-CUBE-TOF1.3.4.2
2025-08-18 11:59:18,366 [ERROR] Engine:466 - C:\Users\abhim\.stm32cubemx\thirdparties\pdsc\STMicroelectronics.X-CUBE-TOF1.3.4.3.pdsc: PDSC version is not supported
2025-08-18 11:59:18,381 [WARN] PackLoader:240 - Cannot read IP mode file for STMicroelectronics.X-CUBE-TOF1.3.4.0
2025-08-18 11:59:18,410 [WARN] PackLoader:240 - Cannot read IP mode file for STMicroelectronics.X-CUBE-AZRTOS-H7.3.2.0
2025-08-18 11:59:18,423 [WARN] PackLoader:240 - Cannot read IP mode file for wolfSSL.I-CUBE-wolfSSH.1.4.17
2025-08-18 11:59:18,424 [INFO] ThirdParty:978 - Integrity check success = true
2025-08-18 11:59:18,424 [INFO] IntegrityCheckThread:100 - exiting critical section [integrity check]
2025-08-18 11:59:18,424 [INFO] IntegrityCheckThread:103 - End integrity checks thread
2025-08-18 11:59:30,134 [INFO] McuFinderGlobals:63 - Set McuFinder mode to 2 (CubeIDE integrated)
2025-08-18 11:59:30,164 [INFO] MainUpdater:2873 - connection check result : 10
2025-08-18 11:59:30,173 [INFO] MainUpdater:2873 - connection check result : 10
2025-08-18 11:59:30,377 [INFO] MicroXplorer:468 - Change Database Path : 
2025-08-18 11:59:30,378 [INFO] MicroXplorer:498 - Change Database Version : DB.6.0.100
2025-08-18 11:59:30,381 [WARN] ThirdParty:871 - waiting for thirdparty lock release [close project]
2025-08-18 11:59:30,381 [INFO] ThirdParty:873 - entering critical section [close project]
2025-08-18 11:59:30,382 [INFO] ThirdParty:883 - exiting critical section [close project]
2025-08-18 11:59:30,383 [INFO] PinOutPanel:1499 - setPackage(No Configuration,No Configuration)
2025-08-18 11:59:30,386 [INFO] UtilMem:75 - Begin LoadConfig() Used Memory: 270019480 Bytes (402653184)
2025-08-18 11:59:30,388 [INFO] MicroXplorer:468 - Change Database Path : 
2025-08-18 11:59:30,388 [INFO] MicroXplorer:498 - Change Database Version : DB.6.0.100
2025-08-18 11:59:30,388 [INFO] OpenFileManager:312 - Change cursor
2025-08-18 11:59:30,428 [INFO] Mcu:2016 - Initializing MCU STM32G474R(B-C-E)Tx STM32G474RETx STM32G474RET6
2025-08-18 11:59:34,260 [INFO] Context:659 - Trying to add GPIOservice into a context  which must be forbidden
2025-08-18 11:59:35,610 [INFO] RtosManager:555 - Registered RTOS mode: class=CMSIS, group=RTOS, mode=CMSIS_V1, owner=FREERTOS
2025-08-18 11:59:35,610 [INFO] RtosManager:555 - Registered RTOS mode: class=CMSIS, group=RTOS2, mode=CMSIS_V2, owner=FREERTOS
2025-08-18 11:59:35,611 [INFO] RtosManager:555 - Registered RTOS mode: class=RTOS, group=Core, mode=CMSIS_V1, owner=FREERTOS
2025-08-18 11:59:35,611 [INFO] RtosManager:555 - Registered RTOS mode: class=RTOS, group=Core, mode=CMSIS_V2, owner=FREERTOS
2025-08-18 11:59:35,611 [WARN] ModelIntegratedComponent:184 - Missing modes for component STMicroelectronics:FreeRTOS:0.0.1:STMicroelectronics:RTOS:FreeRTOS:Core:::10.2.0:
2025-08-18 11:59:35,616 [WARN] ModelIntegratedComponent:63 - No mode defined for component null
2025-08-18 11:59:35,616 [WARN] ModelIntegratedComponent:63 - No mode defined for component null
2025-08-18 11:59:35,616 [WARN] ModelIntegratedComponent:63 - No mode defined for component null
2025-08-18 11:59:35,616 [WARN] ModelIntegratedComponent:63 - No mode defined for component null
2025-08-18 11:59:35,616 [WARN] ModelIntegratedComponent:63 - No mode defined for component null
2025-08-18 11:59:35,616 [WARN] ModelIntegratedComponent:63 - No mode defined for component null
2025-08-18 11:59:35,616 [WARN] ModelIntegratedComponent:63 - No mode defined for component null
2025-08-18 11:59:35,616 [WARN] ModelIntegratedComponent:63 - No mode defined for component null
2025-08-18 11:59:35,616 [WARN] ModelIntegratedComponent:63 - No mode defined for component null
2025-08-18 11:59:35,617 [WARN] ModelIntegratedComponent:63 - No mode defined for component null
2025-08-18 11:59:35,617 [WARN] ModelIntegratedComponent:63 - No mode defined for component null
2025-08-18 11:59:35,617 [WARN] ModelIntegratedComponent:63 - No mode defined for component null
2025-08-18 11:59:35,617 [WARN] ModelIntegratedComponent:63 - No mode defined for component null
2025-08-18 11:59:35,617 [WARN] ModelIntegratedComponent:63 - No mode defined for component null
2025-08-18 11:59:35,617 [WARN] ModelIntegratedComponent:63 - No mode defined for component null
2025-08-18 11:59:35,617 [WARN] ModelIntegratedComponent:63 - No mode defined for component null
2025-08-18 11:59:35,617 [WARN] ModelIntegratedComponent:63 - No mode defined for component null
2025-08-18 11:59:35,617 [WARN] ModelIntegratedComponent:63 - No mode defined for component null
2025-08-18 11:59:35,617 [WARN] ModelIntegratedComponent:63 - No mode defined for component null
2025-08-18 11:59:35,617 [WARN] ModelIntegratedComponent:63 - No mode defined for component null
2025-08-18 11:59:35,617 [WARN] ModelIntegratedComponent:63 - No mode defined for component null
2025-08-18 11:59:35,617 [WARN] ModelIntegratedComponent:63 - No mode defined for component null
2025-08-18 11:59:35,617 [WARN] ModelIntegratedComponent:63 - No mode defined for component null
2025-08-18 11:59:35,617 [WARN] ModelIntegratedComponent:63 - No mode defined for component null
2025-08-18 11:59:35,617 [WARN] ModelIntegratedComponent:63 - No mode defined for component null
2025-08-18 11:59:35,617 [WARN] ModelIntegratedComponent:63 - No mode defined for component null
2025-08-18 11:59:35,617 [WARN] ModelIntegratedComponent:63 - No mode defined for component null
2025-08-18 11:59:35,617 [WARN] ModelIntegratedComponent:63 - No mode defined for component null
2025-08-18 11:59:35,617 [WARN] ModelIntegratedComponent:63 - No mode defined for component null
2025-08-18 11:59:35,617 [WARN] ModelIntegratedComponent:63 - No mode defined for component null
2025-08-18 11:59:35,617 [WARN] ModelIntegratedComponent:63 - No mode defined for component null
2025-08-18 11:59:35,617 [WARN] ModelIntegratedComponent:63 - No mode defined for component null
2025-08-18 11:59:35,617 [WARN] ModelIntegratedComponent:63 - No mode defined for component null
2025-08-18 11:59:35,827 [INFO] ThirdPartyModel:298 - Start build external matchings
2025-08-18 11:59:36,836 [INFO] ThirdPartyModel:316 - End build external matchings
2025-08-18 11:59:36,892 [INFO] ImportTextPane:194 - (OptionalMessage_ERROR) IP (ADC1) : Parameter (CommonPathInternal) has invalid value (null|null|null|null)
2025-08-18 11:59:36,893 [INFO] ImportTextPane:194 - (OptionalMessage_ERROR) IP (DMA) : Parameter (Instance) has Id (DAC1_CH1) currently not set
2025-08-18 11:59:36,893 [INFO] ImportTextPane:194 - (OptionalMessage_ERROR) IP (DMA) : Parameter (Request) has Id (DAC1_CH1) currently not set
2025-08-18 11:59:36,893 [INFO] ImportTextPane:194 - (OptionalMessage_ERROR) IP (DMA) : Parameter (Direction) has Id (DAC1_CH1) currently not set
2025-08-18 11:59:36,893 [INFO] ImportTextPane:194 - (OptionalMessage_ERROR) IP (DMA) : Parameter (PeriphInc) has Id (DAC1_CH1) currently not set
2025-08-18 11:59:36,893 [INFO] ImportTextPane:194 - (OptionalMessage_ERROR) IP (DMA) : Parameter (MemInc) has Id (DAC1_CH1) currently not set
2025-08-18 11:59:36,894 [INFO] ImportTextPane:194 - (OptionalMessage_ERROR) IP (DMA) : Parameter (PeriphDataAlignment) has Id (DAC1_CH1) currently not set
2025-08-18 11:59:36,894 [INFO] ImportTextPane:194 - (OptionalMessage_ERROR) IP (DMA) : Parameter (MemDataAlignment) has Id (DAC1_CH1) currently not set
2025-08-18 11:59:36,894 [INFO] ImportTextPane:194 - (OptionalMessage_ERROR) IP (DMA) : Parameter (Mode) has Id (DAC1_CH1) currently not set
2025-08-18 11:59:36,894 [INFO] ImportTextPane:194 - (OptionalMessage_ERROR) IP (DMA) : Parameter (Priority) has Id (DAC1_CH1) currently not set
2025-08-18 11:59:36,895 [INFO] ImportTextPane:194 - (OptionalMessage_ERROR) IP (DMA) : Parameter (SignalID) has Id (DAC1_CH1) currently not set
2025-08-18 11:59:36,895 [INFO] ImportTextPane:194 - (OptionalMessage_ERROR) IP (DMA) : Parameter (Polarity) has Id (DAC1_CH1) currently not set
2025-08-18 11:59:36,895 [INFO] ImportTextPane:194 - (OptionalMessage_ERROR) IP (DMA) : Parameter (RequestNumber) has Id (DAC1_CH1) currently not set
2025-08-18 11:59:36,895 [INFO] ImportTextPane:194 - (OptionalMessage_ERROR) IP (DMA) : Parameter (SyncSignalID) has Id (DAC1_CH1) currently not set
2025-08-18 11:59:36,895 [INFO] ImportTextPane:194 - (OptionalMessage_ERROR) IP (DMA) : Parameter (SyncPolarity) has Id (DAC1_CH1) currently not set
2025-08-18 11:59:36,895 [INFO] ImportTextPane:194 - (OptionalMessage_ERROR) IP (DMA) : Parameter (SyncEnable) has Id (DAC1_CH1) currently not set
2025-08-18 11:59:36,895 [INFO] ImportTextPane:194 - (OptionalMessage_ERROR) IP (DMA) : Parameter (EventEnable) has Id (DAC1_CH1) currently not set
2025-08-18 11:59:36,895 [INFO] ImportTextPane:194 - (OptionalMessage_ERROR) IP (DMA) : Parameter (SyncRequestNumber) has Id (DAC1_CH1) currently not set
2025-08-18 11:59:36,895 [INFO] ImportTextPane:194 - (OptionalMessage_ERROR) IP (DMA) : Parameter (Instance) has Id (FMAC_READ) currently not set
2025-08-18 11:59:36,895 [INFO] ImportTextPane:194 - (OptionalMessage_ERROR) IP (DMA) : Parameter (Request) has Id (FMAC_READ) currently not set
2025-08-18 11:59:36,895 [INFO] ImportTextPane:194 - (OptionalMessage_ERROR) IP (DMA) : Parameter (Direction) has Id (FMAC_READ) currently not set
2025-08-18 11:59:36,895 [INFO] ImportTextPane:194 - (OptionalMessage_ERROR) IP (DMA) : Parameter (PeriphInc) has Id (FMAC_READ) currently not set
2025-08-18 11:59:36,895 [INFO] ImportTextPane:194 - (OptionalMessage_ERROR) IP (DMA) : Parameter (MemInc) has Id (FMAC_READ) currently not set
2025-08-18 11:59:36,895 [INFO] ImportTextPane:194 - (OptionalMessage_ERROR) IP (DMA) : Parameter (PeriphDataAlignment) has Id (FMAC_READ) currently not set
2025-08-18 11:59:36,896 [INFO] ImportTextPane:194 - (OptionalMessage_ERROR) IP (DMA) : Parameter (MemDataAlignment) has Id (FMAC_READ) currently not set
2025-08-18 11:59:36,896 [INFO] ImportTextPane:194 - (OptionalMessage_ERROR) IP (DMA) : Parameter (Mode) has Id (FMAC_READ) currently not set
2025-08-18 11:59:36,896 [INFO] ImportTextPane:194 - (OptionalMessage_ERROR) IP (DMA) : Parameter (Priority) has Id (FMAC_READ) currently not set
2025-08-18 11:59:36,896 [INFO] ImportTextPane:194 - (OptionalMessage_ERROR) IP (DMA) : Parameter (SignalID) has Id (FMAC_READ) currently not set
2025-08-18 11:59:36,896 [INFO] ImportTextPane:194 - (OptionalMessage_ERROR) IP (DMA) : Parameter (Polarity) has Id (FMAC_READ) currently not set
2025-08-18 11:59:36,896 [INFO] ImportTextPane:194 - (OptionalMessage_ERROR) IP (DMA) : Parameter (RequestNumber) has Id (FMAC_READ) currently not set
2025-08-18 11:59:36,896 [INFO] ImportTextPane:194 - (OptionalMessage_ERROR) IP (DMA) : Parameter (SyncSignalID) has Id (FMAC_READ) currently not set
2025-08-18 11:59:36,896 [INFO] ImportTextPane:194 - (OptionalMessage_ERROR) IP (DMA) : Parameter (SyncPolarity) has Id (FMAC_READ) currently not set
2025-08-18 11:59:36,896 [INFO] ImportTextPane:194 - (OptionalMessage_ERROR) IP (DMA) : Parameter (SyncEnable) has Id (FMAC_READ) currently not set
2025-08-18 11:59:36,896 [INFO] ImportTextPane:194 - (OptionalMessage_ERROR) IP (DMA) : Parameter (EventEnable) has Id (FMAC_READ) currently not set
2025-08-18 11:59:36,896 [INFO] ImportTextPane:194 - (OptionalMessage_ERROR) IP (DMA) : Parameter (SyncRequestNumber) has Id (FMAC_READ) currently not set
2025-08-18 11:59:36,896 [INFO] ImportTextPane:194 - (OptionalMessage_ERROR) IP (DMA) : Parameter (Instance) has Id (FMAC_WRITE) currently not set
2025-08-18 11:59:36,896 [INFO] ImportTextPane:194 - (OptionalMessage_ERROR) IP (DMA) : Parameter (Request) has Id (FMAC_WRITE) currently not set
2025-08-18 11:59:36,896 [INFO] ImportTextPane:194 - (OptionalMessage_ERROR) IP (DMA) : Parameter (Direction) has Id (FMAC_WRITE) currently not set
2025-08-18 11:59:36,896 [INFO] ImportTextPane:194 - (OptionalMessage_ERROR) IP (DMA) : Parameter (PeriphInc) has Id (FMAC_WRITE) currently not set
2025-08-18 11:59:36,896 [INFO] ImportTextPane:194 - (OptionalMessage_ERROR) IP (DMA) : Parameter (MemInc) has Id (FMAC_WRITE) currently not set
2025-08-18 11:59:36,896 [INFO] ImportTextPane:194 - (OptionalMessage_ERROR) IP (DMA) : Parameter (PeriphDataAlignment) has Id (FMAC_WRITE) currently not set
2025-08-18 11:59:36,897 [INFO] ImportTextPane:194 - (OptionalMessage_ERROR) IP (DMA) : Parameter (MemDataAlignment) has Id (FMAC_WRITE) currently not set
2025-08-18 11:59:36,897 [INFO] ImportTextPane:194 - (OptionalMessage_ERROR) IP (DMA) : Parameter (Mode) has Id (FMAC_WRITE) currently not set
2025-08-18 11:59:36,897 [INFO] ImportTextPane:194 - (OptionalMessage_ERROR) IP (DMA) : Parameter (Priority) has Id (FMAC_WRITE) currently not set
2025-08-18 11:59:36,897 [INFO] ImportTextPane:194 - (OptionalMessage_ERROR) IP (DMA) : Parameter (SignalID) has Id (FMAC_WRITE) currently not set
2025-08-18 11:59:36,897 [INFO] ImportTextPane:194 - (OptionalMessage_ERROR) IP (DMA) : Parameter (Polarity) has Id (FMAC_WRITE) currently not set
2025-08-18 11:59:36,897 [INFO] ImportTextPane:194 - (OptionalMessage_ERROR) IP (DMA) : Parameter (RequestNumber) has Id (FMAC_WRITE) currently not set
2025-08-18 11:59:36,897 [INFO] ImportTextPane:194 - (OptionalMessage_ERROR) IP (DMA) : Parameter (SyncSignalID) has Id (FMAC_WRITE) currently not set
2025-08-18 11:59:36,897 [INFO] ImportTextPane:194 - (OptionalMessage_ERROR) IP (DMA) : Parameter (SyncPolarity) has Id (FMAC_WRITE) currently not set
2025-08-18 11:59:36,897 [INFO] ImportTextPane:194 - (OptionalMessage_ERROR) IP (DMA) : Parameter (SyncEnable) has Id (FMAC_WRITE) currently not set
2025-08-18 11:59:36,897 [INFO] ImportTextPane:194 - (OptionalMessage_ERROR) IP (DMA) : Parameter (EventEnable) has Id (FMAC_WRITE) currently not set
2025-08-18 11:59:36,897 [INFO] ImportTextPane:194 - (OptionalMessage_ERROR) IP (DMA) : Parameter (SyncRequestNumber) has Id (FMAC_WRITE) currently not set
2025-08-18 11:59:37,414 [INFO] UtilMem:75 - End LoadConfig() Used Memory: 270843040 Bytes (536870912)
2025-08-18 11:59:37,457 [ERROR] LogOutputStream:75 - [STDERR_REDIRECT] SLF4J: Failed to load class "org.slf4j.impl.StaticLoggerBinder".
2025-08-18 11:59:37,458 [ERROR] LogOutputStream:75 - [STDERR_REDIRECT] SLF4J: Defaulting to no-operation (NOP) logger implementation
2025-08-18 11:59:37,459 [ERROR] LogOutputStream:75 - [STDERR_REDIRECT] SLF4J: See http://www.slf4j.org/codes.html#StaticLoggerBinder for further details.
2025-08-18 11:59:37,559 [INFO] ApiDb:581 - Connected to CubeFinder SQLite database (C:\Users\abhim\.stmcufinder\plugins\mcufinder\mcu\cube-finder-db.db)
2025-08-18 11:59:37,649 [INFO] ApiDb:668 - CubeFinder database Data Model version=2.1
2025-08-18 11:59:37,649 [INFO] ApiDb:669 - CubeFinder database Configuration version=3.0.39
2025-08-18 11:59:37,650 [INFO] ApiDb:670 - CubeFinder database generation date=2025-06-16 (1750072209)
2025-08-18 11:59:37,650 [INFO] ApiDb:671 - CubeFinder database FW Pack versions=[FP-ATR-ASTRA1_V2.0.0, FP-SNS-FLIGHT1_V5.1.0, FP-SNS-MOTENV1_V5.0.0, FP-SNS-MOTENVWB1_V1.4.0, FP-SNS-SMARTAG2_V1.2.0, FP-SNS-STBOX1_V2.0.0, STM32Cube_FW_C0_V1.4.0, STM32Cube_FW_F4_V1.28.2, STM32Cube_FW_F7_V1.17.3, STM32Cube_FW_G0_V1.6.2, STM32Cube_FW_G4_V1.6.1, STM32Cube_FW_H5_V1.5.0, STM32Cube_FW_H7RS_V1.2.0, STM32Cube_FW_H7_V1.12.1, STM32Cube_FW_L0_V1.12.2, STM32Cube_FW_L4_V1.18.1, STM32Cube_FW_L5_V1.5.1, STM32Cube_FW_N6_V1.1.1, STM32Cube_FW_U0_V1.2.0, STM32Cube_FW_U3_V1.1.0, STM32Cube_FW_U5_V1.7.0, STM32Cube_FW_WB0_V1.2.0, STM32Cube_FW_WBA_V1.6.0, STM32Cube_FW_WB_V1.22.0, STM32Cube_FW_WL3_V1.1.0, STM32Cube_FW_WL_V1.3.1, X-CUBE-ALGOBUILD_V1.4.0, X-CUBE-ALS_V1.0.2, X-CUBE-AZRTOS-F4_V1.1.0, X-CUBE-AZRTOS-F7_V1.1.0, X-CUBE-AZRTOS-G0_V1.1.0, X-CUBE-AZRTOS-G4_V2.0.0, X-CUBE-AZRTOS-H7RS_V1.1.0, X-CUBE-AZRTOS-H7_V3.3.0, X-CUBE-AZRTOS-L4_V2.0.0, X-CUBE-AZRTOS-L5_V2.0.0, X-CUBE-AZRTOS-WB_V2.0.0, X-CUBE-AZRTOS-WL_V2.0.0, X-CUBE-BLE1_V7.1.0, X-CUBE-BLE2_V3.3.0, X-CUBE-BLEMGR_V4.0.0, X-CUBE-EEPRMA1_V5.1.0, X-CUBE-FREERTOS_V1.3.1, X-CUBE-GNSS1_V6.0.0, X-CUBE-MEMS1_V11.3.0, X-CUBE-NFC4_V3.0.0, X-CUBE-NFC7_V2.0.0, X-CUBE-SFXS2LP1_V4.0.0, X-CUBE-SUBG2_V5.0.0, X-CUBE-TOF1_V3.4.3]
2025-08-18 11:59:40,014 [INFO] ApiDb:240 - Found 371 in-development CPN: [B-G473E-ZEST1S, B-WB1M-WPAN1, B-WL5M-SUBG1, NUCLEO-C031C6, NUCLEO-H503RB, NUCLEO-H563ZI, NUCLEO-U545RE-Q, NUCLEO-U5A5ZJ-Q, NUCLEO-WBA52CG, NUCLEO-WBA55CG, STEVAL-MKBOXPRO, STEVAL-PROTEUS1, STEVAL-STWINBX1, STM320518-EVAL, STM32C0116-DK, STM32C011D6Y3TR, STM32C011D6Y6TR, STM32C011F4P3, STM32C011F4P6, STM32C011F4U3, STM32C011F4U6TR, STM32C011F6P3, STM32C011F6P6, STM32C011F6U3, STM32C011F6U6TR, STM32C011J4M3, STM32C011J4M6, STM32C011J6M3, STM32C011J6M6, STM32C0316-DK, STM32C031C4T3, STM32C031C4T6, STM32C031C4U3, STM32C031C4U6, STM32C031C6T3, STM32C031C6T6, STM32C031C6U3, STM32C031C6U6, STM32C031F4P3, STM32C031F4P6, STM32C031F6P3, STM32C031F6P6, STM32C031G4U3, STM32C031G4U6, STM32C031G6U3, STM32C031G6U6, STM32C031K4T3, STM32C031K4T6, STM32C031K4U3, STM32C031K4U6, STM32C031K6T3, STM32C031K6T6, STM32C031K6U3, STM32C031K6U6, STM32G071K8TXN, STM32G071K8UXN, STM32G081GBU6N, STM32G081KBT6N, STM32G081KBUXN, STM32G0B1CCT6N, STM32G0B1KCT6, STM32G0B1NEY6TR, STM32G0B1RCT6N, STM32G0C1CCT6, STM32G0C1CCT6N, STM32G0C1CCU6N, STM32G0C1CET6N, STM32G0C1CEU6N, STM32G0C1KCT6, STM32G0C1NEY6TR, STM32G0C1RCI6N, STM32G0C1RCT6N, STM32G0C1REI6N, STM32G0C1RET6N, STM32G0C1VCI6, STM32G0C1VEI6, STM32G471CCT6, STM32G471CCU6, STM32G471CET3, STM32G471CET6, STM32G471CEU3, STM32G471CEU6, STM32G471MCT6, STM32G471MET3, STM32G471MET6, STM32G471MEY6TR, STM32G471QCT6, STM32G471QET3, STM32G471RCT6, STM32G471RET3, STM32G471RET6, STM32G471VCH6, STM32G471VCI6, STM32G471VCT6, STM32G471VEH3, STM32G471VEH6, STM32G471VEI3, STM32G471VEI6, STM32G471VET3, STM32G471VET6, STM32G474CCT6, STM32H503CBT6, STM32H503CBU6, STM32H503EBY6TR, STM32H503KBU6, STM32H503RBT6, STM32H562AGI6, STM32H562AII6, STM32H562IGK6, STM32H562IGT6, STM32H562IIK6, STM32H562IIT6, STM32H562RGT6, STM32H562RGV6, STM32H562RIT6, STM32H562RIV6, STM32H562VGT6, STM32H562VIT6, STM32H562ZGT6, STM32H562ZIT6, STM32H563AGI6, STM32H563AII3Q, STM32H563AII6, STM32H563IGK6, STM32H563IGT6, STM32H563IIK3Q, STM32H563IIK6, STM32H563IIT3Q, STM32H563IIT6, STM32H563MIY3QTR, STM32H563RGT6, STM32H563RGV6, STM32H563RIT6, STM32H563RIV6, STM32H563VGT6, STM32H563VIT3Q, STM32H563VIT6, STM32H563ZGT6, STM32H563ZIT3Q, STM32H563ZIT6, STM32H573AII3Q, STM32H573AII6, STM32H573I-DK, STM32H573IIK3Q, STM32H573IIK6, STM32H573IIT3Q, STM32H573IIT6, STM32H573MIY3QTR, STM32H573RIT6, STM32H573RIV6, STM32H573VIT3Q, STM32H573VIT6, STM32H573ZIT3Q, STM32H573ZIT6, STM32L4R5QGI6STR, STM32MP131AAE3, STM32MP131AAF3, STM32MP131AAG3, STM32MP131CAE3, STM32MP131CAF3, STM32MP131CAG3, STM32MP131DAE7, STM32MP131DAF7, STM32MP131DAG7, STM32MP131FAE7, STM32MP131FAF7, STM32MP131FAG7, STM32MP133AAE3, STM32MP133AAF3, STM32MP133AAG3, STM32MP133CAE3, STM32MP133CAF3, STM32MP133CAG3, STM32MP133DAE7, STM32MP133DAF7, STM32MP133DAG7, STM32MP133FAE7, STM32MP133FAF7, STM32MP133FAG7, STM32MP135AAE3, STM32MP135AAF3, STM32MP135AAG3, STM32MP135CAE3, STM32MP135CAF3, STM32MP135CAG3, STM32MP135DAE7, STM32MP135DAF7, STM32MP135DAG7, STM32MP135F-DK, STM32MP135FAE7, STM32MP135FAF7, STM32MP135FAF7T, STM32MP135FAF7U, STM32MP135FAG7, STM32U535CBT6, STM32U535CBT6Q, STM32U535CBU6, STM32U535CBU6Q, STM32U535CCT6, STM32U535CCT6Q, STM32U535CCU6, STM32U535CCU6Q, STM32U535CET6, STM32U535CET6Q, STM32U535CEU6, STM32U535CEU6Q, STM32U535JEY6QTR, STM32U535NCY6QTR, STM32U535NEY6QTR, STM32U535RBI6, STM32U535RBI6Q, STM32U535RBT6, STM32U535RBT6Q, STM32U535RCI6, STM32U535RCI6Q, STM32U535RCT6, STM32U535RCT6Q, STM32U535REI6, STM32U535REI6Q, STM32U535RET6, STM32U535RET6Q, STM32U535VCI6, STM32U535VCI6Q, STM32U535VCT6, STM32U535VCT6Q, STM32U535VEI6, STM32U535VEI6Q, STM32U535VET6, STM32U535VET6Q, STM32U545CET6, STM32U545CET6Q, STM32U545CEU6, STM32U545CEU6Q, STM32U545JEY6QTR, STM32U545NEY6QTR, STM32U545REI6, STM32U545REI6Q, STM32U545RET6, STM32U545RET6Q, STM32U545VEI6, STM32U545VEI6Q, STM32U545VET6, STM32U545VET6Q, STM32U595AIH6, STM32U595AIH6Q, STM32U595AJH6, STM32U595AJH6Q, STM32U595QII6, STM32U595QII6Q, STM32U595QJI6, STM32U595QJI6Q, STM32U595RIT6, STM32U595RIT6Q, STM32U595RJT6, STM32U595RJT6Q, STM32U595VIT6, STM32U595VIT6Q, STM32U595VJT6, STM32U595VJT6Q, STM32U595ZIT6, STM32U595ZIT6Q, STM32U595ZIY6QTR, STM32U595ZJT6, STM32U595ZJT6Q, STM32U595ZJY6QTR, STM32U599BJY6QTR, STM32U599NIH6Q, STM32U599NJH6Q, STM32U599VIT6Q, STM32U599VJT6, STM32U599VJT6Q, STM32U599ZIT6Q, STM32U599ZIY6QTR, STM32U599ZJT6Q, STM32U599ZJY6QTR, STM32U5A5AJH6, STM32U5A5AJH6Q, STM32U5A5QJI6, STM32U5A5QJI6Q, STM32U5A5RJT6, STM32U5A5RJT6Q, STM32U5A5VJT6, STM32U5A5VJT6Q, STM32U5A5ZJT6, STM32U5A5ZJT6Q, STM32U5A5ZJY6QTR, STM32U5A9BJY6QTR, STM32U5A9J-DK, STM32U5A9NJH6Q, STM32U5A9VJT6Q, STM32U5A9ZJT6Q, STM32U5A9ZJY6QTR, STM32U5F7VIT6, STM32U5F7VIT6Q, STM32U5F7VJT6, STM32U5F7VJT6Q, STM32U5F9BJY6QTR, STM32U5F9NJH6Q, STM32U5F9VIT6Q, STM32U5F9VJT6Q, STM32U5F9ZIJ6QTR, STM32U5F9ZIT6Q, STM32U5F9ZJJ6QTR, STM32U5F9ZJT6Q, STM32U5G7VJT6, STM32U5G7VJT6Q, STM32U5G9BJY6QTR, STM32U5G9J-DK1, STM32U5G9J-DK2, STM32U5G9NJH6Q, STM32U5G9VJT6Q, STM32U5G9ZJJ6QTR, STM32U5G9ZJT6Q, STM32WB1MMCH6, STM32WBA50KEU6, STM32WBA50KEU6TR, STM32WBA50KGU6, STM32WBA50KGU6TR, STM32WBA52CEU6, STM32WBA52CEU6TR, STM32WBA52CEU7, STM32WBA52CEU7TR, STM32WBA52CGU6, STM32WBA52CGU6TR, STM32WBA52CGU6U, STM32WBA52CGU7, STM32WBA52CGU7TR, STM32WBA52KEU6, STM32WBA52KEU6TR, STM32WBA52KGU6, STM32WBA52KGU6TR, STM32WBA54CEU6, STM32WBA54CEU6TR, STM32WBA54CEU7, STM32WBA54CEU7TR, STM32WBA54CGU6, STM32WBA54CGU6TR, STM32WBA54CGU7, STM32WBA54CGU7TR, STM32WBA54KEU6, STM32WBA54KEU6TR, STM32WBA54KEU7, STM32WBA54KEU7TR, STM32WBA54KGU6, STM32WBA54KGU6TR, STM32WBA54KGU7, STM32WBA54KGU7TR, STM32WBA55CEU6, STM32WBA55CEU6TR, STM32WBA55CEU7, STM32WBA55CEU7TR, STM32WBA55CGU6, STM32WBA55CGU6TR, STM32WBA55CGU6U, STM32WBA55CGU7, STM32WBA55CGU7TR, STM32WBA55G-DK1, STM32WBA55HEF6, STM32WBA55HEF7, STM32WBA55HGF6, STM32WBA55HGF7, STM32WBA55UEI6, STM32WBA55UEI6TR, STM32WBA55UEI7, STM32WBA55UEI7TR, STM32WBA55UGI6, STM32WBA55UGI6TR, STM32WBA55UGI7, STM32WBA55UGI7TR, STM32WL5MOCH6, STM32WL5MOCH6TR]
2025-08-18 11:59:40,022 [INFO] DbMcus:218 - Found 4657 MCUs, 4657 are supported
2025-08-18 11:59:40,023 [INFO] ApiDb:423 - Load user favorites file C:\Users\abhim/.stm32cubeide/favorites.mcus.txt: 0 item(s)
2025-08-18 11:59:40,023 [INFO] ApiDb:427 - User favorites MCUs=[]
2025-08-18 11:59:40,023 [INFO] DbMcus:224 - Set 0 / 0 favorites MCUs
2025-08-18 11:59:40,434 [INFO] MicroXplorer:468 - Change Database Path : 
2025-08-18 11:59:40,434 [INFO] MicroXplorer:498 - Change Database Version : DB.6.0.100
2025-08-18 11:59:40,435 [WARN] ThirdParty:833 - waiting for thirdparty lock release [change project]
2025-08-18 11:59:40,435 [INFO] ThirdParty:835 - entering critical section [change project]
2025-08-18 11:59:40,435 [INFO] ThirdParty:1030 - CMSIS Pack Vendor :STMicroelectronics X-CUBE-PM33A1 1.0.0
2025-08-18 11:59:40,435 [INFO] ThirdParty:1030 - CMSIS Pack Vendor :STMicroelectronics USBPD 4.1
2025-08-18 11:59:40,435 [INFO] ThirdParty:1030 - CMSIS Pack Vendor :STMicroelectronics X-CUBE-GNSS1 6.0.0
2025-08-18 11:59:40,435 [INFO] ThirdParty:1030 - CMSIS Pack Vendor :STMicroelectronics USB_HOST 2.0.0
2025-08-18 11:59:40,435 [INFO] ThirdParty:1030 - CMSIS Pack Vendor :STMicroelectronics FP-SNS-MOTENVWB1 1.4.0
2025-08-18 11:59:40,435 [INFO] ThirdParty:1030 - CMSIS Pack Vendor :STMicroelectronics X-CUBE-AZRTOS-F4 1.1.0
2025-08-18 11:59:40,435 [INFO] ThirdParty:1030 - CMSIS Pack Vendor :STMicroelectronics LIBJPEG 8.0.0
2025-08-18 11:59:40,435 [INFO] ThirdParty:1030 - CMSIS Pack Vendor :STMicroelectronics FP-ATR-ASTRA1 2.0.2
2025-08-18 11:59:40,435 [INFO] ThirdParty:1030 - CMSIS Pack Vendor :STMicroelectronics X-CUBE-SMBUS 2.1.0
2025-08-18 11:59:40,435 [INFO] ThirdParty:1030 - CMSIS Pack Vendor :STMicroelectronics X-CUBE-WB05N 1.1.0
2025-08-18 11:59:40,435 [INFO] ThirdParty:1030 - CMSIS Pack Vendor :STMicroelectronics X-CUBE-ISPU 2.1.0
2025-08-18 11:59:40,435 [INFO] ThirdParty:1030 - CMSIS Pack Vendor :STMicroelectronics X-CUBE-FREERTOS 1.2.0
2025-08-18 11:59:40,435 [INFO] ThirdParty:1030 - CMSIS Pack Vendor :wolfSSL I-CUBE-wolfSSL 5.6.6
2025-08-18 11:59:40,435 [INFO] ThirdParty:1030 - CMSIS Pack Vendor :STMicroelectronics X-CUBE-TOUCHGFX 4.23.0
2025-08-18 11:59:40,435 [INFO] ThirdParty:1030 - CMSIS Pack Vendor :STMicroelectronics X-CUBE-NFC12 1.0.0
2025-08-18 11:59:40,435 [INFO] ThirdParty:1030 - CMSIS Pack Vendor :STMicroelectronics X-CUBE-AZRTOS-F7 1.1.0
2025-08-18 11:59:40,435 [INFO] ThirdParty:1030 - CMSIS Pack Vendor :STMicroelectronics X-CUBE-AZRTOS-L5 2.0.0
2025-08-18 11:59:40,436 [INFO] ThirdParty:1030 - CMSIS Pack Vendor :STMicroelectronics USB_DEVICE 2.0.0
2025-08-18 11:59:40,436 [INFO] ThirdParty:1030 - CMSIS Pack Vendor :STMicroelectronics X-CUBE-NFC6 3.1.0
2025-08-18 11:59:40,436 [INFO] ThirdParty:1030 - CMSIS Pack Vendor :ITTIA_DB I-CUBE-ITTIADB 8.8.0
2025-08-18 11:59:40,436 [INFO] ThirdParty:1030 - CMSIS Pack Vendor :STMicroelectronics FP-SNS-MOTENV1 4.3.2
2025-08-18 11:59:40,436 [INFO] ThirdParty:1030 - CMSIS Pack Vendor :STMicroelectronics X-CUBE-MEMS1 11.0.0
2025-08-18 11:59:40,436 [INFO] ThirdParty:1030 - CMSIS Pack Vendor :STMicroelectronics FreeRTOS 0.0.1
2025-08-18 11:59:40,436 [INFO] ThirdParty:1030 - CMSIS Pack Vendor :STMicroelectronics X-CUBE-DPower 1.2.0
2025-08-18 11:59:40,436 [INFO] ThirdParty:1030 - CMSIS Pack Vendor :STMicroelectronics FP-SNS-FLIGHT1 5.0.2
2025-08-18 11:59:40,436 [INFO] ThirdParty:1030 - CMSIS Pack Vendor :STMicroelectronics PDM2PCM 3.3.0
2025-08-18 11:59:40,436 [INFO] ThirdParty:1030 - CMSIS Pack Vendor :STMicroelectronics X-CUBE-AZRTOS-H7 3.4.0
2025-08-18 11:59:40,436 [INFO] ThirdParty:1030 - CMSIS Pack Vendor :STMicroelectronics X-CUBE-DISPLAY 3.0.0
2025-08-18 11:59:40,436 [INFO] ThirdParty:1030 - CMSIS Pack Vendor :STMicroelectronics X-CUBE-BLE1 7.0.0
2025-08-18 11:59:40,436 [INFO] ThirdParty:1030 - CMSIS Pack Vendor :STMicroelectronics X-CUBE-NFC10 1.0.0
2025-08-18 11:59:40,436 [INFO] ThirdParty:1030 - CMSIS Pack Vendor :STMicroelectronics X-CUBE-BLEMGR 4.0.0
2025-08-18 11:59:40,436 [INFO] ThirdParty:1030 - CMSIS Pack Vendor :STMicroelectronics X-CUBE-FREERTOS 1.3.1
2025-08-18 11:59:40,436 [INFO] ThirdParty:1030 - CMSIS Pack Vendor :STMicroelectronics HAL Drivers 0.0.0
2025-08-18 11:59:40,436 [INFO] ThirdParty:1030 - CMSIS Pack Vendor :emotas I-CUBE-CANOPEN 1.3.0
2025-08-18 11:59:40,436 [INFO] ThirdParty:1030 - CMSIS Pack Vendor :STMicroelectronics X-CUBE-FREERTOS 1.3.0
2025-08-18 11:59:40,436 [INFO] ThirdParty:1030 - CMSIS Pack Vendor :STMicroelectronics X-CUBE-NFC7 1.0.1
2025-08-18 11:59:40,436 [INFO] ThirdParty:1030 - CMSIS Pack Vendor :STMicroelectronics MBEDTLS 2.14.1
2025-08-18 11:59:40,436 [INFO] ThirdParty:1030 - CMSIS Pack Vendor :STMicroelectronics X-CUBE-NFC6 3.0.0
2025-08-18 11:59:40,436 [INFO] ThirdParty:1030 - CMSIS Pack Vendor :quantropi X-CUBE-qispace-sdk-base 2.0.0
2025-08-18 11:59:40,436 [INFO] ThirdParty:1030 - CMSIS Pack Vendor :STMicroelectronics X-CUBE-BLEMGR 3.1.0
2025-08-18 11:59:40,436 [INFO] ThirdParty:1030 - CMSIS Pack Vendor :STMicroelectronics X-CUBE-AI 10.0.0
2025-08-18 11:59:40,436 [INFO] ThirdParty:1030 - CMSIS Pack Vendor :STMicroelectronics FP-SNS-SMARTAG2 1.2.0
2025-08-18 11:59:40,436 [INFO] ThirdParty:1030 - CMSIS Pack Vendor :STMicroelectronics X-CUBE-MEMS1 11.1.0
2025-08-18 11:59:40,436 [INFO] ThirdParty:1030 - CMSIS Pack Vendor :STMicroelectronics X-CUBE-AZRTOS-WL 2.0.0
2025-08-18 11:59:40,436 [INFO] ThirdParty:1030 - CMSIS Pack Vendor :STMicroelectronics X-CUBE-DPower 1.3.0
2025-08-18 11:59:40,436 [INFO] ThirdParty:1030 - CMSIS Pack Vendor :STMicroelectronics FP-SNS-MOTENV1 5.0.0
2025-08-18 11:59:40,436 [INFO] ThirdParty:1030 - CMSIS Pack Vendor :STMicroelectronics USB_DEVICE 1.0.0
2025-08-18 11:59:40,436 [INFO] ThirdParty:1030 - CMSIS Pack Vendor :STMicroelectronics X-CUBE-AI 8.1.0
2025-08-18 11:59:40,436 [INFO] ThirdParty:1030 - CMSIS Pack Vendor :wolfSSL I-CUBE-wolfMQTT 1.19.0
2025-08-18 11:59:40,436 [INFO] ThirdParty:1030 - CMSIS Pack Vendor :STMicroelectronics X-CUBE-AZRTOS-L4 2.0.0
2025-08-18 11:59:40,436 [INFO] ThirdParty:1030 - CMSIS Pack Vendor :STMicroelectronics ThreadX 0.0.2
2025-08-18 11:59:40,436 [INFO] ThirdParty:1030 - CMSIS Pack Vendor :WES I-CUBE-Cesium 1.3.0
2025-08-18 11:59:40,436 [INFO] ThirdParty:1030 - CMSIS Pack Vendor :STMicroelectronics lwIP 2.1.2
2025-08-18 11:59:40,436 [INFO] ThirdParty:1030 - CMSIS Pack Vendor :STMicroelectronics X-CUBE-SFXS2LP1 4.0.0
2025-08-18 11:59:40,436 [INFO] ThirdParty:1030 - CMSIS Pack Vendor :STMicroelectronics X-CUBE-BLE2 3.3.0
2025-08-18 11:59:40,436 [INFO] ThirdParty:1030 - CMSIS Pack Vendor :STMicroelectronics PDM2PCM 3.2.0
2025-08-18 11:59:40,436 [INFO] ThirdParty:1030 - CMSIS Pack Vendor :STMicroelectronics X-CUBE-AZRTOS-H7 3.3.0
2025-08-18 11:59:40,436 [INFO] ThirdParty:1030 - CMSIS Pack Vendor :STMicroelectronics X-CUBE-NFC9 1.0.0
2025-08-18 11:59:40,436 [INFO] ThirdParty:1030 - CMSIS Pack Vendor :STMicroelectronics X-CUBE-BLE1 7.1.0
2025-08-18 11:59:40,436 [INFO] ThirdParty:1030 - CMSIS Pack Vendor :STMicroelectronics USB_DEVICE 3.0.0
2025-08-18 11:59:40,437 [INFO] ThirdParty:1030 - CMSIS Pack Vendor :STMicroelectronics X-CUBE-TCPP 4.1.0
2025-08-18 11:59:40,437 [INFO] ThirdParty:1030 - CMSIS Pack Vendor :STMicroelectronics X-CUBE-EEPRMA1 5.2.0
2025-08-18 11:59:40,437 [INFO] ThirdParty:1030 - CMSIS Pack Vendor :STMicroelectronics X-CUBE-IPS 3.0.0
2025-08-18 11:59:40,437 [INFO] ThirdParty:1030 - CMSIS Pack Vendor :STMicroelectronics X-CUBE-AZRTOS-WB 2.0.0
2025-08-18 11:59:40,437 [INFO] ThirdParty:1030 - CMSIS Pack Vendor :STMicroelectronics X-CUBE-GNSS1 7.0.0
2025-08-18 11:59:40,437 [INFO] ThirdParty:1030 - CMSIS Pack Vendor :STMicroelectronics X-CUBE-GNSS1 7.0.1
2025-08-18 11:59:40,437 [INFO] ThirdParty:1030 - CMSIS Pack Vendor :STMicroelectronics X-CUBE-TOUCHGFX 4.25.0
2025-08-18 11:59:40,437 [INFO] ThirdParty:1030 - CMSIS Pack Vendor :STMicroelectronics X-CUBE-AI 10.1.0
2025-08-18 11:59:40,437 [INFO] ThirdParty:1030 - CMSIS Pack Vendor :STMicroelectronics FP-SNS-STBOX1 2.0.0
2025-08-18 11:59:40,437 [INFO] ThirdParty:1030 - CMSIS Pack Vendor :STMicroelectronics X-CUBE-ALGOBUILD 1.3.0
2025-08-18 11:59:40,437 [INFO] ThirdParty:1030 - CMSIS Pack Vendor :STMicroelectronics X-CUBE-MEMS1 11.2.0
2025-08-18 11:59:40,437 [INFO] ThirdParty:1030 - CMSIS Pack Vendor :STMicroelectronics X-CUBE-AZRTOS-G0 1.1.0
2025-08-18 11:59:40,437 [INFO] ThirdParty:1030 - CMSIS Pack Vendor :STMicroelectronics X-CUBE-SAFEA1 1.2.2
2025-08-18 11:59:40,437 [INFO] ThirdParty:1030 - CMSIS Pack Vendor :STMicroelectronics X-CUBE-NFC4 3.0.0
2025-08-18 11:59:40,437 [INFO] ThirdParty:1030 - CMSIS Pack Vendor :STMicroelectronics X-CUBE-SUBG2 5.0.0
2025-08-18 11:59:40,437 [INFO] ThirdParty:1030 - CMSIS Pack Vendor :STMicroelectronics X-CUBE-AZRTOS-H7RS 1.1.0
2025-08-18 11:59:40,437 [INFO] ThirdParty:1030 - CMSIS Pack Vendor :STMicroelectronics STM32_WPAN 1.0.0
2025-08-18 11:59:40,437 [INFO] ThirdParty:1030 - CMSIS Pack Vendor :EmbeddedOffice I-CUBE-FS-RTOS 1.0.1
2025-08-18 11:59:40,437 [INFO] ThirdParty:1030 - CMSIS Pack Vendor :STMicroelectronics lwIP 2.0.3
2025-08-18 11:59:40,437 [INFO] ThirdParty:1030 - CMSIS Pack Vendor :Cesanta I-CUBE-Mongoose 7.13.0
2025-08-18 11:59:40,437 [INFO] ThirdParty:1030 - CMSIS Pack Vendor :STMicroelectronics USB_HOST 1.0.0
2025-08-18 11:59:40,437 [INFO] ThirdParty:1030 - CMSIS Pack Vendor :STMicroelectronics X-CUBE-AZRTOS-G4 2.0.0
2025-08-18 11:59:40,437 [INFO] ThirdParty:1030 - CMSIS Pack Vendor :STMicroelectronics X-CUBE-WB05N 2.0.0
2025-08-18 11:59:40,437 [INFO] ThirdParty:1030 - CMSIS Pack Vendor :STMicroelectronics PDM2PCM 3.1.0
2025-08-18 11:59:40,437 [INFO] ThirdParty:1030 - CMSIS Pack Vendor :Infineon AIROC-Wi-Fi-Bluetooth-STM32 1.5.1
2025-08-18 11:59:40,437 [INFO] ThirdParty:1030 - CMSIS Pack Vendor :STMicroelectronics X-CUBE-NFC7 2.0.0
2025-08-18 11:59:40,437 [INFO] ThirdParty:1030 - CMSIS Pack Vendor :RealThread X-CUBE-RT-Thread_Nano 4.1.1
2025-08-18 11:59:40,437 [INFO] ThirdParty:1030 - CMSIS Pack Vendor :STMicroelectronics FP-SNS-MOTENVWB1 1.3.1
2025-08-18 11:59:40,437 [INFO] ThirdParty:1030 - CMSIS Pack Vendor :STMicroelectronics FP-ATR-SIGFOX1 3.2.0
2025-08-18 11:59:40,437 [INFO] ThirdParty:1030 - CMSIS Pack Vendor :STMicroelectronics X-CUBE-ISPU 2.0.0
2025-08-18 11:59:40,437 [INFO] ThirdParty:1030 - CMSIS Pack Vendor :STMicroelectronics X-CUBE-EEPRMA1 5.1.0
2025-08-18 11:59:40,437 [INFO] ThirdParty:1030 - CMSIS Pack Vendor :STMicroelectronics MBEDTLS 2.16.2
2025-08-18 11:59:40,437 [INFO] ThirdParty:1030 - CMSIS Pack Vendor :STMicroelectronics X-CUBE-ALS 1.0.2
2025-08-18 11:59:40,437 [INFO] ThirdParty:1030 - CMSIS Pack Vendor :STMicroelectronics X-CUBE-MEMS1 10.0.0
2025-08-18 11:59:40,437 [INFO] ThirdParty:1030 - CMSIS Pack Vendor :STMicroelectronics X-CUBE-FREERTOS 1.1.0
2025-08-18 11:59:40,437 [INFO] ThirdParty:1030 - CMSIS Pack Vendor :STMicroelectronics X-CUBE-TOUCHGFX 4.24.1
2025-08-18 11:59:40,437 [INFO] ThirdParty:1030 - CMSIS Pack Vendor :wolfSSL I-CUBE-wolfTPM 3.4.0
2025-08-18 11:59:40,437 [INFO] ThirdParty:1030 - CMSIS Pack Vendor :portGmbH I-Cube-SoM-uGOAL 1.1.0
2025-08-18 11:59:40,437 [INFO] ThirdParty:1030 - CMSIS Pack Vendor :STMicroelectronics X-CUBE-ALS 1.0.1
2025-08-18 11:59:40,437 [INFO] ThirdParty:1030 - CMSIS Pack Vendor :STMicroelectronics X-CUBE-AI 10.2.0
2025-08-18 11:59:40,437 [INFO] ThirdParty:1030 - CMSIS Pack Vendor :STMicroelectronics ThreadX 1.0.0
2025-08-18 11:59:40,437 [INFO] ThirdParty:1030 - CMSIS Pack Vendor :SEGGER I-CUBE-embOS 1.3.1
2025-08-18 11:59:40,437 [INFO] ThirdParty:1030 - CMSIS Pack Vendor :STMicroelectronics X-CUBE-ALGOBUILD 1.4.0
2025-08-18 11:59:40,437 [INFO] ThirdParty:1030 - CMSIS Pack Vendor :STMicroelectronics X-CUBE-MEMS1 11.3.0
2025-08-18 11:59:40,437 [INFO] ThirdParty:1030 - CMSIS Pack Vendor :STMicroelectronics X-CUBE-AZRTOS-H7RS 1.0.0
2025-08-18 11:59:40,438 [INFO] ThirdParty:1030 - CMSIS Pack Vendor :STMicroelectronics FP-ATR-ASTRA1 2.0.0
2025-08-18 11:59:40,438 [INFO] ThirdParty:1030 - CMSIS Pack Vendor :STMicroelectronics X-CUBE-TOF1 3.4.2
2025-08-18 11:59:40,438 [INFO] ThirdParty:1030 - CMSIS Pack Vendor :STMicroelectronics X-CUBE-AI 9.1.0
2025-08-18 11:59:40,438 [INFO] ThirdParty:1030 - CMSIS Pack Vendor :STMicroelectronics X-CUBE-TOF1 3.4.0
2025-08-18 11:59:40,438 [INFO] ThirdParty:1030 - CMSIS Pack Vendor :STMicroelectronics X-CUBE-AZRTOS-H7 3.2.0
2025-08-18 11:59:40,438 [INFO] ThirdParty:1030 - CMSIS Pack Vendor :wolfSSL I-CUBE-wolfSSH 1.4.17
2025-08-18 11:59:40,438 [INFO] ThirdParty:841 - exiting critical section [change project]
2025-08-18 11:59:40,913 [INFO] PinOutPanel:1499 - setPackage(No Configuration,No Configuration)
2025-08-18 11:59:40,914 [INFO] PinOutPanel:1499 - setPackage(STM32G474RETx,LQFP64)
2025-08-18 11:59:41,484 [INFO] UtilMem:75 - Before build in PCC Used Memory: 333402080 Bytes (633339904)
2025-08-18 11:59:42,591 [INFO] UtilMem:75 - After build in PCC Used Memory: 333345248 Bytes (633339904)
2025-08-18 11:59:42,626 [INFO] IPUIPlugin:80 - create IPUIPlugin
2025-08-18 11:59:42,626 [INFO] IPUIPlugin:80 - create IPUIPlugin
2025-08-18 11:59:42,626 [INFO] IPUIPlugin:80 - create IPUIPlugin
2025-08-18 11:59:42,626 [INFO] IPUIPlugin:80 - create IPUIPlugin
2025-08-18 11:59:42,626 [INFO] IPUIPlugin:80 - create IPUIPlugin
2025-08-18 11:59:42,627 [INFO] IPUIPlugin:80 - create IPUIPlugin
2025-08-18 11:59:42,627 [INFO] IPUIPlugin:80 - create IPUIPlugin
2025-08-18 11:59:42,627 [INFO] IPUIPlugin:80 - create IPUIPlugin
2025-08-18 11:59:42,627 [INFO] IPUIPlugin:80 - create IPUIPlugin
2025-08-18 11:59:42,627 [INFO] IPUIPlugin:80 - create IPUIPlugin
2025-08-18 11:59:42,627 [INFO] IPUIPlugin:80 - create IPUIPlugin
2025-08-18 11:59:42,627 [INFO] IPUIPlugin:80 - create IPUIPlugin
2025-08-18 11:59:42,627 [INFO] IPUIPlugin:80 - create IPUIPlugin
2025-08-18 11:59:42,627 [INFO] IPUIPlugin:80 - create IPUIPlugin
2025-08-18 11:59:42,627 [INFO] IPUIPlugin:80 - create IPUIPlugin
2025-08-18 11:59:42,628 [INFO] IPUIPlugin:80 - create IPUIPlugin
2025-08-18 11:59:42,628 [INFO] IPUIPlugin:80 - create IPUIPlugin
2025-08-18 11:59:42,628 [INFO] IPUIPlugin:80 - create IPUIPlugin
2025-08-18 11:59:42,628 [INFO] IPUIPlugin:80 - create IPUIPlugin
2025-08-18 11:59:42,628 [INFO] IPUIPlugin:80 - create IPUIPlugin
2025-08-18 11:59:42,628 [INFO] IPUIPlugin:80 - create IPUIPlugin
2025-08-18 11:59:42,628 [INFO] IPUIPlugin:80 - create IPUIPlugin
2025-08-18 11:59:42,628 [INFO] IPUIPlugin:80 - create IPUIPlugin
2025-08-18 11:59:42,628 [INFO] IPUIPlugin:80 - create IPUIPlugin
2025-08-18 11:59:42,628 [INFO] IPUIPlugin:80 - create IPUIPlugin
2025-08-18 11:59:42,629 [INFO] IPUIPlugin:80 - create IPUIPlugin
2025-08-18 11:59:42,629 [INFO] IPUIPlugin:80 - create IPUIPlugin
2025-08-18 11:59:42,629 [INFO] IPUIPlugin:80 - create IPUIPlugin
2025-08-18 11:59:42,629 [INFO] IPUIPlugin:80 - create IPUIPlugin
2025-08-18 11:59:42,629 [INFO] IPUIPlugin:80 - create IPUIPlugin
2025-08-18 11:59:42,629 [INFO] IPUIPlugin:80 - create IPUIPlugin
2025-08-18 11:59:42,629 [INFO] IPUIPlugin:80 - create IPUIPlugin
2025-08-18 11:59:42,630 [INFO] IPUIPlugin:80 - create IPUIPlugin
2025-08-18 11:59:42,630 [INFO] IPUIPlugin:80 - create IPUIPlugin
2025-08-18 11:59:42,630 [INFO] IPUIPlugin:80 - create IPUIPlugin
2025-08-18 11:59:42,630 [INFO] IPUIPlugin:80 - create IPUIPlugin
2025-08-18 11:59:42,630 [INFO] IPUIPlugin:80 - create IPUIPlugin
2025-08-18 11:59:42,631 [INFO] IPUIPlugin:80 - create IPUIPlugin
2025-08-18 11:59:42,631 [INFO] IPUIPlugin:80 - create IPUIPlugin
2025-08-18 11:59:42,631 [INFO] IPUIPlugin:80 - create IPUIPlugin
2025-08-18 11:59:42,631 [INFO] IPUIPlugin:80 - create IPUIPlugin
2025-08-18 11:59:42,631 [INFO] IPUIPlugin:80 - create IPUIPlugin
2025-08-18 11:59:42,632 [INFO] IPUIPlugin:80 - create IPUIPlugin
2025-08-18 11:59:42,632 [INFO] IPUIPlugin:80 - create IPUIPlugin
2025-08-18 11:59:42,632 [INFO] IPUIPlugin:80 - create IPUIPlugin
2025-08-18 11:59:42,632 [INFO] IPUIPlugin:80 - create IPUIPlugin
2025-08-18 11:59:42,632 [INFO] IPUIPlugin:80 - create IPUIPlugin
2025-08-18 11:59:42,633 [INFO] IPUIPlugin:80 - create IPUIPlugin
2025-08-18 11:59:42,633 [INFO] IPUIPlugin:80 - create IPUIPlugin
2025-08-18 11:59:42,634 [INFO] IPUIPlugin:80 - create IPUIPlugin
2025-08-18 11:59:42,634 [INFO] IPUIPlugin:80 - create IPUIPlugin
2025-08-18 11:59:42,634 [INFO] IPUIPlugin:80 - create IPUIPlugin
2025-08-18 11:59:42,634 [INFO] IPUIPlugin:80 - create IPUIPlugin
2025-08-18 11:59:42,635 [INFO] IPUIPlugin:80 - create IPUIPlugin
2025-08-18 11:59:42,635 [INFO] IPUIPlugin:80 - create IPUIPlugin
2025-08-18 11:59:42,635 [INFO] IPUIPlugin:80 - create IPUIPlugin
2025-08-18 11:59:42,635 [INFO] IPUIPlugin:80 - create IPUIPlugin
2025-08-18 11:59:42,635 [INFO] IPUIPlugin:80 - create IPUIPlugin
2025-08-18 11:59:42,636 [INFO] IPUIPlugin:80 - create IPUIPlugin
2025-08-18 11:59:42,636 [INFO] IPUIPlugin:80 - create IPUIPlugin
2025-08-18 11:59:42,636 [INFO] IPUIPlugin:80 - create IPUIPlugin
2025-08-18 11:59:42,636 [INFO] IPUIPlugin:80 - create IPUIPlugin
2025-08-18 11:59:42,637 [INFO] IPUIPlugin:80 - create IPUIPlugin
2025-08-18 11:59:42,637 [INFO] IPUIPlugin:80 - create IPUIPlugin
2025-08-18 11:59:42,637 [INFO] IPUIPlugin:80 - create IPUIPlugin
2025-08-18 11:59:42,637 [INFO] IPUIPlugin:80 - create IPUIPlugin
2025-08-18 11:59:42,638 [INFO] IPUIPlugin:80 - create IPUIPlugin
2025-08-18 11:59:42,638 [INFO] IPUIPlugin:80 - create IPUIPlugin
2025-08-18 11:59:42,638 [INFO] IPUIPlugin:80 - create IPUIPlugin
2025-08-18 11:59:42,638 [INFO] IPUIPlugin:80 - create IPUIPlugin
2025-08-18 11:59:42,639 [INFO] IPUIPlugin:80 - create IPUIPlugin
2025-08-18 11:59:42,640 [INFO] IPUIPlugin:80 - create IPUIPlugin
2025-08-18 11:59:42,640 [INFO] IPUIPlugin:80 - create IPUIPlugin
2025-08-18 11:59:42,641 [INFO] IPUIPlugin:80 - create IPUIPlugin
2025-08-18 11:59:42,641 [INFO] IPUIPlugin:80 - create IPUIPlugin
2025-08-18 11:59:42,642 [INFO] IPUIPlugin:80 - create IPUIPlugin
2025-08-18 11:59:42,642 [INFO] IPUIPlugin:80 - create IPUIPlugin
2025-08-18 11:59:42,984 [INFO] CADModel:165 - CPN selected for project levelSTM32G474RET6
2025-08-18 11:59:42,984 [INFO] CADModel:114 - Register for checkConnection events
2025-08-18 11:59:43,036 [INFO] OpenFileManager:343 - Restore cursor
2025-08-18 11:59:55,587 [INFO] ADCParametersView:116 -                Rank 1 : false
2025-08-18 11:59:55,719 [INFO] ADCParametersView:116 -                Rank 1 : false
2025-08-18 11:59:55,720 [INFO] ADCParametersView:116 -                Rank 1 : false
2025-08-18 11:59:55,720 [INFO] ADCParametersView:116 -                Rank 1 : false
2025-08-18 11:59:55,720 [INFO] ADCParametersView:116 -                Rank 1 : false
2025-08-18 11:59:55,721 [INFO] ADCParametersView:116 -                Rank 1 : false
2025-08-18 11:59:55,721 [INFO] ADCParametersView:116 -                Rank 1 : false
2025-08-18 11:59:55,721 [INFO] ADCParametersView:116 -                Rank 1 : false
2025-08-18 11:59:55,721 [INFO] ADCParametersView:116 -                Rank 1 : false
2025-08-18 11:59:55,723 [INFO] ADCParametersView:116 -                Rank 1 : false
2025-08-18 11:59:55,723 [INFO] ADCParametersView:116 -                Rank 1 : false
2025-08-18 11:59:55,723 [INFO] ADCParametersView:116 -                Rank 1 : false
2025-08-18 11:59:55,723 [INFO] ADCParametersView:116 -                Rank 1 : false
2025-08-18 11:59:55,724 [INFO] ADCParametersView:116 -                Rank 1 : false
2025-08-18 11:59:55,724 [INFO] ADCParametersView:116 -                Rank 1 : false
2025-08-18 11:59:55,724 [INFO] ADCParametersView:116 -                Rank 1 : false
2025-08-18 11:59:55,724 [INFO] ADCParametersView:116 -                Rank 1 : false
2025-08-18 11:59:55,724 [INFO] ADCParametersView:116 -                Rank 1 : false
2025-08-18 11:59:55,724 [INFO] ADCParametersView:116 -                Rank 1 : false
2025-08-18 11:59:55,724 [INFO] ADCParametersView:116 -                Rank 1 : false
2025-08-18 11:59:55,724 [INFO] ADCParametersView:116 -                Rank 1 : false
2025-08-18 11:59:55,725 [INFO] ADCParametersView:116 -                Rank 1 : false
2025-08-18 11:59:55,747 [INFO] ADCParametersView:116 -                Rank 1 : false
2025-08-18 12:10:54,816 [INFO] MainUpdater:2873 - connection check result : 10
2025-08-18 12:10:54,816 [INFO] MainUpdater:2873 - connection check result : 10
2025-08-18 12:10:54,940 [INFO] MicroXplorer:468 - Change Database Path : 
2025-08-18 12:10:54,940 [INFO] MicroXplorer:498 - Change Database Version : DB.6.0.100
2025-08-18 12:10:54,962 [ERROR] ProjectManagerView:394 - 
java.lang.NullPointerException: Cannot invoke "javax.swing.JTextField.getText()" because the return value of "java.util.List.get(int)" is null
	at com.st.microxplorer.plugins.projectmanager.gui.ProjectChoiceTab$10.caretUpdate(ProjectChoiceTab.java:2493) ~[filemanager.jar:?]
	at javax.swing.text.JTextComponent.fireCaretUpdate(JTextComponent.java:412) ~[?:?]
	at javax.swing.text.JTextComponent$MutableCaretEvent.fire(JTextComponent.java:4491) ~[?:?]
	at javax.swing.text.JTextComponent$MutableCaretEvent.stateChanged(JTextComponent.java:4513) ~[?:?]
	at javax.swing.text.DefaultCaret.fireStateChanged(DefaultCaret.java:842) ~[?:?]
	at javax.swing.text.DefaultCaret.changeCaretPosition(DefaultCaret.java:1313) ~[?:?]
	at javax.swing.text.DefaultCaret.handleSetDot(DefaultCaret.java:1212) ~[?:?]
	at javax.swing.text.DefaultCaret.setDot(DefaultCaret.java:1193) ~[?:?]
	at javax.swing.text.DefaultCaret$Handler.insertUpdate(DefaultCaret.java:1789) ~[?:?]
	at javax.swing.text.AbstractDocument.fireInsertUpdate(AbstractDocument.java:226) ~[?:?]
	at javax.swing.text.AbstractDocument.handleInsertString(AbstractDocument.java:780) ~[?:?]
	at javax.swing.text.AbstractDocument.insertString(AbstractDocument.java:739) ~[?:?]
	at javax.swing.text.PlainDocument.insertString(PlainDocument.java:131) ~[?:?]
	at javax.swing.text.AbstractDocument.replace(AbstractDocument.java:698) ~[?:?]
	at javax.swing.text.JTextComponent.setText(JTextComponent.java:1729) ~[?:?]
	at com.st.microxplorer.plugins.projectmanager.gui.ProjectChoiceTab.createHeapStackFields(ProjectChoiceTab.java:933) ~[filemanager.jar:?]
	at com.st.microxplorer.plugins.projectmanager.gui.ProjectChoiceTab.buildLinkSettingsPanel(ProjectChoiceTab.java:3426) ~[filemanager.jar:?]
	at com.st.microxplorer.plugins.projectmanager.gui.ProjectChoiceTab.defineWindowsFields(ProjectChoiceTab.java:1813) ~[filemanager.jar:?]
	at com.st.microxplorer.plugins.projectmanager.gui.ProjectChoiceTab.updateSettings(ProjectChoiceTab.java:533) ~[filemanager.jar:?]
	at com.st.microxplorer.plugins.projectmanager.gui.ProjectSettingsPanel.UpdateDialog(ProjectSettingsPanel.java:244) ~[filemanager.jar:?]
	at com.st.microxplorer.plugins.projectmanager.ProjectManagerView.propertyChange(ProjectManagerView.java:391) ~[filemanager.jar:?]
	at java.beans.PropertyChangeSupport.fire(PropertyChangeSupport.java:343) ~[?:?]
	at java.beans.PropertyChangeSupport.firePropertyChange(PropertyChangeSupport.java:335) ~[?:?]
	at java.beans.PropertyChangeSupport.firePropertyChange(PropertyChangeSupport.java:268) ~[?:?]
	at com.st.microxplorer.util.MXPropertyChangeSupport.firePropertyChange(MXPropertyChangeSupport.java:54) ~[STM32CubeMX.jar:?]
	at com.st.microxplorer.mxsystem.MxSystem.closeConfig(MxSystem.java:900) ~[STM32CubeMX.jar:?]
	at com.st.microxplorer.maingui.MainPanel.closeConfig(MainPanel.java:776) ~[STM32CubeMX.jar:?]
	at com.st.microxplorer.plugins.filemanager.engine.OpenFileManager.loadConfigurationFile(OpenFileManager.java:245) ~[filemanager.jar:?]
	at com.st.microxplorer.plugins.filemanager.engine.MainFileManager.userLoadConfig(MainFileManager.java:290) ~[filemanager.jar:?]
	at com.st.microxplorer.plugins.filemanager.FileManagerView.getSpecificTask(FileManagerView.java:247) ~[filemanager.jar:?]
	at com.st.stm32cube.common.mx.editor.CubeMxEditor.getMxTabbedPaneInstance(CubeMxEditor.java:1184) ~[com.st.stm32cube.common.mx_6.10.0.202311202037/:?]
	at com.st.stm32cube.common.mx.editor.CubeMxEditor$12$1.createSwingComponent(CubeMxEditor.java:1065) ~[com.st.stm32cube.common.mx_6.10.0.202311202037/:?]
	at com.st.stm32cube.common.mx.oss.core.awtswtbridge.EmbeddedSwingComposite.doComponentCreation(EmbeddedSwingComposite.java:492) ~[com.st.stm32cube.common.mx.oss_6.10.0.202311202037/:?]
	at com.st.stm32cube.common.mx.oss.core.awtswtbridge.EmbeddedSwingComposite$4.run(EmbeddedSwingComposite.java:291) ~[com.st.stm32cube.common.mx.oss_6.10.0.202311202037/:?]
	at com.st.stm32cube.common.mx.oss.core.awtswtbridge.AwtEnvironment$2.run(AwtEnvironment.java:166) ~[com.st.stm32cube.common.mx.oss_6.10.0.202311202037/:?]
	at java.awt.event.InvocationEvent.dispatch(InvocationEvent.java:318) ~[?:?]
	at java.awt.EventQueue.dispatchEventImpl(EventQueue.java:773) ~[?:?]
	at java.awt.EventQueue$4.run(EventQueue.java:720) ~[?:?]
	at java.awt.EventQueue$4.run(EventQueue.java:714) ~[?:?]
	at java.security.AccessController.doPrivileged(AccessController.java:399) ~[?:?]
	at java.security.ProtectionDomain$JavaSecurityAccessImpl.doIntersectionPrivilege(ProtectionDomain.java:86) ~[?:?]
	at java.awt.EventQueue.dispatchEvent(EventQueue.java:742) ~[?:?]
	at java.awt.EventDispatchThread.pumpOneEventForFilters(EventDispatchThread.java:203) ~[?:?]
	at java.awt.EventDispatchThread.pumpEventsForFilter(EventDispatchThread.java:124) ~[?:?]
	at java.awt.EventDispatchThread.pumpEventsForHierarchy(EventDispatchThread.java:113) ~[?:?]
	at java.awt.EventDispatchThread.pumpEvents(EventDispatchThread.java:109) ~[?:?]
	at java.awt.EventDispatchThread.pumpEvents(EventDispatchThread.java:101) ~[?:?]
	at java.awt.EventDispatchThread.run(EventDispatchThread.java:90) ~[?:?]
2025-08-18 12:10:54,971 [WARN] ThirdParty:871 - waiting for thirdparty lock release [close project]
2025-08-18 12:10:54,971 [INFO] ThirdParty:873 - entering critical section [close project]
2025-08-18 12:10:54,972 [INFO] ThirdParty:883 - exiting critical section [close project]
2025-08-18 12:10:54,973 [INFO] PinOutPanel:1499 - setPackage(No Configuration,No Configuration)
2025-08-18 12:10:54,980 [INFO] UtilMem:75 - Begin LoadConfig() Used Memory: 898626040 Bytes (1073741824)
2025-08-18 12:10:54,981 [INFO] MicroXplorer:468 - Change Database Path : 
2025-08-18 12:10:54,981 [INFO] MicroXplorer:498 - Change Database Version : DB.6.0.100
2025-08-18 12:10:54,981 [INFO] OpenFileManager:312 - Change cursor
2025-08-18 12:10:55,007 [INFO] Mcu:2016 - Initializing MCU STM32G474R(B-C-E)Tx STM32G474RETx STM32G474RET6
2025-08-18 12:10:59,026 [INFO] Context:659 - Trying to add GPIOservice into a context  which must be forbidden
2025-08-18 12:11:00,911 [INFO] RtosManager:555 - Registered RTOS mode: class=CMSIS, group=RTOS, mode=CMSIS_V1, owner=FREERTOS
2025-08-18 12:11:00,911 [INFO] RtosManager:555 - Registered RTOS mode: class=CMSIS, group=RTOS2, mode=CMSIS_V2, owner=FREERTOS
2025-08-18 12:11:00,911 [INFO] RtosManager:555 - Registered RTOS mode: class=RTOS, group=Core, mode=CMSIS_V1, owner=FREERTOS
2025-08-18 12:11:00,911 [INFO] RtosManager:555 - Registered RTOS mode: class=RTOS, group=Core, mode=CMSIS_V2, owner=FREERTOS
2025-08-18 12:11:00,911 [WARN] ModelIntegratedComponent:184 - Missing modes for component STMicroelectronics:FreeRTOS:0.0.1:STMicroelectronics:RTOS:FreeRTOS:Core:::10.2.0:
2025-08-18 12:11:00,915 [WARN] ModelIntegratedComponent:63 - No mode defined for component null
2025-08-18 12:11:00,915 [WARN] ModelIntegratedComponent:63 - No mode defined for component null
2025-08-18 12:11:00,915 [WARN] ModelIntegratedComponent:63 - No mode defined for component null
2025-08-18 12:11:00,915 [WARN] ModelIntegratedComponent:63 - No mode defined for component null
2025-08-18 12:11:00,915 [WARN] ModelIntegratedComponent:63 - No mode defined for component null
2025-08-18 12:11:00,915 [WARN] ModelIntegratedComponent:63 - No mode defined for component null
2025-08-18 12:11:00,915 [WARN] ModelIntegratedComponent:63 - No mode defined for component null
2025-08-18 12:11:00,915 [WARN] ModelIntegratedComponent:63 - No mode defined for component null
2025-08-18 12:11:00,915 [WARN] ModelIntegratedComponent:63 - No mode defined for component null
2025-08-18 12:11:00,915 [WARN] ModelIntegratedComponent:63 - No mode defined for component null
2025-08-18 12:11:00,915 [WARN] ModelIntegratedComponent:63 - No mode defined for component null
2025-08-18 12:11:00,915 [WARN] ModelIntegratedComponent:63 - No mode defined for component null
2025-08-18 12:11:00,915 [WARN] ModelIntegratedComponent:63 - No mode defined for component null
2025-08-18 12:11:00,915 [WARN] ModelIntegratedComponent:63 - No mode defined for component null
2025-08-18 12:11:00,915 [WARN] ModelIntegratedComponent:63 - No mode defined for component null
2025-08-18 12:11:00,915 [WARN] ModelIntegratedComponent:63 - No mode defined for component null
2025-08-18 12:11:00,916 [WARN] ModelIntegratedComponent:63 - No mode defined for component null
2025-08-18 12:11:00,916 [WARN] ModelIntegratedComponent:63 - No mode defined for component null
2025-08-18 12:11:00,916 [WARN] ModelIntegratedComponent:63 - No mode defined for component null
2025-08-18 12:11:00,916 [WARN] ModelIntegratedComponent:63 - No mode defined for component null
2025-08-18 12:11:00,916 [WARN] ModelIntegratedComponent:63 - No mode defined for component null
2025-08-18 12:11:00,916 [WARN] ModelIntegratedComponent:63 - No mode defined for component null
2025-08-18 12:11:00,916 [WARN] ModelIntegratedComponent:63 - No mode defined for component null
2025-08-18 12:11:00,916 [WARN] ModelIntegratedComponent:63 - No mode defined for component null
2025-08-18 12:11:00,916 [WARN] ModelIntegratedComponent:63 - No mode defined for component null
2025-08-18 12:11:00,916 [WARN] ModelIntegratedComponent:63 - No mode defined for component null
2025-08-18 12:11:00,916 [WARN] ModelIntegratedComponent:63 - No mode defined for component null
2025-08-18 12:11:00,916 [WARN] ModelIntegratedComponent:63 - No mode defined for component null
2025-08-18 12:11:00,916 [WARN] ModelIntegratedComponent:63 - No mode defined for component null
2025-08-18 12:11:00,916 [WARN] ModelIntegratedComponent:63 - No mode defined for component null
2025-08-18 12:11:00,916 [WARN] ModelIntegratedComponent:63 - No mode defined for component null
2025-08-18 12:11:00,916 [WARN] ModelIntegratedComponent:63 - No mode defined for component null
2025-08-18 12:11:00,916 [WARN] ModelIntegratedComponent:63 - No mode defined for component null
2025-08-18 12:11:01,154 [INFO] ThirdPartyModel:298 - Start build external matchings
2025-08-18 12:11:02,748 [INFO] ThirdPartyModel:316 - End build external matchings
2025-08-18 12:11:02,794 [INFO] ImportTextPane:194 - (OptionalMessage_ERROR) IP (ADC1) : Parameter (CommonPathInternal) has invalid value (null|null|null|null)
2025-08-18 12:11:02,795 [INFO] ImportTextPane:194 - (OptionalMessage_ERROR) IP (DMA) : Parameter (Instance) has Id (DAC1_CH1) currently not set
2025-08-18 12:11:02,795 [INFO] ImportTextPane:194 - (OptionalMessage_ERROR) IP (DMA) : Parameter (Request) has Id (DAC1_CH1) currently not set
2025-08-18 12:11:02,795 [INFO] ImportTextPane:194 - (OptionalMessage_ERROR) IP (DMA) : Parameter (Direction) has Id (DAC1_CH1) currently not set
2025-08-18 12:11:02,795 [INFO] ImportTextPane:194 - (OptionalMessage_ERROR) IP (DMA) : Parameter (PeriphInc) has Id (DAC1_CH1) currently not set
2025-08-18 12:11:02,795 [INFO] ImportTextPane:194 - (OptionalMessage_ERROR) IP (DMA) : Parameter (MemInc) has Id (DAC1_CH1) currently not set
2025-08-18 12:11:02,796 [INFO] ImportTextPane:194 - (OptionalMessage_ERROR) IP (DMA) : Parameter (PeriphDataAlignment) has Id (DAC1_CH1) currently not set
2025-08-18 12:11:02,796 [INFO] ImportTextPane:194 - (OptionalMessage_ERROR) IP (DMA) : Parameter (MemDataAlignment) has Id (DAC1_CH1) currently not set
2025-08-18 12:11:02,796 [INFO] ImportTextPane:194 - (OptionalMessage_ERROR) IP (DMA) : Parameter (Mode) has Id (DAC1_CH1) currently not set
2025-08-18 12:11:02,796 [INFO] ImportTextPane:194 - (OptionalMessage_ERROR) IP (DMA) : Parameter (Priority) has Id (DAC1_CH1) currently not set
2025-08-18 12:11:02,796 [INFO] ImportTextPane:194 - (OptionalMessage_ERROR) IP (DMA) : Parameter (SignalID) has Id (DAC1_CH1) currently not set
2025-08-18 12:11:02,796 [INFO] ImportTextPane:194 - (OptionalMessage_ERROR) IP (DMA) : Parameter (Polarity) has Id (DAC1_CH1) currently not set
2025-08-18 12:11:02,796 [INFO] ImportTextPane:194 - (OptionalMessage_ERROR) IP (DMA) : Parameter (RequestNumber) has Id (DAC1_CH1) currently not set
2025-08-18 12:11:02,796 [INFO] ImportTextPane:194 - (OptionalMessage_ERROR) IP (DMA) : Parameter (SyncSignalID) has Id (DAC1_CH1) currently not set
2025-08-18 12:11:02,796 [INFO] ImportTextPane:194 - (OptionalMessage_ERROR) IP (DMA) : Parameter (SyncPolarity) has Id (DAC1_CH1) currently not set
2025-08-18 12:11:02,797 [INFO] ImportTextPane:194 - (OptionalMessage_ERROR) IP (DMA) : Parameter (SyncEnable) has Id (DAC1_CH1) currently not set
2025-08-18 12:11:02,797 [INFO] ImportTextPane:194 - (OptionalMessage_ERROR) IP (DMA) : Parameter (EventEnable) has Id (DAC1_CH1) currently not set
2025-08-18 12:11:02,797 [INFO] ImportTextPane:194 - (OptionalMessage_ERROR) IP (DMA) : Parameter (SyncRequestNumber) has Id (DAC1_CH1) currently not set
2025-08-18 12:11:02,797 [INFO] ImportTextPane:194 - (OptionalMessage_ERROR) IP (DMA) : Parameter (Instance) has Id (FMAC_READ) currently not set
2025-08-18 12:11:02,797 [INFO] ImportTextPane:194 - (OptionalMessage_ERROR) IP (DMA) : Parameter (Request) has Id (FMAC_READ) currently not set
2025-08-18 12:11:02,797 [INFO] ImportTextPane:194 - (OptionalMessage_ERROR) IP (DMA) : Parameter (Direction) has Id (FMAC_READ) currently not set
2025-08-18 12:11:02,797 [INFO] ImportTextPane:194 - (OptionalMessage_ERROR) IP (DMA) : Parameter (PeriphInc) has Id (FMAC_READ) currently not set
2025-08-18 12:11:02,797 [INFO] ImportTextPane:194 - (OptionalMessage_ERROR) IP (DMA) : Parameter (MemInc) has Id (FMAC_READ) currently not set
2025-08-18 12:11:02,797 [INFO] ImportTextPane:194 - (OptionalMessage_ERROR) IP (DMA) : Parameter (PeriphDataAlignment) has Id (FMAC_READ) currently not set
2025-08-18 12:11:02,797 [INFO] ImportTextPane:194 - (OptionalMessage_ERROR) IP (DMA) : Parameter (MemDataAlignment) has Id (FMAC_READ) currently not set
2025-08-18 12:11:02,797 [INFO] ImportTextPane:194 - (OptionalMessage_ERROR) IP (DMA) : Parameter (Mode) has Id (FMAC_READ) currently not set
2025-08-18 12:11:02,797 [INFO] ImportTextPane:194 - (OptionalMessage_ERROR) IP (DMA) : Parameter (Priority) has Id (FMAC_READ) currently not set
2025-08-18 12:11:02,797 [INFO] ImportTextPane:194 - (OptionalMessage_ERROR) IP (DMA) : Parameter (SignalID) has Id (FMAC_READ) currently not set
2025-08-18 12:11:02,797 [INFO] ImportTextPane:194 - (OptionalMessage_ERROR) IP (DMA) : Parameter (Polarity) has Id (FMAC_READ) currently not set
2025-08-18 12:11:02,797 [INFO] ImportTextPane:194 - (OptionalMessage_ERROR) IP (DMA) : Parameter (RequestNumber) has Id (FMAC_READ) currently not set
2025-08-18 12:11:02,797 [INFO] ImportTextPane:194 - (OptionalMessage_ERROR) IP (DMA) : Parameter (SyncSignalID) has Id (FMAC_READ) currently not set
2025-08-18 12:11:02,797 [INFO] ImportTextPane:194 - (OptionalMessage_ERROR) IP (DMA) : Parameter (SyncPolarity) has Id (FMAC_READ) currently not set
2025-08-18 12:11:02,797 [INFO] ImportTextPane:194 - (OptionalMessage_ERROR) IP (DMA) : Parameter (SyncEnable) has Id (FMAC_READ) currently not set
2025-08-18 12:11:02,797 [INFO] ImportTextPane:194 - (OptionalMessage_ERROR) IP (DMA) : Parameter (EventEnable) has Id (FMAC_READ) currently not set
2025-08-18 12:11:02,797 [INFO] ImportTextPane:194 - (OptionalMessage_ERROR) IP (DMA) : Parameter (SyncRequestNumber) has Id (FMAC_READ) currently not set
2025-08-18 12:11:02,797 [INFO] ImportTextPane:194 - (OptionalMessage_ERROR) IP (DMA) : Parameter (Instance) has Id (FMAC_WRITE) currently not set
2025-08-18 12:11:02,797 [INFO] ImportTextPane:194 - (OptionalMessage_ERROR) IP (DMA) : Parameter (Request) has Id (FMAC_WRITE) currently not set
2025-08-18 12:11:02,797 [INFO] ImportTextPane:194 - (OptionalMessage_ERROR) IP (DMA) : Parameter (Direction) has Id (FMAC_WRITE) currently not set
2025-08-18 12:11:02,797 [INFO] ImportTextPane:194 - (OptionalMessage_ERROR) IP (DMA) : Parameter (PeriphInc) has Id (FMAC_WRITE) currently not set
2025-08-18 12:11:02,797 [INFO] ImportTextPane:194 - (OptionalMessage_ERROR) IP (DMA) : Parameter (MemInc) has Id (FMAC_WRITE) currently not set
2025-08-18 12:11:02,797 [INFO] ImportTextPane:194 - (OptionalMessage_ERROR) IP (DMA) : Parameter (PeriphDataAlignment) has Id (FMAC_WRITE) currently not set
2025-08-18 12:11:02,798 [INFO] ImportTextPane:194 - (OptionalMessage_ERROR) IP (DMA) : Parameter (MemDataAlignment) has Id (FMAC_WRITE) currently not set
2025-08-18 12:11:02,798 [INFO] ImportTextPane:194 - (OptionalMessage_ERROR) IP (DMA) : Parameter (Mode) has Id (FMAC_WRITE) currently not set
2025-08-18 12:11:02,798 [INFO] ImportTextPane:194 - (OptionalMessage_ERROR) IP (DMA) : Parameter (Priority) has Id (FMAC_WRITE) currently not set
2025-08-18 12:11:02,798 [INFO] ImportTextPane:194 - (OptionalMessage_ERROR) IP (DMA) : Parameter (SignalID) has Id (FMAC_WRITE) currently not set
2025-08-18 12:11:02,798 [INFO] ImportTextPane:194 - (OptionalMessage_ERROR) IP (DMA) : Parameter (Polarity) has Id (FMAC_WRITE) currently not set
2025-08-18 12:11:02,798 [INFO] ImportTextPane:194 - (OptionalMessage_ERROR) IP (DMA) : Parameter (RequestNumber) has Id (FMAC_WRITE) currently not set
2025-08-18 12:11:02,798 [INFO] ImportTextPane:194 - (OptionalMessage_ERROR) IP (DMA) : Parameter (SyncSignalID) has Id (FMAC_WRITE) currently not set
2025-08-18 12:11:02,798 [INFO] ImportTextPane:194 - (OptionalMessage_ERROR) IP (DMA) : Parameter (SyncPolarity) has Id (FMAC_WRITE) currently not set
2025-08-18 12:11:02,798 [INFO] ImportTextPane:194 - (OptionalMessage_ERROR) IP (DMA) : Parameter (SyncEnable) has Id (FMAC_WRITE) currently not set
2025-08-18 12:11:02,798 [INFO] ImportTextPane:194 - (OptionalMessage_ERROR) IP (DMA) : Parameter (EventEnable) has Id (FMAC_WRITE) currently not set
2025-08-18 12:11:02,798 [INFO] ImportTextPane:194 - (OptionalMessage_ERROR) IP (DMA) : Parameter (SyncRequestNumber) has Id (FMAC_WRITE) currently not set
2025-08-18 12:11:03,164 [INFO] ApiDb:668 - CubeFinder database Data Model version=2.1
2025-08-18 12:11:03,164 [INFO] ApiDb:669 - CubeFinder database Configuration version=3.0.39
2025-08-18 12:11:03,164 [INFO] ApiDb:670 - CubeFinder database generation date=2025-06-16 (1750072209)
2025-08-18 12:11:03,164 [INFO] ApiDb:671 - CubeFinder database FW Pack versions=[FP-ATR-ASTRA1_V2.0.0, FP-SNS-FLIGHT1_V5.1.0, FP-SNS-MOTENV1_V5.0.0, FP-SNS-MOTENVWB1_V1.4.0, FP-SNS-SMARTAG2_V1.2.0, FP-SNS-STBOX1_V2.0.0, STM32Cube_FW_C0_V1.4.0, STM32Cube_FW_F4_V1.28.2, STM32Cube_FW_F7_V1.17.3, STM32Cube_FW_G0_V1.6.2, STM32Cube_FW_G4_V1.6.1, STM32Cube_FW_H5_V1.5.0, STM32Cube_FW_H7RS_V1.2.0, STM32Cube_FW_H7_V1.12.1, STM32Cube_FW_L0_V1.12.2, STM32Cube_FW_L4_V1.18.1, STM32Cube_FW_L5_V1.5.1, STM32Cube_FW_N6_V1.1.1, STM32Cube_FW_U0_V1.2.0, STM32Cube_FW_U3_V1.1.0, STM32Cube_FW_U5_V1.7.0, STM32Cube_FW_WB0_V1.2.0, STM32Cube_FW_WBA_V1.6.0, STM32Cube_FW_WB_V1.22.0, STM32Cube_FW_WL3_V1.1.0, STM32Cube_FW_WL_V1.3.1, X-CUBE-ALGOBUILD_V1.4.0, X-CUBE-ALS_V1.0.2, X-CUBE-AZRTOS-F4_V1.1.0, X-CUBE-AZRTOS-F7_V1.1.0, X-CUBE-AZRTOS-G0_V1.1.0, X-CUBE-AZRTOS-G4_V2.0.0, X-CUBE-AZRTOS-H7RS_V1.1.0, X-CUBE-AZRTOS-H7_V3.3.0, X-CUBE-AZRTOS-L4_V2.0.0, X-CUBE-AZRTOS-L5_V2.0.0, X-CUBE-AZRTOS-WB_V2.0.0, X-CUBE-AZRTOS-WL_V2.0.0, X-CUBE-BLE1_V7.1.0, X-CUBE-BLE2_V3.3.0, X-CUBE-BLEMGR_V4.0.0, X-CUBE-EEPRMA1_V5.1.0, X-CUBE-FREERTOS_V1.3.1, X-CUBE-GNSS1_V6.0.0, X-CUBE-MEMS1_V11.3.0, X-CUBE-NFC4_V3.0.0, X-CUBE-NFC7_V2.0.0, X-CUBE-SFXS2LP1_V4.0.0, X-CUBE-SUBG2_V5.0.0, X-CUBE-TOF1_V3.4.3]
2025-08-18 12:11:03,233 [INFO] DbBoardsSqlite:226 - include board P-NUCLEO-WB55-NUCLEO as a kit item of type 'Nucleo-64'
2025-08-18 12:11:03,233 [INFO] DbBoardsSqlite:226 - include board P-NUCLEO-WB55-USBDONGLE as a kit item of type 'Nucleo USB Dongle'
2025-08-18 12:11:03,233 [INFO] DbBoardsSqlite:226 - include board STEVAL-IDP005V1 as a kit item of type 'Evaluation Board'
2025-08-18 12:11:03,233 [INFO] DbBoardsSqlite:226 - include board STEVAL-IDP005V2 as a kit item of type 'Evaluation Board'
2025-08-18 12:11:03,314 [INFO] ApiDb:240 - Found 371 in-development CPN: [B-G473E-ZEST1S, B-WB1M-WPAN1, B-WL5M-SUBG1, NUCLEO-C031C6, NUCLEO-H503RB, NUCLEO-H563ZI, NUCLEO-U545RE-Q, NUCLEO-U5A5ZJ-Q, NUCLEO-WBA52CG, NUCLEO-WBA55CG, STEVAL-MKBOXPRO, STEVAL-PROTEUS1, STEVAL-STWINBX1, STM320518-EVAL, STM32C0116-DK, STM32C011D6Y3TR, STM32C011D6Y6TR, STM32C011F4P3, STM32C011F4P6, STM32C011F4U3, STM32C011F4U6TR, STM32C011F6P3, STM32C011F6P6, STM32C011F6U3, STM32C011F6U6TR, STM32C011J4M3, STM32C011J4M6, STM32C011J6M3, STM32C011J6M6, STM32C0316-DK, STM32C031C4T3, STM32C031C4T6, STM32C031C4U3, STM32C031C4U6, STM32C031C6T3, STM32C031C6T6, STM32C031C6U3, STM32C031C6U6, STM32C031F4P3, STM32C031F4P6, STM32C031F6P3, STM32C031F6P6, STM32C031G4U3, STM32C031G4U6, STM32C031G6U3, STM32C031G6U6, STM32C031K4T3, STM32C031K4T6, STM32C031K4U3, STM32C031K4U6, STM32C031K6T3, STM32C031K6T6, STM32C031K6U3, STM32C031K6U6, STM32G071K8TXN, STM32G071K8UXN, STM32G081GBU6N, STM32G081KBT6N, STM32G081KBUXN, STM32G0B1CCT6N, STM32G0B1KCT6, STM32G0B1NEY6TR, STM32G0B1RCT6N, STM32G0C1CCT6, STM32G0C1CCT6N, STM32G0C1CCU6N, STM32G0C1CET6N, STM32G0C1CEU6N, STM32G0C1KCT6, STM32G0C1NEY6TR, STM32G0C1RCI6N, STM32G0C1RCT6N, STM32G0C1REI6N, STM32G0C1RET6N, STM32G0C1VCI6, STM32G0C1VEI6, STM32G471CCT6, STM32G471CCU6, STM32G471CET3, STM32G471CET6, STM32G471CEU3, STM32G471CEU6, STM32G471MCT6, STM32G471MET3, STM32G471MET6, STM32G471MEY6TR, STM32G471QCT6, STM32G471QET3, STM32G471RCT6, STM32G471RET3, STM32G471RET6, STM32G471VCH6, STM32G471VCI6, STM32G471VCT6, STM32G471VEH3, STM32G471VEH6, STM32G471VEI3, STM32G471VEI6, STM32G471VET3, STM32G471VET6, STM32G474CCT6, STM32H503CBT6, STM32H503CBU6, STM32H503EBY6TR, STM32H503KBU6, STM32H503RBT6, STM32H562AGI6, STM32H562AII6, STM32H562IGK6, STM32H562IGT6, STM32H562IIK6, STM32H562IIT6, STM32H562RGT6, STM32H562RGV6, STM32H562RIT6, STM32H562RIV6, STM32H562VGT6, STM32H562VIT6, STM32H562ZGT6, STM32H562ZIT6, STM32H563AGI6, STM32H563AII3Q, STM32H563AII6, STM32H563IGK6, STM32H563IGT6, STM32H563IIK3Q, STM32H563IIK6, STM32H563IIT3Q, STM32H563IIT6, STM32H563MIY3QTR, STM32H563RGT6, STM32H563RGV6, STM32H563RIT6, STM32H563RIV6, STM32H563VGT6, STM32H563VIT3Q, STM32H563VIT6, STM32H563ZGT6, STM32H563ZIT3Q, STM32H563ZIT6, STM32H573AII3Q, STM32H573AII6, STM32H573I-DK, STM32H573IIK3Q, STM32H573IIK6, STM32H573IIT3Q, STM32H573IIT6, STM32H573MIY3QTR, STM32H573RIT6, STM32H573RIV6, STM32H573VIT3Q, STM32H573VIT6, STM32H573ZIT3Q, STM32H573ZIT6, STM32L4R5QGI6STR, STM32MP131AAE3, STM32MP131AAF3, STM32MP131AAG3, STM32MP131CAE3, STM32MP131CAF3, STM32MP131CAG3, STM32MP131DAE7, STM32MP131DAF7, STM32MP131DAG7, STM32MP131FAE7, STM32MP131FAF7, STM32MP131FAG7, STM32MP133AAE3, STM32MP133AAF3, STM32MP133AAG3, STM32MP133CAE3, STM32MP133CAF3, STM32MP133CAG3, STM32MP133DAE7, STM32MP133DAF7, STM32MP133DAG7, STM32MP133FAE7, STM32MP133FAF7, STM32MP133FAG7, STM32MP135AAE3, STM32MP135AAF3, STM32MP135AAG3, STM32MP135CAE3, STM32MP135CAF3, STM32MP135CAG3, STM32MP135DAE7, STM32MP135DAF7, STM32MP135DAG7, STM32MP135F-DK, STM32MP135FAE7, STM32MP135FAF7, STM32MP135FAF7T, STM32MP135FAF7U, STM32MP135FAG7, STM32U535CBT6, STM32U535CBT6Q, STM32U535CBU6, STM32U535CBU6Q, STM32U535CCT6, STM32U535CCT6Q, STM32U535CCU6, STM32U535CCU6Q, STM32U535CET6, STM32U535CET6Q, STM32U535CEU6, STM32U535CEU6Q, STM32U535JEY6QTR, STM32U535NCY6QTR, STM32U535NEY6QTR, STM32U535RBI6, STM32U535RBI6Q, STM32U535RBT6, STM32U535RBT6Q, STM32U535RCI6, STM32U535RCI6Q, STM32U535RCT6, STM32U535RCT6Q, STM32U535REI6, STM32U535REI6Q, STM32U535RET6, STM32U535RET6Q, STM32U535VCI6, STM32U535VCI6Q, STM32U535VCT6, STM32U535VCT6Q, STM32U535VEI6, STM32U535VEI6Q, STM32U535VET6, STM32U535VET6Q, STM32U545CET6, STM32U545CET6Q, STM32U545CEU6, STM32U545CEU6Q, STM32U545JEY6QTR, STM32U545NEY6QTR, STM32U545REI6, STM32U545REI6Q, STM32U545RET6, STM32U545RET6Q, STM32U545VEI6, STM32U545VEI6Q, STM32U545VET6, STM32U545VET6Q, STM32U595AIH6, STM32U595AIH6Q, STM32U595AJH6, STM32U595AJH6Q, STM32U595QII6, STM32U595QII6Q, STM32U595QJI6, STM32U595QJI6Q, STM32U595RIT6, STM32U595RIT6Q, STM32U595RJT6, STM32U595RJT6Q, STM32U595VIT6, STM32U595VIT6Q, STM32U595VJT6, STM32U595VJT6Q, STM32U595ZIT6, STM32U595ZIT6Q, STM32U595ZIY6QTR, STM32U595ZJT6, STM32U595ZJT6Q, STM32U595ZJY6QTR, STM32U599BJY6QTR, STM32U599NIH6Q, STM32U599NJH6Q, STM32U599VIT6Q, STM32U599VJT6, STM32U599VJT6Q, STM32U599ZIT6Q, STM32U599ZIY6QTR, STM32U599ZJT6Q, STM32U599ZJY6QTR, STM32U5A5AJH6, STM32U5A5AJH6Q, STM32U5A5QJI6, STM32U5A5QJI6Q, STM32U5A5RJT6, STM32U5A5RJT6Q, STM32U5A5VJT6, STM32U5A5VJT6Q, STM32U5A5ZJT6, STM32U5A5ZJT6Q, STM32U5A5ZJY6QTR, STM32U5A9BJY6QTR, STM32U5A9J-DK, STM32U5A9NJH6Q, STM32U5A9VJT6Q, STM32U5A9ZJT6Q, STM32U5A9ZJY6QTR, STM32U5F7VIT6, STM32U5F7VIT6Q, STM32U5F7VJT6, STM32U5F7VJT6Q, STM32U5F9BJY6QTR, STM32U5F9NJH6Q, STM32U5F9VIT6Q, STM32U5F9VJT6Q, STM32U5F9ZIJ6QTR, STM32U5F9ZIT6Q, STM32U5F9ZJJ6QTR, STM32U5F9ZJT6Q, STM32U5G7VJT6, STM32U5G7VJT6Q, STM32U5G9BJY6QTR, STM32U5G9J-DK1, STM32U5G9J-DK2, STM32U5G9NJH6Q, STM32U5G9VJT6Q, STM32U5G9ZJJ6QTR, STM32U5G9ZJT6Q, STM32WB1MMCH6, STM32WBA50KEU6, STM32WBA50KEU6TR, STM32WBA50KGU6, STM32WBA50KGU6TR, STM32WBA52CEU6, STM32WBA52CEU6TR, STM32WBA52CEU7, STM32WBA52CEU7TR, STM32WBA52CGU6, STM32WBA52CGU6TR, STM32WBA52CGU6U, STM32WBA52CGU7, STM32WBA52CGU7TR, STM32WBA52KEU6, STM32WBA52KEU6TR, STM32WBA52KGU6, STM32WBA52KGU6TR, STM32WBA54CEU6, STM32WBA54CEU6TR, STM32WBA54CEU7, STM32WBA54CEU7TR, STM32WBA54CGU6, STM32WBA54CGU6TR, STM32WBA54CGU7, STM32WBA54CGU7TR, STM32WBA54KEU6, STM32WBA54KEU6TR, STM32WBA54KEU7, STM32WBA54KEU7TR, STM32WBA54KGU6, STM32WBA54KGU6TR, STM32WBA54KGU7, STM32WBA54KGU7TR, STM32WBA55CEU6, STM32WBA55CEU6TR, STM32WBA55CEU7, STM32WBA55CEU7TR, STM32WBA55CGU6, STM32WBA55CGU6TR, STM32WBA55CGU6U, STM32WBA55CGU7, STM32WBA55CGU7TR, STM32WBA55G-DK1, STM32WBA55HEF6, STM32WBA55HEF7, STM32WBA55HGF6, STM32WBA55HGF7, STM32WBA55UEI6, STM32WBA55UEI6TR, STM32WBA55UEI7, STM32WBA55UEI7TR, STM32WBA55UGI6, STM32WBA55UGI6TR, STM32WBA55UGI7, STM32WBA55UGI7TR, STM32WL5MOCH6, STM32WL5MOCH6TR]
2025-08-18 12:11:03,341 [INFO] BoardInfo:889 - No configuration file found for board B-WBA5M-WPAN
2025-08-18 12:11:03,342 [INFO] DbBoards:161 - Board is not supported: B-WBA5M-WPAN
2025-08-18 12:11:03,345 [INFO] BoardInfo:889 - No configuration file found for board NUCLEO-C051C8
2025-08-18 12:11:03,346 [INFO] DbBoards:161 - Board is not supported: NUCLEO-C051C8
2025-08-18 12:11:03,347 [INFO] BoardInfo:889 - No configuration file found for board NUCLEO-C071RB
2025-08-18 12:11:03,347 [INFO] DbBoards:161 - Board is not supported: NUCLEO-C071RB
2025-08-18 12:11:03,349 [INFO] BoardInfo:889 - No configuration file found for board NUCLEO-C092RC
2025-08-18 12:11:03,349 [INFO] DbBoards:161 - Board is not supported: NUCLEO-C092RC
2025-08-18 12:11:03,391 [INFO] BoardInfo:889 - No configuration file found for board NUCLEO-H533RE
2025-08-18 12:11:03,391 [INFO] DbBoards:161 - Board is not supported: NUCLEO-H533RE
2025-08-18 12:11:03,403 [INFO] BoardInfo:889 - No configuration file found for board NUCLEO-H7S3L8
2025-08-18 12:11:03,404 [INFO] DbBoards:161 - Board is not supported: NUCLEO-H7S3L8
2025-08-18 12:11:03,422 [INFO] BoardInfo:889 - No configuration file found for board NUCLEO-N657X0-Q
2025-08-18 12:11:03,422 [INFO] DbBoards:161 - Board is not supported: NUCLEO-N657X0-Q
2025-08-18 12:11:03,423 [INFO] BoardInfo:889 - No configuration file found for board NUCLEO-U031R8
2025-08-18 12:11:03,423 [INFO] DbBoards:161 - Board is not supported: NUCLEO-U031R8
2025-08-18 12:11:03,424 [INFO] BoardInfo:889 - No configuration file found for board NUCLEO-U083RC
2025-08-18 12:11:03,424 [INFO] DbBoards:161 - Board is not supported: NUCLEO-U083RC
2025-08-18 12:11:03,425 [INFO] BoardInfo:889 - No configuration file found for board NUCLEO-U385RG-Q
2025-08-18 12:11:03,425 [INFO] DbBoards:161 - Board is not supported: NUCLEO-U385RG-Q
2025-08-18 12:11:03,429 [INFO] BoardInfo:889 - No configuration file found for board NUCLEO-WB05KZ
2025-08-18 12:11:03,429 [INFO] DbBoards:161 - Board is not supported: NUCLEO-WB05KZ
2025-08-18 12:11:03,430 [INFO] BoardInfo:889 - No configuration file found for board NUCLEO-WB07CC
2025-08-18 12:11:03,430 [INFO] DbBoards:161 - Board is not supported: NUCLEO-WB07CC
2025-08-18 12:11:03,431 [INFO] BoardInfo:889 - No configuration file found for board NUCLEO-WB09KE
2025-08-18 12:11:03,431 [INFO] DbBoards:161 - Board is not supported: NUCLEO-WB09KE
2025-08-18 12:11:03,435 [INFO] BoardInfo:889 - No configuration file found for board NUCLEO-WBA65RI
2025-08-18 12:11:03,435 [INFO] DbBoards:161 - Board is not supported: NUCLEO-WBA65RI
2025-08-18 12:11:03,436 [INFO] BoardInfo:889 - No configuration file found for board NUCLEO-WL33CC1
2025-08-18 12:11:03,436 [INFO] DbBoards:161 - Board is not supported: NUCLEO-WL33CC1
2025-08-18 12:11:03,437 [INFO] BoardInfo:889 - No configuration file found for board NUCLEO-WL33CC2
2025-08-18 12:11:03,437 [INFO] DbBoards:161 - Board is not supported: NUCLEO-WL33CC2
2025-08-18 12:11:03,441 [INFO] BoardInfo:889 - No configuration file found for board P-NUCLEO-WB55
2025-08-18 12:11:03,441 [INFO] DbBoards:161 - Kit is not supported: P-NUCLEO-WB55
2025-08-18 12:11:03,446 [INFO] BoardInfo:889 - No configuration file found for board STEVAL-BFA001V1B
2025-08-18 12:11:03,446 [INFO] DbBoards:161 - Kit is not supported: STEVAL-BFA001V1B
2025-08-18 12:11:03,447 [INFO] BoardInfo:889 - No configuration file found for board STEVAL-BFA001V2B
2025-08-18 12:11:03,447 [INFO] DbBoards:161 - Kit is not supported: STEVAL-BFA001V2B
2025-08-18 12:11:03,517 [INFO] BoardInfo:889 - No configuration file found for board STM32H7S78-DK
2025-08-18 12:11:03,518 [INFO] DbBoards:161 - Board is not supported: STM32H7S78-DK
2025-08-18 12:11:03,540 [INFO] BoardInfo:889 - No configuration file found for board STM32MP257F-DK
2025-08-18 12:11:03,540 [INFO] DbBoards:161 - Board is not supported: STM32MP257F-DK
2025-08-18 12:11:03,541 [INFO] BoardInfo:889 - No configuration file found for board STM32MP257F-EV1
2025-08-18 12:11:03,541 [INFO] DbBoards:161 - Board is not supported: STM32MP257F-EV1
2025-08-18 12:11:03,542 [INFO] BoardInfo:889 - No configuration file found for board STM32N6570-DK
2025-08-18 12:11:03,542 [INFO] DbBoards:161 - Board is not supported: STM32N6570-DK
2025-08-18 12:11:03,543 [INFO] BoardInfo:889 - No configuration file found for board STM32U083C-DK
2025-08-18 12:11:03,543 [INFO] DbBoards:161 - Board is not supported: STM32U083C-DK
2025-08-18 12:11:03,550 [INFO] BoardInfo:889 - No configuration file found for board STM32WBA65I-DK1
2025-08-18 12:11:03,550 [INFO] DbBoards:161 - Board is not supported: STM32WBA65I-DK1
2025-08-18 12:11:03,551 [INFO] DbBoards:168 - Found 211 boards, 186 are supported
2025-08-18 12:11:03,551 [INFO] DbBoards:169 - Found 211 boards, 3 of them is supported for  Bsp
2025-08-18 12:11:03,556 [INFO] ApiDb:423 - Load user favorites file C:\Users\abhim/.stm32cubeide/favorites.boards.txt: 0 item(s)
2025-08-18 12:11:03,556 [INFO] ApiDb:427 - User favorites Boards=[]
2025-08-18 12:11:03,556 [INFO] DbBoards:198 - Set 0 / 0 favorites Boards
2025-08-18 12:11:03,601 [INFO] UtilMem:75 - End LoadConfig() Used Memory: 694247904 Bytes (1073741824)
2025-08-18 12:11:03,636 [INFO] MicroXplorer:468 - Change Database Path : 
2025-08-18 12:11:03,636 [INFO] MicroXplorer:498 - Change Database Version : DB.6.0.100
2025-08-18 12:11:03,637 [WARN] ThirdParty:833 - waiting for thirdparty lock release [change project]
2025-08-18 12:11:03,637 [INFO] ThirdParty:835 - entering critical section [change project]
2025-08-18 12:11:03,637 [INFO] ThirdParty:1030 - CMSIS Pack Vendor :STMicroelectronics X-CUBE-PM33A1 1.0.0
2025-08-18 12:11:03,637 [INFO] ThirdParty:1030 - CMSIS Pack Vendor :STMicroelectronics USBPD 4.1
2025-08-18 12:11:03,637 [INFO] ThirdParty:1030 - CMSIS Pack Vendor :STMicroelectronics X-CUBE-GNSS1 6.0.0
2025-08-18 12:11:03,637 [INFO] ThirdParty:1030 - CMSIS Pack Vendor :STMicroelectronics USB_HOST 2.0.0
2025-08-18 12:11:03,637 [INFO] ThirdParty:1030 - CMSIS Pack Vendor :STMicroelectronics FP-SNS-MOTENVWB1 1.4.0
2025-08-18 12:11:03,637 [INFO] ThirdParty:1030 - CMSIS Pack Vendor :STMicroelectronics X-CUBE-AZRTOS-F4 1.1.0
2025-08-18 12:11:03,637 [INFO] ThirdParty:1030 - CMSIS Pack Vendor :STMicroelectronics LIBJPEG 8.0.0
2025-08-18 12:11:03,637 [INFO] ThirdParty:1030 - CMSIS Pack Vendor :STMicroelectronics FP-ATR-ASTRA1 2.0.2
2025-08-18 12:11:03,637 [INFO] ThirdParty:1030 - CMSIS Pack Vendor :STMicroelectronics X-CUBE-SMBUS 2.1.0
2025-08-18 12:11:03,637 [INFO] ThirdParty:1030 - CMSIS Pack Vendor :STMicroelectronics X-CUBE-WB05N 1.1.0
2025-08-18 12:11:03,637 [INFO] ThirdParty:1030 - CMSIS Pack Vendor :STMicroelectronics X-CUBE-ISPU 2.1.0
2025-08-18 12:11:03,637 [INFO] ThirdParty:1030 - CMSIS Pack Vendor :STMicroelectronics X-CUBE-FREERTOS 1.2.0
2025-08-18 12:11:03,637 [INFO] ThirdParty:1030 - CMSIS Pack Vendor :wolfSSL I-CUBE-wolfSSL 5.6.6
2025-08-18 12:11:03,637 [INFO] ThirdParty:1030 - CMSIS Pack Vendor :STMicroelectronics X-CUBE-TOUCHGFX 4.23.0
2025-08-18 12:11:03,637 [INFO] ThirdParty:1030 - CMSIS Pack Vendor :STMicroelectronics X-CUBE-NFC12 1.0.0
2025-08-18 12:11:03,637 [INFO] ThirdParty:1030 - CMSIS Pack Vendor :STMicroelectronics X-CUBE-AZRTOS-F7 1.1.0
2025-08-18 12:11:03,637 [INFO] ThirdParty:1030 - CMSIS Pack Vendor :STMicroelectronics X-CUBE-AZRTOS-L5 2.0.0
2025-08-18 12:11:03,637 [INFO] ThirdParty:1030 - CMSIS Pack Vendor :STMicroelectronics USB_DEVICE 2.0.0
2025-08-18 12:11:03,637 [INFO] ThirdParty:1030 - CMSIS Pack Vendor :STMicroelectronics X-CUBE-NFC6 3.1.0
2025-08-18 12:11:03,637 [INFO] ThirdParty:1030 - CMSIS Pack Vendor :ITTIA_DB I-CUBE-ITTIADB 8.8.0
2025-08-18 12:11:03,637 [INFO] ThirdParty:1030 - CMSIS Pack Vendor :STMicroelectronics FP-SNS-MOTENV1 4.3.2
2025-08-18 12:11:03,637 [INFO] ThirdParty:1030 - CMSIS Pack Vendor :STMicroelectronics X-CUBE-MEMS1 11.0.0
2025-08-18 12:11:03,637 [INFO] ThirdParty:1030 - CMSIS Pack Vendor :STMicroelectronics FreeRTOS 0.0.1
2025-08-18 12:11:03,637 [INFO] ThirdParty:1030 - CMSIS Pack Vendor :STMicroelectronics X-CUBE-DPower 1.2.0
2025-08-18 12:11:03,637 [INFO] ThirdParty:1030 - CMSIS Pack Vendor :STMicroelectronics FP-SNS-FLIGHT1 5.0.2
2025-08-18 12:11:03,637 [INFO] ThirdParty:1030 - CMSIS Pack Vendor :STMicroelectronics PDM2PCM 3.3.0
2025-08-18 12:11:03,637 [INFO] ThirdParty:1030 - CMSIS Pack Vendor :STMicroelectronics X-CUBE-AZRTOS-H7 3.4.0
2025-08-18 12:11:03,637 [INFO] ThirdParty:1030 - CMSIS Pack Vendor :STMicroelectronics X-CUBE-DISPLAY 3.0.0
2025-08-18 12:11:03,637 [INFO] ThirdParty:1030 - CMSIS Pack Vendor :STMicroelectronics X-CUBE-BLE1 7.0.0
2025-08-18 12:11:03,637 [INFO] ThirdParty:1030 - CMSIS Pack Vendor :STMicroelectronics X-CUBE-NFC10 1.0.0
2025-08-18 12:11:03,637 [INFO] ThirdParty:1030 - CMSIS Pack Vendor :STMicroelectronics X-CUBE-BLEMGR 4.0.0
2025-08-18 12:11:03,637 [INFO] ThirdParty:1030 - CMSIS Pack Vendor :STMicroelectronics X-CUBE-FREERTOS 1.3.1
2025-08-18 12:11:03,637 [INFO] ThirdParty:1030 - CMSIS Pack Vendor :STMicroelectronics HAL Drivers 0.0.0
2025-08-18 12:11:03,637 [INFO] ThirdParty:1030 - CMSIS Pack Vendor :emotas I-CUBE-CANOPEN 1.3.0
2025-08-18 12:11:03,637 [INFO] ThirdParty:1030 - CMSIS Pack Vendor :STMicroelectronics X-CUBE-FREERTOS 1.3.0
2025-08-18 12:11:03,638 [INFO] ThirdParty:1030 - CMSIS Pack Vendor :STMicroelectronics X-CUBE-NFC7 1.0.1
2025-08-18 12:11:03,638 [INFO] ThirdParty:1030 - CMSIS Pack Vendor :STMicroelectronics MBEDTLS 2.14.1
2025-08-18 12:11:03,638 [INFO] ThirdParty:1030 - CMSIS Pack Vendor :STMicroelectronics X-CUBE-NFC6 3.0.0
2025-08-18 12:11:03,638 [INFO] ThirdParty:1030 - CMSIS Pack Vendor :quantropi X-CUBE-qispace-sdk-base 2.0.0
2025-08-18 12:11:03,638 [INFO] ThirdParty:1030 - CMSIS Pack Vendor :STMicroelectronics X-CUBE-BLEMGR 3.1.0
2025-08-18 12:11:03,638 [INFO] ThirdParty:1030 - CMSIS Pack Vendor :STMicroelectronics X-CUBE-AI 10.0.0
2025-08-18 12:11:03,638 [INFO] ThirdParty:1030 - CMSIS Pack Vendor :STMicroelectronics FP-SNS-SMARTAG2 1.2.0
2025-08-18 12:11:03,638 [INFO] ThirdParty:1030 - CMSIS Pack Vendor :STMicroelectronics X-CUBE-MEMS1 11.1.0
2025-08-18 12:11:03,638 [INFO] ThirdParty:1030 - CMSIS Pack Vendor :STMicroelectronics X-CUBE-AZRTOS-WL 2.0.0
2025-08-18 12:11:03,638 [INFO] ThirdParty:1030 - CMSIS Pack Vendor :STMicroelectronics X-CUBE-DPower 1.3.0
2025-08-18 12:11:03,638 [INFO] ThirdParty:1030 - CMSIS Pack Vendor :STMicroelectronics FP-SNS-MOTENV1 5.0.0
2025-08-18 12:11:03,638 [INFO] ThirdParty:1030 - CMSIS Pack Vendor :STMicroelectronics USB_DEVICE 1.0.0
2025-08-18 12:11:03,638 [INFO] ThirdParty:1030 - CMSIS Pack Vendor :STMicroelectronics X-CUBE-AI 8.1.0
2025-08-18 12:11:03,638 [INFO] ThirdParty:1030 - CMSIS Pack Vendor :wolfSSL I-CUBE-wolfMQTT 1.19.0
2025-08-18 12:11:03,638 [INFO] ThirdParty:1030 - CMSIS Pack Vendor :STMicroelectronics X-CUBE-AZRTOS-L4 2.0.0
2025-08-18 12:11:03,638 [INFO] ThirdParty:1030 - CMSIS Pack Vendor :STMicroelectronics ThreadX 0.0.2
2025-08-18 12:11:03,638 [INFO] ThirdParty:1030 - CMSIS Pack Vendor :WES I-CUBE-Cesium 1.3.0
2025-08-18 12:11:03,638 [INFO] ThirdParty:1030 - CMSIS Pack Vendor :STMicroelectronics lwIP 2.1.2
2025-08-18 12:11:03,638 [INFO] ThirdParty:1030 - CMSIS Pack Vendor :STMicroelectronics X-CUBE-SFXS2LP1 4.0.0
2025-08-18 12:11:03,638 [INFO] ThirdParty:1030 - CMSIS Pack Vendor :STMicroelectronics X-CUBE-BLE2 3.3.0
2025-08-18 12:11:03,638 [INFO] ThirdParty:1030 - CMSIS Pack Vendor :STMicroelectronics PDM2PCM 3.2.0
2025-08-18 12:11:03,638 [INFO] ThirdParty:1030 - CMSIS Pack Vendor :STMicroelectronics X-CUBE-AZRTOS-H7 3.3.0
2025-08-18 12:11:03,638 [INFO] ThirdParty:1030 - CMSIS Pack Vendor :STMicroelectronics X-CUBE-NFC9 1.0.0
2025-08-18 12:11:03,639 [INFO] ThirdParty:1030 - CMSIS Pack Vendor :STMicroelectronics X-CUBE-BLE1 7.1.0
2025-08-18 12:11:03,639 [INFO] ThirdParty:1030 - CMSIS Pack Vendor :STMicroelectronics USB_DEVICE 3.0.0
2025-08-18 12:11:03,639 [INFO] ThirdParty:1030 - CMSIS Pack Vendor :STMicroelectronics X-CUBE-TCPP 4.1.0
2025-08-18 12:11:03,639 [INFO] ThirdParty:1030 - CMSIS Pack Vendor :STMicroelectronics X-CUBE-EEPRMA1 5.2.0
2025-08-18 12:11:03,639 [INFO] ThirdParty:1030 - CMSIS Pack Vendor :STMicroelectronics X-CUBE-IPS 3.0.0
2025-08-18 12:11:03,639 [INFO] ThirdParty:1030 - CMSIS Pack Vendor :STMicroelectronics X-CUBE-AZRTOS-WB 2.0.0
2025-08-18 12:11:03,639 [INFO] ThirdParty:1030 - CMSIS Pack Vendor :STMicroelectronics X-CUBE-GNSS1 7.0.0
2025-08-18 12:11:03,639 [INFO] ThirdParty:1030 - CMSIS Pack Vendor :STMicroelectronics X-CUBE-GNSS1 7.0.1
2025-08-18 12:11:03,639 [INFO] ThirdParty:1030 - CMSIS Pack Vendor :STMicroelectronics X-CUBE-TOUCHGFX 4.25.0
2025-08-18 12:11:03,639 [INFO] ThirdParty:1030 - CMSIS Pack Vendor :STMicroelectronics X-CUBE-AI 10.1.0
2025-08-18 12:11:03,639 [INFO] ThirdParty:1030 - CMSIS Pack Vendor :STMicroelectronics FP-SNS-STBOX1 2.0.0
2025-08-18 12:11:03,639 [INFO] ThirdParty:1030 - CMSIS Pack Vendor :STMicroelectronics X-CUBE-ALGOBUILD 1.3.0
2025-08-18 12:11:03,639 [INFO] ThirdParty:1030 - CMSIS Pack Vendor :STMicroelectronics X-CUBE-MEMS1 11.2.0
2025-08-18 12:11:03,639 [INFO] ThirdParty:1030 - CMSIS Pack Vendor :STMicroelectronics X-CUBE-AZRTOS-G0 1.1.0
2025-08-18 12:11:03,639 [INFO] ThirdParty:1030 - CMSIS Pack Vendor :STMicroelectronics X-CUBE-SAFEA1 1.2.2
2025-08-18 12:11:03,639 [INFO] ThirdParty:1030 - CMSIS Pack Vendor :STMicroelectronics X-CUBE-NFC4 3.0.0
2025-08-18 12:11:03,639 [INFO] ThirdParty:1030 - CMSIS Pack Vendor :STMicroelectronics X-CUBE-SUBG2 5.0.0
2025-08-18 12:11:03,639 [INFO] ThirdParty:1030 - CMSIS Pack Vendor :STMicroelectronics X-CUBE-AZRTOS-H7RS 1.1.0
2025-08-18 12:11:03,639 [INFO] ThirdParty:1030 - CMSIS Pack Vendor :STMicroelectronics STM32_WPAN 1.0.0
2025-08-18 12:11:03,639 [INFO] ThirdParty:1030 - CMSIS Pack Vendor :EmbeddedOffice I-CUBE-FS-RTOS 1.0.1
2025-08-18 12:11:03,639 [INFO] ThirdParty:1030 - CMSIS Pack Vendor :STMicroelectronics lwIP 2.0.3
2025-08-18 12:11:03,639 [INFO] ThirdParty:1030 - CMSIS Pack Vendor :Cesanta I-CUBE-Mongoose 7.13.0
2025-08-18 12:11:03,639 [INFO] ThirdParty:1030 - CMSIS Pack Vendor :STMicroelectronics USB_HOST 1.0.0
2025-08-18 12:11:03,639 [INFO] ThirdParty:1030 - CMSIS Pack Vendor :STMicroelectronics X-CUBE-AZRTOS-G4 2.0.0
2025-08-18 12:11:03,639 [INFO] ThirdParty:1030 - CMSIS Pack Vendor :STMicroelectronics X-CUBE-WB05N 2.0.0
2025-08-18 12:11:03,639 [INFO] ThirdParty:1030 - CMSIS Pack Vendor :STMicroelectronics PDM2PCM 3.1.0
2025-08-18 12:11:03,639 [INFO] ThirdParty:1030 - CMSIS Pack Vendor :Infineon AIROC-Wi-Fi-Bluetooth-STM32 1.5.1
2025-08-18 12:11:03,640 [INFO] ThirdParty:1030 - CMSIS Pack Vendor :STMicroelectronics X-CUBE-NFC7 2.0.0
2025-08-18 12:11:03,640 [INFO] ThirdParty:1030 - CMSIS Pack Vendor :RealThread X-CUBE-RT-Thread_Nano 4.1.1
2025-08-18 12:11:03,640 [INFO] ThirdParty:1030 - CMSIS Pack Vendor :STMicroelectronics FP-SNS-MOTENVWB1 1.3.1
2025-08-18 12:11:03,640 [INFO] ThirdParty:1030 - CMSIS Pack Vendor :STMicroelectronics FP-ATR-SIGFOX1 3.2.0
2025-08-18 12:11:03,640 [INFO] ThirdParty:1030 - CMSIS Pack Vendor :STMicroelectronics X-CUBE-ISPU 2.0.0
2025-08-18 12:11:03,640 [INFO] ThirdParty:1030 - CMSIS Pack Vendor :STMicroelectronics X-CUBE-EEPRMA1 5.1.0
2025-08-18 12:11:03,640 [INFO] ThirdParty:1030 - CMSIS Pack Vendor :STMicroelectronics MBEDTLS 2.16.2
2025-08-18 12:11:03,640 [INFO] ThirdParty:1030 - CMSIS Pack Vendor :STMicroelectronics X-CUBE-ALS 1.0.2
2025-08-18 12:11:03,640 [INFO] ThirdParty:1030 - CMSIS Pack Vendor :STMicroelectronics X-CUBE-MEMS1 10.0.0
2025-08-18 12:11:03,640 [INFO] ThirdParty:1030 - CMSIS Pack Vendor :STMicroelectronics X-CUBE-FREERTOS 1.1.0
2025-08-18 12:11:03,640 [INFO] ThirdParty:1030 - CMSIS Pack Vendor :STMicroelectronics X-CUBE-TOUCHGFX 4.24.1
2025-08-18 12:11:03,640 [INFO] ThirdParty:1030 - CMSIS Pack Vendor :wolfSSL I-CUBE-wolfTPM 3.4.0
2025-08-18 12:11:03,640 [INFO] ThirdParty:1030 - CMSIS Pack Vendor :portGmbH I-Cube-SoM-uGOAL 1.1.0
2025-08-18 12:11:03,640 [INFO] ThirdParty:1030 - CMSIS Pack Vendor :STMicroelectronics X-CUBE-ALS 1.0.1
2025-08-18 12:11:03,640 [INFO] ThirdParty:1030 - CMSIS Pack Vendor :STMicroelectronics X-CUBE-AI 10.2.0
2025-08-18 12:11:03,640 [INFO] ThirdParty:1030 - CMSIS Pack Vendor :STMicroelectronics ThreadX 1.0.0
2025-08-18 12:11:03,640 [INFO] ThirdParty:1030 - CMSIS Pack Vendor :SEGGER I-CUBE-embOS 1.3.1
2025-08-18 12:11:03,640 [INFO] ThirdParty:1030 - CMSIS Pack Vendor :STMicroelectronics X-CUBE-ALGOBUILD 1.4.0
2025-08-18 12:11:03,640 [INFO] ThirdParty:1030 - CMSIS Pack Vendor :STMicroelectronics X-CUBE-MEMS1 11.3.0
2025-08-18 12:11:03,640 [INFO] ThirdParty:1030 - CMSIS Pack Vendor :STMicroelectronics X-CUBE-AZRTOS-H7RS 1.0.0
2025-08-18 12:11:03,640 [INFO] ThirdParty:1030 - CMSIS Pack Vendor :STMicroelectronics FP-ATR-ASTRA1 2.0.0
2025-08-18 12:11:03,640 [INFO] ThirdParty:1030 - CMSIS Pack Vendor :STMicroelectronics X-CUBE-TOF1 3.4.2
2025-08-18 12:11:03,640 [INFO] ThirdParty:1030 - CMSIS Pack Vendor :STMicroelectronics X-CUBE-AI 9.1.0
2025-08-18 12:11:03,640 [INFO] ThirdParty:1030 - CMSIS Pack Vendor :STMicroelectronics X-CUBE-TOF1 3.4.0
2025-08-18 12:11:03,640 [INFO] ThirdParty:1030 - CMSIS Pack Vendor :STMicroelectronics X-CUBE-AZRTOS-H7 3.2.0
2025-08-18 12:11:03,640 [INFO] ThirdParty:1030 - CMSIS Pack Vendor :wolfSSL I-CUBE-wolfSSH 1.4.17
2025-08-18 12:11:03,640 [INFO] ThirdParty:841 - exiting critical section [change project]
2025-08-18 12:11:03,971 [INFO] PinOutPanel:1499 - setPackage(No Configuration,No Configuration)
2025-08-18 12:11:03,972 [INFO] PinOutPanel:1499 - setPackage(STM32G474RETx,LQFP64)
2025-08-18 12:11:04,258 [INFO] UtilMem:75 - Before build in PCC Used Memory: 367941824 Bytes (1073741824)
2025-08-18 12:11:04,724 [INFO] UtilMem:75 - After build in PCC Used Memory: 468605120 Bytes (1073741824)
2025-08-18 12:11:04,752 [INFO] IPUIPlugin:80 - create IPUIPlugin
2025-08-18 12:11:04,752 [INFO] IPUIPlugin:80 - create IPUIPlugin
2025-08-18 12:11:04,752 [INFO] IPUIPlugin:80 - create IPUIPlugin
2025-08-18 12:11:04,752 [INFO] IPUIPlugin:80 - create IPUIPlugin
2025-08-18 12:11:04,752 [INFO] IPUIPlugin:80 - create IPUIPlugin
2025-08-18 12:11:04,752 [INFO] IPUIPlugin:80 - create IPUIPlugin
2025-08-18 12:11:04,752 [INFO] IPUIPlugin:80 - create IPUIPlugin
2025-08-18 12:11:04,752 [INFO] IPUIPlugin:80 - create IPUIPlugin
2025-08-18 12:11:04,752 [INFO] IPUIPlugin:80 - create IPUIPlugin
2025-08-18 12:11:04,752 [INFO] IPUIPlugin:80 - create IPUIPlugin
2025-08-18 12:11:04,752 [INFO] IPUIPlugin:80 - create IPUIPlugin
2025-08-18 12:11:04,752 [INFO] IPUIPlugin:80 - create IPUIPlugin
2025-08-18 12:11:04,752 [INFO] IPUIPlugin:80 - create IPUIPlugin
2025-08-18 12:11:04,753 [INFO] IPUIPlugin:80 - create IPUIPlugin
2025-08-18 12:11:04,753 [INFO] IPUIPlugin:80 - create IPUIPlugin
2025-08-18 12:11:04,753 [INFO] IPUIPlugin:80 - create IPUIPlugin
2025-08-18 12:11:04,753 [INFO] IPUIPlugin:80 - create IPUIPlugin
2025-08-18 12:11:04,753 [INFO] IPUIPlugin:80 - create IPUIPlugin
2025-08-18 12:11:04,753 [INFO] IPUIPlugin:80 - create IPUIPlugin
2025-08-18 12:11:04,753 [INFO] IPUIPlugin:80 - create IPUIPlugin
2025-08-18 12:11:04,753 [INFO] IPUIPlugin:80 - create IPUIPlugin
2025-08-18 12:11:04,753 [INFO] IPUIPlugin:80 - create IPUIPlugin
2025-08-18 12:11:04,753 [INFO] IPUIPlugin:80 - create IPUIPlugin
2025-08-18 12:11:04,753 [INFO] IPUIPlugin:80 - create IPUIPlugin
2025-08-18 12:11:04,753 [INFO] IPUIPlugin:80 - create IPUIPlugin
2025-08-18 12:11:04,753 [INFO] IPUIPlugin:80 - create IPUIPlugin
2025-08-18 12:11:04,754 [INFO] IPUIPlugin:80 - create IPUIPlugin
2025-08-18 12:11:04,754 [INFO] IPUIPlugin:80 - create IPUIPlugin
2025-08-18 12:11:04,754 [INFO] IPUIPlugin:80 - create IPUIPlugin
2025-08-18 12:11:04,754 [INFO] IPUIPlugin:80 - create IPUIPlugin
2025-08-18 12:11:04,754 [INFO] IPUIPlugin:80 - create IPUIPlugin
2025-08-18 12:11:04,754 [INFO] IPUIPlugin:80 - create IPUIPlugin
2025-08-18 12:11:04,754 [INFO] IPUIPlugin:80 - create IPUIPlugin
2025-08-18 12:11:04,754 [INFO] IPUIPlugin:80 - create IPUIPlugin
2025-08-18 12:11:04,754 [INFO] IPUIPlugin:80 - create IPUIPlugin
2025-08-18 12:11:04,754 [INFO] IPUIPlugin:80 - create IPUIPlugin
2025-08-18 12:11:04,754 [INFO] IPUIPlugin:80 - create IPUIPlugin
2025-08-18 12:11:04,754 [INFO] IPUIPlugin:80 - create IPUIPlugin
2025-08-18 12:11:04,755 [INFO] IPUIPlugin:80 - create IPUIPlugin
2025-08-18 12:11:04,755 [INFO] IPUIPlugin:80 - create IPUIPlugin
2025-08-18 12:11:04,755 [INFO] IPUIPlugin:80 - create IPUIPlugin
2025-08-18 12:11:04,755 [INFO] IPUIPlugin:80 - create IPUIPlugin
2025-08-18 12:11:04,755 [INFO] IPUIPlugin:80 - create IPUIPlugin
2025-08-18 12:11:04,755 [INFO] IPUIPlugin:80 - create IPUIPlugin
2025-08-18 12:11:04,756 [INFO] IPUIPlugin:80 - create IPUIPlugin
2025-08-18 12:11:04,756 [INFO] IPUIPlugin:80 - create IPUIPlugin
2025-08-18 12:11:04,756 [INFO] IPUIPlugin:80 - create IPUIPlugin
2025-08-18 12:11:04,756 [INFO] IPUIPlugin:80 - create IPUIPlugin
2025-08-18 12:11:04,756 [INFO] IPUIPlugin:80 - create IPUIPlugin
2025-08-18 12:11:04,757 [INFO] IPUIPlugin:80 - create IPUIPlugin
2025-08-18 12:11:04,757 [INFO] IPUIPlugin:80 - create IPUIPlugin
2025-08-18 12:11:04,757 [INFO] IPUIPlugin:80 - create IPUIPlugin
2025-08-18 12:11:04,757 [INFO] IPUIPlugin:80 - create IPUIPlugin
2025-08-18 12:11:04,758 [INFO] IPUIPlugin:80 - create IPUIPlugin
2025-08-18 12:11:04,758 [INFO] IPUIPlugin:80 - create IPUIPlugin
2025-08-18 12:11:04,758 [INFO] IPUIPlugin:80 - create IPUIPlugin
2025-08-18 12:11:04,758 [INFO] IPUIPlugin:80 - create IPUIPlugin
2025-08-18 12:11:04,758 [INFO] IPUIPlugin:80 - create IPUIPlugin
2025-08-18 12:11:04,760 [INFO] IPUIPlugin:80 - create IPUIPlugin
2025-08-18 12:11:04,760 [INFO] IPUIPlugin:80 - create IPUIPlugin
2025-08-18 12:11:04,760 [INFO] IPUIPlugin:80 - create IPUIPlugin
2025-08-18 12:11:04,761 [INFO] IPUIPlugin:80 - create IPUIPlugin
2025-08-18 12:11:04,761 [INFO] IPUIPlugin:80 - create IPUIPlugin
2025-08-18 12:11:04,761 [INFO] IPUIPlugin:80 - create IPUIPlugin
2025-08-18 12:11:04,761 [INFO] IPUIPlugin:80 - create IPUIPlugin
2025-08-18 12:11:04,761 [INFO] IPUIPlugin:80 - create IPUIPlugin
2025-08-18 12:11:04,761 [INFO] IPUIPlugin:80 - create IPUIPlugin
2025-08-18 12:11:04,762 [INFO] IPUIPlugin:80 - create IPUIPlugin
2025-08-18 12:11:04,762 [INFO] IPUIPlugin:80 - create IPUIPlugin
2025-08-18 12:11:04,762 [INFO] IPUIPlugin:80 - create IPUIPlugin
2025-08-18 12:11:04,762 [INFO] IPUIPlugin:80 - create IPUIPlugin
2025-08-18 12:11:04,763 [INFO] IPUIPlugin:80 - create IPUIPlugin
2025-08-18 12:11:04,763 [INFO] IPUIPlugin:80 - create IPUIPlugin
2025-08-18 12:11:04,763 [INFO] IPUIPlugin:80 - create IPUIPlugin
2025-08-18 12:11:04,764 [INFO] IPUIPlugin:80 - create IPUIPlugin
2025-08-18 12:11:04,765 [INFO] IPUIPlugin:80 - create IPUIPlugin
2025-08-18 12:11:04,765 [INFO] IPUIPlugin:80 - create IPUIPlugin
2025-08-18 12:11:04,843 [INFO] CADModel:165 - CPN selected for project levelSTM32G474RET6
2025-08-18 12:11:04,843 [INFO] CADModel:114 - Register for checkConnection events
2025-08-18 12:11:04,890 [INFO] OpenFileManager:343 - Restore cursor
2025-08-18 12:11:34,392 [INFO] ADCParametersView:116 -                Rank 1 : false
2025-08-18 12:11:34,428 [INFO] ADCParametersView:116 -                Rank 1 : false
2025-08-18 12:11:34,428 [INFO] ADCParametersView:116 -                Rank 1 : false
2025-08-18 12:11:34,428 [INFO] ADCParametersView:116 -                Rank 1 : false
2025-08-18 12:11:34,428 [INFO] ADCParametersView:116 -                Rank 1 : false
2025-08-18 12:11:34,428 [INFO] ADCParametersView:116 -                Rank 1 : false
2025-08-18 12:11:34,428 [INFO] ADCParametersView:116 -                Rank 1 : false
2025-08-18 12:11:34,428 [INFO] ADCParametersView:116 -                Rank 1 : false
2025-08-18 12:11:34,428 [INFO] ADCParametersView:116 -                Rank 1 : false
2025-08-18 12:11:34,428 [INFO] ADCParametersView:116 -                Rank 1 : false
2025-08-18 12:11:34,428 [INFO] ADCParametersView:116 -                Rank 1 : false
2025-08-18 12:11:34,428 [INFO] ADCParametersView:116 -                Rank 1 : false
2025-08-18 12:11:34,428 [INFO] ADCParametersView:116 -                Rank 1 : false
2025-08-18 12:11:34,428 [INFO] ADCParametersView:116 -                Rank 1 : false
2025-08-18 12:11:34,431 [INFO] ADCParametersView:116 -                Rank 1 : false
2025-08-18 12:11:34,431 [INFO] ADCParametersView:116 -                Rank 1 : false
2025-08-18 12:11:34,431 [INFO] ADCParametersView:116 -                Rank 1 : false
2025-08-18 12:11:34,431 [INFO] ADCParametersView:116 -                Rank 1 : false
2025-08-18 12:11:34,431 [INFO] ADCParametersView:116 -                Rank 1 : false
2025-08-18 12:11:34,431 [INFO] ADCParametersView:116 -                Rank 1 : false
2025-08-18 12:11:34,431 [INFO] ADCParametersView:116 -                Rank 1 : false
2025-08-18 12:11:34,431 [INFO] ADCParametersView:116 -                Rank 1 : false
2025-08-18 12:11:34,439 [INFO] ADCParametersView:116 -                Rank 1 : false
2025-08-18 13:41:16,621 [INFO] ADCParametersView:116 -                Rank 1 : false
2025-08-18 13:41:16,621 [INFO] ADCParametersView:116 -                Rank 1 : false
2025-08-18 13:41:16,621 [INFO] ADCParametersView:116 -                Rank 1 : false
2025-08-18 13:41:16,621 [INFO] ADCParametersView:116 -                Rank 1 : false
2025-08-18 13:41:16,621 [INFO] ADCParametersView:116 -                Rank 1 : false
2025-08-18 13:41:16,621 [INFO] ADCParametersView:116 -                Rank 1 : false
2025-08-18 13:41:16,621 [INFO] ADCParametersView:116 -                Rank 1 : false
2025-08-18 13:41:16,621 [INFO] ADCParametersView:116 -                Rank 1 : false
2025-08-18 13:41:16,621 [INFO] ADCParametersView:116 -                Rank 1 : false
2025-08-18 13:41:16,621 [INFO] ADCParametersView:116 -                Rank 1 : false
2025-08-18 13:41:16,621 [INFO] ADCParametersView:116 -                Rank 1 : false
2025-08-18 13:41:16,621 [INFO] ADCParametersView:116 -                Rank 1 : false
2025-08-18 13:41:16,621 [INFO] ADCParametersView:116 -                Rank 1 : false
2025-08-18 13:41:16,621 [INFO] ADCParametersView:116 -                Rank 1 : false
2025-08-18 13:41:16,621 [INFO] ADCParametersView:116 -                Rank 1 : false
2025-08-18 13:41:16,621 [INFO] ADCParametersView:116 -                Rank 1 : false
2025-08-18 13:41:16,621 [INFO] ADCParametersView:116 -                Rank 1 : false
2025-08-18 13:41:16,621 [INFO] ADCParametersView:116 -                Rank 1 : false
2025-08-18 13:41:16,621 [INFO] ADCParametersView:116 -                Rank 1 : false
2025-08-18 13:41:16,621 [INFO] ADCParametersView:116 -                Rank 1 : false
2025-08-18 13:41:16,621 [INFO] ADCParametersView:116 -                Rank 1 : false
2025-08-18 13:41:16,640 [INFO] ADCParametersView:116 -                Rank 1 : false
2025-08-18 13:41:16,672 [INFO] ADCParametersView:116 -                Rank 1 : false
2025-08-18 13:41:16,672 [INFO] ADCParametersView:116 -                Rank 1 : false
2025-08-18 13:41:16,672 [INFO] ADCParametersView:116 -                Rank 1 : false
2025-08-18 13:41:16,672 [INFO] ADCParametersView:116 -                Rank 1 : false
2025-08-18 13:41:16,672 [INFO] ADCParametersView:116 -                Rank 1 : false
2025-08-18 13:41:16,672 [INFO] ADCParametersView:116 -                Rank 1 : false
2025-08-18 13:41:16,672 [INFO] ADCParametersView:116 -                Rank 1 : false
2025-08-18 13:41:16,672 [INFO] ADCParametersView:116 -                Rank 1 : false
2025-08-18 13:41:16,672 [INFO] ADCParametersView:116 -                Rank 1 : false
2025-08-18 13:41:16,672 [INFO] ADCParametersView:116 -                Rank 1 : false
2025-08-18 13:41:16,672 [INFO] ADCParametersView:116 -                Rank 1 : false
2025-08-18 13:41:16,672 [INFO] ADCParametersView:116 -                Rank 1 : false
2025-08-18 13:41:16,672 [INFO] ADCParametersView:116 -                Rank 1 : false
2025-08-18 13:41:16,672 [INFO] ADCParametersView:116 -                Rank 1 : false
2025-08-18 13:41:16,672 [INFO] ADCParametersView:116 -                Rank 1 : false
2025-08-18 13:41:16,672 [INFO] ADCParametersView:116 -                Rank 1 : false
2025-08-18 13:41:16,672 [INFO] ADCParametersView:116 -                Rank 1 : false
2025-08-18 13:41:16,672 [INFO] ADCParametersView:116 -                Rank 1 : false
2025-08-18 13:41:16,672 [INFO] ADCParametersView:116 -                Rank 1 : false
2025-08-18 13:41:16,672 [INFO] ADCParametersView:116 -                Rank 1 : false
2025-08-18 13:41:16,672 [INFO] ADCParametersView:116 -                Rank 1 : false
2025-08-18 13:41:16,685 [INFO] ADCParametersView:116 -                Rank 1 : false
2025-08-18 20:20:11,359 [INFO] Activator:176 - 


2025-08-18 20:20:11,363 [INFO] Activator:177 - !SESSION log4j initialized
2025-08-18 20:20:17,473 [INFO] LogOutputStream:77 - [STDOUT_REDIRECT] 
